# Blender 3.6.0
# www.blender.org
mtllib Trash.mtl
o Trashnew
v -0.614980 1.009354 1.136220
v -0.619416 1.016487 1.136971
v -0.638918 1.023932 1.139808
v -0.594568 1.011745 1.143898
v -0.621581 1.037621 1.305714
v -0.619579 1.039008 1.138070
v -0.591029 0.978769 1.159892
v -0.595013 0.980004 1.127762
v 0.160152 0.189581 1.199941
v 0.163294 0.186570 1.212309
v 0.140423 0.156970 1.319858
v 0.152702 0.166873 1.372802
v 0.159707 0.149045 1.222567
v 0.150640 0.153575 1.212473
v 0.244638 1.123168 1.493874
v 0.277163 1.122821 1.529085
v 0.272390 1.124235 1.498851
v 0.276944 1.134074 1.547969
v 0.254420 1.121091 1.567121
v 0.236592 1.133601 1.497940
v 0.175388 0.198219 1.214789
v 0.215749 0.987918 1.076642
v 0.218149 0.927060 1.080741
v 0.235578 0.975452 1.226625
v 0.222034 0.990499 1.232842
v 0.236607 1.018676 1.227197
v 0.230469 1.012866 1.227088
v 0.233728 0.993822 1.226063
v 0.165068 0.025727 1.554865
v 0.148037 0.017320 1.553690
v 0.128098 0.151864 1.198341
v -0.607783 1.006240 1.463052
v -0.592000 0.977789 1.465004
v -0.597015 1.008583 1.464112
v -0.596239 0.997641 1.307096
v -0.617559 1.028843 1.302973
v -0.599305 1.024271 1.442717
v -0.599467 1.031174 1.305947
v -0.643105 1.025823 1.317744
v 0.054784 0.205451 0.979125
v 0.059497 0.139445 1.004048
v 0.137872 0.067808 0.981905
v 0.114445 0.129218 1.018851
v 0.245438 1.120514 1.081616
v 0.267119 1.132963 1.087766
v -0.610511 1.047041 1.431866
v -0.603028 1.019248 1.455081
v 0.263077 1.052994 1.587101
v 0.273789 1.074726 1.542802
v 0.223122 1.104188 1.581908
v 0.257991 1.027139 1.521155
v 0.127068 0.087272 1.015847
v 0.115735 0.079866 0.998487
v 0.131714 0.067306 1.025943
v 0.157128 0.150658 1.014328
v 0.247824 1.020959 1.073587
v 0.229736 1.027879 1.078824
v 0.219673 1.118906 1.078023
v -0.588612 1.035908 0.998665
v -0.633956 1.088790 1.014151
v -0.588402 1.058926 1.035379
v 0.237573 1.132119 1.244617
v 0.237154 1.121619 1.232541
v 0.226111 1.139736 1.267198
v 0.245492 1.126950 1.211931
v -0.612141 1.008574 1.460674
v -0.587251 0.972374 1.438919
v 0.226755 1.035408 1.249104
v 0.234435 1.039226 1.322445
v 0.250202 1.028562 1.345572
v 0.172913 0.177491 1.574057
v 0.126993 0.226122 1.579609
v 0.009590 0.146804 1.595490
v 0.165404 0.164806 1.580748
v 0.132835 0.236973 1.571362
v 0.050893 0.016076 1.597342
v 0.142986 0.110084 1.579731
v -0.013285 0.059555 1.546727
v 0.132810 0.101073 1.575558
v 0.270862 1.128545 1.048222
v 0.279152 1.142474 1.020618
v -0.580457 1.059524 1.570544
v -0.604820 1.031695 1.472788
v -0.608900 1.051395 1.485913
v -0.634672 1.026672 1.478831
v -0.567895 1.022575 1.580040
v -0.565443 1.057282 1.575549
v 0.228388 1.106282 1.363438
v 0.192587 1.120058 1.269147
v 0.237046 1.113862 1.366232
v -0.275333 0.008457 1.014344
v -0.220606 0.013702 1.014300
v -0.191549 0.272338 0.995650
v -0.082198 0.009274 1.010657
v 0.184257 0.032723 1.592334
v 0.168897 0.173294 1.564559
v 0.125638 0.166070 1.551339
v 0.212189 1.111529 1.240929
v 0.220329 1.106758 1.223925
v 0.227144 1.114842 1.398329
v 0.214474 1.114311 1.421802
v 0.238961 1.131141 1.409572
v 0.237551 1.119848 1.391678
v -0.622908 1.080425 1.603956
v -0.532671 1.014609 1.608443
v -0.656105 1.058685 1.102641
v -0.661362 1.055926 1.098763
v 0.028454 0.052353 1.030107
v 0.027754 0.037168 1.028880
v 0.137656 0.194016 1.102497
v 0.111422 0.175973 1.087690
v 0.105722 0.184172 1.078585
v 0.114981 0.140908 1.123810
v 0.048260 0.113422 1.023591
v 0.126425 0.163012 1.141883
v 0.148780 0.193650 1.116906
v 0.133762 0.015510 1.600350
v 0.094967 0.006076 1.602671
v -0.521448 1.134823 1.016179
v -0.461089 1.141154 1.013650
v -0.473018 1.132066 1.008166
v -0.474431 1.133088 1.003880
v 0.113325 0.285591 1.513257
v 0.080131 0.319484 1.555933
v 0.083321 0.331549 1.548367
v 0.122831 0.303332 1.509888
v -0.482515 1.100613 1.595839
v -0.479714 1.105710 1.587805
v -0.504285 1.103245 1.583638
v -0.600329 1.084949 1.557291
v 0.232986 0.989055 1.501658
v 0.233869 1.017198 1.499930
v 0.220074 0.990841 1.498683
v 0.181511 1.028653 1.008857
v 0.262429 1.035378 1.237094
v 0.272745 1.125014 1.263376
v 0.269795 1.078649 1.267941
v 0.227806 1.096414 1.269638
v 0.267828 1.127195 1.222798
v 0.259215 1.160086 1.569026
v 0.217107 1.111046 1.488953
v 0.266742 1.121288 1.364062
v -0.581618 1.128327 1.543574
v -0.595223 1.137879 1.550135
v -0.597571 1.137119 1.549083
v 0.118080 0.201937 1.502386
v 0.117185 0.163905 1.525576
v 0.096738 0.204447 1.531702
v 0.104815 0.201485 1.517730
v -0.606350 1.015762 1.298288
v -0.633011 1.020447 1.296674
v 0.057528 0.014875 0.974329
v 0.133778 0.026560 0.972931
v -0.604353 1.141749 1.142234
v -0.601382 1.141409 1.086994
v -0.600137 1.141929 1.100468
v -0.577885 1.144150 1.047797
v -0.636813 1.019822 1.446395
v 0.189624 0.034264 0.986518
v 0.174604 0.019620 1.010832
v 0.185778 0.029821 1.005851
v 0.135755 0.347376 1.047250
v 0.115762 0.324760 1.040208
v 0.228437 1.134628 1.058628
v 0.106348 0.324357 1.015479
v 0.269894 1.122230 1.318832
v 0.218755 1.100636 1.306958
v 0.228759 1.102364 1.317257
v 0.222950 1.111491 1.288123
v 0.274664 1.077827 1.322909
v 0.247698 1.088831 1.044813
v 0.211803 1.106815 1.000207
v 0.210219 1.094438 0.996316
v 0.260392 1.166011 1.021206
v 0.243105 1.085577 1.031165
v 0.268967 1.078655 1.040303
v 0.043125 0.086972 1.486204
v 0.160827 0.199263 1.120073
v 0.175649 0.207961 0.970881
v 0.127198 0.128205 0.995606
v 0.254591 1.081758 0.991204
v 0.267172 1.048979 0.995640
v -0.585270 1.107393 1.041517
v 0.106906 0.179665 1.049194
v 0.088707 0.227432 1.035708
v 0.100468 0.211864 1.013867
v 0.126207 0.240241 1.065392
v 0.120585 0.160914 1.024797
v -0.464231 1.123971 1.008826
v -0.451214 1.109431 0.990749
v -0.466152 1.110249 1.000651
v 0.001231 0.060128 1.493626
v -0.224826 0.007242 1.564269
v 0.216795 0.911001 1.233397
v 0.077882 0.106739 1.438745
v 0.050604 0.090041 1.427824
v 0.145794 0.179297 1.432780
v -0.024942 0.426285 1.575002
v 0.173951 0.016373 1.557067
v -0.549915 0.006817 1.074887
v -0.246635 0.006817 1.567911
v -0.080813 0.006817 1.004687
v -0.624722 1.015065 1.140876
v -0.618675 1.006905 1.141512
v -0.592417 1.024706 1.161730
v -0.626067 1.005583 1.136071
v -0.627157 1.030697 1.142612
v -0.632023 1.028035 1.143453
v -0.630875 1.013367 1.138285
v -0.626096 1.019707 1.132767
v -0.623348 1.034506 1.140661
v -0.649939 1.028483 1.160774
v -0.658423 1.030992 1.159612
v -0.654457 1.026400 1.132281
v -0.636315 1.026248 1.142857
v -0.643396 1.032341 1.161028
v -0.591375 1.000158 1.183410
v -0.590914 1.016603 1.189052
v -0.626613 1.046636 1.277291
v -0.618461 1.053682 1.276429
v -0.615642 1.047567 1.305201
v -0.626770 1.025941 1.306462
v -0.617458 1.017316 1.306011
v -0.629644 1.042891 1.335064
v -0.636540 1.034517 1.328968
v -0.622154 1.050204 1.337500
v -0.632444 1.040689 1.277465
v -0.609944 1.047120 1.135547
v -0.610516 1.058846 1.156744
v -0.619883 1.053792 1.158671
v -0.626045 1.048507 1.159614
v -0.639178 1.034943 1.107258
v -0.625115 1.046219 1.108436
v -0.612122 1.054805 1.110830
v -0.592946 1.008436 1.116528
v -0.591481 0.942909 1.137001
v -0.590529 0.942947 1.177537
v -0.590940 1.008555 1.085975
v -0.591178 0.979985 1.094147
v 0.152197 0.194928 1.174976
v 0.166082 0.203922 1.168784
v 0.171085 0.201787 1.194810
v 0.172221 0.176570 1.209093
v 0.164510 0.163775 1.210049
v 0.147619 0.186501 1.220721
v 0.147364 0.183424 1.202458
v 0.141290 0.187039 1.179218
v 0.162617 0.164030 1.209725
v 0.155436 0.151293 1.325609
v 0.149466 0.153269 1.287643
v 0.134545 0.163002 1.289830
v 0.135686 0.179749 1.291318
v 0.136296 0.172828 1.328886
v 0.155707 0.155589 1.348815
v 0.157465 0.141268 1.354363
v 0.167862 0.145342 1.352664
v 0.168374 0.164157 1.364905
v 0.130559 0.152366 1.377013
v 0.140141 0.136943 1.355307
v 0.176249 0.192114 1.368978
v 0.169943 0.198831 1.386558
v 0.143707 0.183164 1.402852
v 0.125817 0.160776 1.405812
v 0.156862 0.141879 1.223937
v 0.147283 0.152514 1.227585
v 0.162330 0.149562 1.251559
v 0.160244 0.139911 1.249254
v 0.133910 0.165158 1.208946
v 0.132652 0.163664 1.228858
v 0.127880 0.167056 1.184007
v 0.140774 0.138866 1.222357
v 0.233289 1.112952 1.498445
v 0.230672 1.120575 1.503250
v 0.247707 1.106808 1.498777
v 0.235309 1.101711 1.499824
v 0.241616 1.139788 1.474697
v 0.245292 1.131860 1.473712
v 0.254374 1.122772 1.493967
v 0.258235 1.108856 1.497975
v 0.251414 1.128530 1.474073
v 0.277973 1.106321 1.524539
v 0.277318 1.108655 1.506719
v 0.271887 1.115297 1.543005
v 0.273059 1.103014 1.539343
v 0.274803 1.127946 1.556606
v 0.275475 1.138817 1.502850
v 0.276143 1.139320 1.527913
v 0.275881 1.144303 1.551830
v 0.262921 1.122343 1.495857
v 0.259548 1.129581 1.475793
v 0.265969 1.134079 1.475287
v 0.268136 1.109679 1.499011
v 0.271068 1.143398 1.476143
v 0.276967 1.138233 1.568261
v 0.265216 1.122313 1.562359
v 0.264409 1.131149 1.573486
v 0.250359 1.127101 1.573845
v 0.248690 1.114997 1.563947
v 0.260820 1.113070 1.553413
v 0.240746 1.121452 1.573060
v 0.223793 1.131379 1.528894
v 0.233372 1.142531 1.528043
v 0.242648 1.151746 1.503371
v 0.244370 1.152021 1.476782
v 0.177658 0.210011 1.250813
v 0.161592 0.202035 1.251753
v 0.187708 0.217523 1.215007
v 0.190643 0.222281 1.249828
v 0.183935 0.216174 1.189937
v 0.219794 0.963943 1.081950
v 0.212847 0.967189 1.073390
v 0.211498 0.997309 1.106196
v 0.211564 0.970896 1.107713
v 0.197425 0.976672 1.051183
v 0.198954 0.999448 1.050425
v 0.211756 0.935177 1.112270
v 0.211160 0.899452 1.114300
v 0.212575 0.897351 1.083308
v 0.204878 0.900274 1.069218
v 0.206241 0.939337 1.069875
v 0.214761 0.992303 1.242522
v 0.218051 0.971078 1.233871
v 0.224149 0.956610 1.230492
v 0.222830 0.973561 1.225426
v 0.224169 1.001384 1.232329
v 0.218697 0.993794 1.223116
v 0.216363 1.016238 1.074019
v 0.212303 1.023878 1.104012
v 0.208058 1.018034 1.042709
v 0.214392 1.009602 1.243992
v 0.244121 1.013099 1.226485
v 0.238986 1.006756 1.226062
v 0.240565 1.031450 1.226226
v 0.249912 1.025787 1.226501
v 0.230710 1.036372 1.226271
v 0.240071 1.008740 1.229992
v 0.245885 1.019662 1.231900
v 0.248644 1.028816 1.235373
v 0.216322 1.017257 1.221902
v 0.241244 1.000718 1.228789
v 0.246910 1.009890 1.228642
v 0.216329 1.040193 1.222597
v 0.218227 1.023857 1.243057
v 0.148811 0.033373 1.553334
v 0.168747 0.055495 1.553213
v 0.180697 0.049486 1.556428
v 0.134925 0.017664 1.553771
v 0.189307 0.045123 1.562889
v 0.178743 0.018506 1.562208
v 0.168522 0.014116 1.553558
v 0.146862 0.008812 1.553995
v 0.131615 0.005403 1.554678
v -0.652555 1.027846 1.104762
v 0.121671 0.132716 1.217797
v 0.111354 0.140407 1.188806
v -0.617013 1.019694 1.469115
v -0.625426 1.013033 1.466501
v -0.618739 0.999336 1.464736
v -0.586483 0.943338 1.472494
v -0.582386 0.946699 1.521009
v -0.585138 0.981563 1.515781
v -0.587748 0.938676 1.427514
v -0.596763 0.993031 1.451718
v -0.588244 0.997688 1.418715
v -0.587528 1.010079 1.505396
v -0.589532 1.024132 1.491879
v -0.606531 1.018443 1.460302
v -0.611254 1.017035 1.453662
v -0.590132 1.002111 1.283682
v -0.589287 0.976518 1.284601
v -0.590458 0.974082 1.310265
v -0.588417 0.973405 1.363381
v -0.589414 0.999479 1.350766
v -0.604953 1.012487 1.310374
v -0.602101 1.022792 1.310827
v -0.595827 1.044371 1.433857
v -0.589293 1.034290 1.403220
v -0.588941 1.018828 1.407799
v -0.615739 1.037713 1.435772
v -0.621627 1.032520 1.436438
v -0.590232 1.030989 1.351351
v -0.590896 1.042390 1.348436
v -0.595637 1.042285 1.306178
v -0.591742 1.042599 1.274693
v -0.591649 1.032712 1.275500
v -0.589969 1.018681 1.353378
v -0.591319 1.019327 1.279257
v -0.655170 1.026892 1.323236
v -0.656496 1.027720 1.279576
v -0.648202 1.026570 1.278506
v -0.641367 1.032209 1.277301
v 0.072592 0.206757 0.981134
v 0.070620 0.187409 0.985303
v 0.047924 0.193169 0.981703
v 0.031254 0.203293 0.975734
v 0.046271 0.218062 0.974599
v 0.069022 0.227732 0.974590
v 0.034716 0.143107 0.994365
v 0.037563 0.161223 0.989272
v 0.062859 0.155620 0.991712
v 0.087826 0.151404 0.989761
v 0.085709 0.139693 0.999781
v 0.046557 0.119209 1.010599
v 0.033130 0.122873 0.998089
v 0.086396 0.133839 1.010654
v 0.066158 0.133986 1.017241
v 0.145435 0.078960 0.984877
v 0.161955 0.072054 0.976400
v 0.147073 0.059437 0.976369
v 0.106951 0.056815 0.980007
v 0.109473 0.067024 0.989750
v 0.107890 0.146482 1.029730
v 0.092810 0.137947 1.033588
v 0.089363 0.134474 1.020325
v 0.105762 0.127815 1.010403
v 0.122803 0.110743 1.015719
v 0.138794 0.111977 1.016320
v 0.259467 1.120574 1.085364
v 0.257330 1.131739 1.092165
v 0.248363 1.131702 1.095593
v 0.246737 1.106273 1.080353
v 0.260163 1.108530 1.083909
v 0.242016 1.135611 1.097009
v 0.238435 1.129402 1.080635
v 0.224353 1.111222 1.081782
v 0.227385 1.101917 1.083009
v 0.271305 1.121716 1.083304
v 0.271905 1.131016 1.064926
v 0.271685 1.137666 1.062049
v 0.270645 1.141981 1.084232
v 0.272446 1.121867 1.065621
v 0.266153 1.145289 1.110007
v 0.262654 1.137817 1.113459
v 0.256217 1.133473 1.116455
v -0.623585 1.045835 1.419089
v -0.614117 1.053162 1.422544
v -0.600697 1.057703 1.425318
v -0.593297 1.053045 1.380477
v -0.590042 1.045419 1.396291
v -0.602215 1.058576 1.388612
v -0.627640 1.025162 1.439225
v 0.265959 1.047057 1.578947
v 0.276072 1.051766 1.579812
v 0.267517 1.058473 1.590390
v 0.253227 1.062419 1.595772
v 0.251505 1.053580 1.590056
v 0.250918 1.046174 1.580366
v 0.276643 1.071115 1.559937
v 0.280509 1.057229 1.559985
v 0.280521 1.056269 1.539879
v 0.272203 1.090475 1.537523
v 0.256425 1.091027 1.547396
v 0.258019 1.080339 1.553015
v 0.279470 1.074484 1.522780
v 0.278430 1.091986 1.522275
v 0.280479 1.055495 1.521920
v 0.264065 1.076288 1.565055
v 0.276840 1.071288 1.575401
v 0.268487 1.075102 1.581946
v 0.271161 1.066016 1.593916
v 0.279209 1.061689 1.578413
v 0.225014 1.092938 1.581169
v 0.241054 1.086413 1.565740
v 0.238425 1.096647 1.560580
v 0.233131 1.114004 1.574507
v 0.224371 1.123109 1.578529
v 0.210845 1.116726 1.582085
v 0.242150 1.107063 1.560353
v 0.181730 1.113121 1.585624
v 0.184501 1.104014 1.588152
v 0.188415 1.094361 1.590281
v 0.243910 1.028063 1.528581
v 0.236307 1.010678 1.513633
v 0.245838 1.006133 1.509071
v 0.263211 1.034858 1.542834
v 0.247878 1.034520 1.547292
v 0.274365 1.036852 1.522130
v 0.276658 1.040164 1.539774
v 0.264274 1.020117 1.506022
v 0.275123 1.034770 1.507767
v 0.249699 1.004402 1.500684
v 0.120112 0.093592 1.010386
v 0.102164 0.078455 1.014520
v 0.097802 0.069887 1.020755
v 0.156623 0.098575 1.016410
v 0.168602 0.091943 1.023457
v 0.092005 0.056006 1.027950
v 0.117145 0.115795 1.004874
v 0.075413 0.070185 0.990837
v 0.077689 0.079453 0.999637
v 0.106702 0.083019 1.008544
v 0.123238 0.099859 1.001733
v 0.135230 0.099728 0.995336
v 0.075691 0.081633 1.007952
v 0.154677 0.095468 0.986388
v 0.116293 0.043129 1.028627
v 0.137867 0.042682 1.028491
v 0.155641 0.063688 1.028414
v 0.084604 0.040755 1.029118
v 0.144535 0.172099 1.016219
v 0.141192 0.139254 1.015916
v 0.175758 0.149619 1.012607
v 0.165072 0.182151 1.010524
v 0.163067 0.125053 1.014923
v 0.258353 1.029097 1.071231
v 0.261712 1.025550 1.078956
v 0.255656 1.017637 1.079177
v 0.251421 1.018827 1.080953
v 0.244501 1.028265 1.062205
v 0.256586 1.033656 1.058353
v 0.245913 1.028307 1.081470
v 0.255385 1.026747 1.082889
v 0.232672 1.055610 1.084418
v 0.220502 1.064547 1.107946
v 0.212468 1.041552 1.105560
v 0.247508 1.048705 1.083886
v 0.210057 1.117256 1.111123
v 0.218445 1.112895 1.110670
v 0.207876 1.123764 1.074839
v 0.197935 1.121047 1.110860
v 0.212855 1.128616 1.052542
v -0.605871 1.042179 1.001321
v -0.613585 1.041999 0.989333
v -0.586636 1.054839 0.988072
v -0.578535 1.041430 1.010399
v -0.590493 1.052367 1.011017
v -0.572988 1.018374 0.996077
v -0.575104 1.024350 1.014228
v -0.641004 1.081179 1.005970
v -0.642414 1.079147 1.041947
v -0.632502 1.089446 1.042791
v -0.613749 1.090457 1.042487
v -0.617113 1.090735 1.011134
v -0.618607 1.089068 0.993880
v -0.604714 1.050372 1.023544
v -0.571328 1.055031 1.032910
v -0.589844 1.052650 1.054050
v -0.602082 1.055372 1.051166
v 0.234971 1.127308 1.252802
v 0.236397 1.140990 1.249867
v 0.237565 1.141899 1.235048
v 0.237474 1.130883 1.232067
v 0.229926 1.112607 1.242372
v 0.224855 1.121697 1.259693
v 0.239118 1.112920 1.226023
v 0.231748 1.107726 1.230114
v 0.249768 1.118984 1.218974
v 0.238722 1.133600 1.215200
v 0.215386 1.133596 1.275479
v 0.233376 1.150630 1.278802
v 0.237277 1.151379 1.255947
v 0.246904 1.132535 1.185310
v 0.254571 1.131534 1.181378
v 0.255017 1.130488 1.207272
v 0.241091 1.137725 1.190517
v 0.258123 1.124017 1.220641
v -0.623699 1.012269 1.455053
v 0.254058 1.038938 1.247531
v 0.239098 1.037230 1.246444
v 0.245907 1.042036 1.270328
v 0.229607 1.041709 1.269846
v 0.214893 1.032400 1.268057
v 0.225479 1.035691 1.332303
v 0.217224 1.038409 1.302801
v 0.232671 1.041034 1.299754
v 0.253602 1.038522 1.321522
v 0.254068 1.035056 1.335229
v 0.274216 1.042407 1.351151
v 0.255729 1.045356 1.357830
v 0.250559 1.026327 1.357247
v 0.217048 1.027576 1.335786
v 0.272919 1.040725 1.335384
v 0.190518 0.157800 1.586899
v 0.193442 0.173318 1.587237
v 0.144002 0.186840 1.565055
v 0.143513 0.186952 1.577383
v 0.179035 0.186942 1.571519
v 0.181192 0.180932 1.562997
v 0.190259 0.187126 1.584718
v 0.124689 0.223659 1.571939
v 0.131533 0.237389 1.585410
v 0.116050 0.234725 1.590834
v 0.121869 0.216543 1.581815
v 0.124724 0.210765 1.569614
v 0.003932 0.146262 1.603021
v 0.009266 0.124187 1.602135
v 0.015303 0.130848 1.592756
v 0.028957 0.152222 1.591025
v 0.013188 0.164816 1.596493
v 0.005502 0.168948 1.603566
v 0.146495 0.158390 1.584979
v 0.171991 0.144681 1.583730
v 0.134888 0.180476 1.586414
v 0.122961 0.172475 1.592312
v 0.137098 0.250350 1.561532
v 0.151673 0.245777 1.563114
v 0.148292 0.237678 1.572099
v 0.146241 0.240858 1.584109
v 0.117290 0.235869 1.563191
v 0.122419 0.251316 1.558100
v 0.113710 0.219586 1.563285
v 0.093398 0.001875 1.606899
v 0.058264 0.033288 1.600540
v 0.025650 0.049721 1.600697
v 0.022379 0.043102 1.601186
v 0.039229 0.019626 1.592817
v 0.121795 0.099335 1.579178
v 0.124130 0.075190 1.586882
v 0.147725 0.055179 1.599400
v 0.157629 0.075563 1.593202
v 0.129160 0.124220 1.582670
v 0.111364 0.108696 1.583343
v 0.171377 0.092850 1.590342
v 0.169601 0.122700 1.585190
v 0.151859 0.136598 1.583170
v 0.085243 0.086098 1.557990
v 0.116642 0.113746 1.560344
v 0.134689 0.132884 1.553453
v 0.147229 0.123562 1.556446
v 0.156577 0.113064 1.558156
v 0.009666 0.049814 1.554058
v -0.002073 0.048930 1.567579
v -0.030010 0.071246 1.575529
v 0.025191 0.073171 1.532407
v 0.036831 0.064874 1.544300
v -0.018835 0.057020 1.535072
v 0.017366 0.073144 1.518937
v 0.164385 0.103351 1.557598
v 0.131734 0.076320 1.561211
v 0.265593 1.119677 1.043272
v 0.257319 1.125844 1.025776
v 0.272967 1.132129 1.037557
v 0.272187 1.132556 1.014563
v 0.262929 1.144163 1.010983
v 0.275347 1.151952 1.016609
v 0.274616 1.155021 1.039991
v 0.277059 1.144568 1.039935
v -0.582388 1.047442 1.588385
v -0.595648 1.053120 1.578987
v -0.607249 1.052247 1.556628
v -0.590190 1.058972 1.553793
v -0.571301 1.053754 1.555241
v -0.622337 1.039317 1.484697
v -0.585582 1.044881 1.521963
v -0.600896 1.054579 1.522894
v -0.616822 1.046063 1.520658
v -0.630627 1.035284 1.520562
v -0.641548 1.026878 1.521298
v -0.647023 1.022815 1.480457
v -0.649622 1.021812 1.448097
v -0.574298 1.019393 1.594367
v -0.582808 1.031687 1.597155
v -0.567800 1.036559 1.581339
v -0.578528 1.031395 1.537568
v -0.568361 1.010582 1.553071
v -0.567733 1.004697 1.586875
v 0.230287 1.094996 1.362620
v 0.243954 1.099727 1.361355
v 0.211943 1.118092 1.354003
v 0.213939 1.118803 1.382370
v 0.215587 1.134092 1.311248
v 0.205239 1.125600 1.312972
v 0.235689 1.133689 1.369330
v 0.233728 1.136756 1.345931
v 0.225093 1.142303 1.310439
v 0.229022 1.113355 1.387327
v 0.223436 1.105237 1.383239
v 0.224210 1.090951 1.379995
v 0.187838 1.119024 1.233301
v 0.164545 1.117195 1.233917
v 0.167265 1.117229 1.274573
v 0.193119 1.119542 1.313990
v 0.206117 1.126794 1.275546
v 0.172029 1.116718 1.316962
v 0.214729 1.116418 1.259339
v 0.205711 1.113989 1.250964
v 0.200770 1.118075 1.228709
v 0.259657 1.102606 1.361162
v 0.249733 1.116424 1.369628
v -0.277274 0.030306 1.016396
v -0.246789 0.031336 1.016488
v -0.242544 0.013532 1.013492
v -0.265092 0.006817 1.008122
v -0.280553 0.006817 1.005506
v -0.283702 0.006817 1.007836
v -0.222839 0.006817 1.007110
v -0.308167 0.006817 1.009665
v -0.311203 0.028863 1.016230
v -0.305100 0.006817 1.005844
v -0.220055 0.030957 1.016802
v -0.195103 0.032200 1.016211
v -0.201541 0.015872 1.014452
v -0.204087 0.212515 0.996961
v -0.239677 0.218552 0.995548
v -0.239372 0.271027 0.992901
v -0.244393 0.322259 0.994259
v -0.204208 0.329462 0.997285
v -0.155232 0.344503 1.001441
v -0.139893 0.306607 1.001737
v -0.117911 0.281014 0.999236
v -0.150645 0.243415 0.996529
v -0.168017 0.198967 0.998724
v -0.084874 0.022510 1.012855
v -0.070368 0.023848 1.018621
v -0.070724 0.014387 1.018620
v -0.073800 0.006817 1.010953
v -0.076955 0.006817 1.003982
v -0.070882 0.010206 1.018620
v 0.187509 0.024250 1.585409
v 0.193876 0.046242 1.586390
v 0.187977 0.052018 1.593608
v 0.173876 0.062230 1.599405
v 0.165512 0.044162 1.598930
v 0.189622 0.174456 1.557791
v 0.181126 0.161409 1.559648
v 0.157754 0.164394 1.560932
v 0.136563 0.178165 1.558146
v 0.171360 0.151980 1.560446
v 0.120572 0.141328 1.546607
v 0.112304 0.143859 1.535539
v 0.116562 0.165295 1.537434
v 0.106345 0.177501 1.539649
v 0.113581 0.182755 1.552633
v 0.147120 0.153808 1.557485
v 0.123386 0.190769 1.558759
v 0.220663 1.109738 1.243677
v 0.211136 1.112559 1.225320
v 0.233320 1.101135 1.226927
v 0.221425 1.099266 1.221348
v 0.216975 1.109563 1.192149
v 0.208498 1.114506 1.193697
v 0.218654 1.100903 1.191366
v 0.234521 1.132743 1.388880
v 0.227106 1.121937 1.393043
v 0.220514 1.109038 1.436310
v 0.245812 1.128042 1.413333
v 0.198140 1.118564 1.390216
v 0.197173 1.118251 1.433878
v 0.240415 1.143116 1.412536
v 0.239665 1.143510 1.389013
v 0.249700 1.129342 1.444407
v 0.243453 1.134061 1.444115
v 0.241638 1.143163 1.444688
v 0.224221 1.107856 1.402894
v -0.599089 1.082430 1.603639
v -0.601631 1.082293 1.585515
v -0.624605 1.082161 1.584414
v -0.633913 1.073477 1.585699
v -0.624662 1.072466 1.606436
v -0.596862 1.074335 1.612183
v -0.522564 0.979997 1.600410
v -0.483972 0.986062 1.602368
v -0.483495 1.012231 1.609131
v -0.480399 1.028195 1.612035
v -0.526545 1.032985 1.611755
v -0.561501 1.037246 1.612756
v -0.564747 1.028308 1.610797
v -0.558114 1.005152 1.603795
v -0.544986 0.974607 1.596655
v -0.573334 1.019227 1.606980
v -0.654843 1.059031 1.125077
v -0.644538 1.064708 1.123445
v -0.648386 1.062350 1.084128
v -0.659784 1.052907 1.077479
v -0.659619 1.050982 1.127170
v -0.660652 1.038388 1.075673
v -0.660546 1.037835 1.103379
v 0.048255 0.037546 1.029016
v 0.056532 0.052811 1.028881
v 0.065575 0.067986 1.024925
v 0.044259 0.074921 1.027640
v 0.003273 0.033333 1.026098
v 0.019885 0.020619 1.032990
v 0.032543 0.085151 1.029152
v 0.015614 0.065128 1.033893
v -0.007765 0.045158 1.026276
v 0.040466 0.021725 1.029422
v 0.129914 0.188028 1.102092
v 0.121508 0.197255 1.085787
v 0.133341 0.202567 1.090704
v 0.148154 0.205961 1.097708
v 0.138630 0.186875 1.122534
v 0.099312 0.190359 1.058179
v 0.114180 0.163035 1.086764
v 0.114933 0.165369 1.051508
v 0.112795 0.191020 1.082745
v 0.122206 0.183402 1.099518
v 0.105871 0.200806 1.063584
v 0.107438 0.133902 1.122658
v 0.109873 0.131226 1.109881
v 0.119234 0.140367 1.115478
v 0.124556 0.150427 1.123126
v 0.117005 0.148453 1.133138
v 0.105010 0.141192 1.136806
v 0.025506 0.094512 1.034247
v 0.047946 0.100732 1.019725
v 0.046744 0.104534 1.009844
v 0.049295 0.118017 1.034395
v 0.023969 0.101535 1.043590
v 0.070417 0.131178 1.026422
v 0.118053 0.155285 1.155212
v 0.129374 0.167707 1.116360
v 0.132113 0.179482 1.123624
v 0.130358 0.179047 1.146836
v 0.124808 0.155358 1.109142
v 0.150353 0.195238 1.144667
v 0.139581 0.189243 1.147888
v 0.163874 0.201944 1.138515
v 0.165398 0.208231 1.107963
v 0.145737 0.020374 1.599955
v 0.173099 0.015475 1.598401
v 0.156436 0.030118 1.598707
v 0.136629 0.024847 1.599745
v 0.119174 0.031888 1.600075
v 0.118239 0.018091 1.600386
v 0.114603 0.003833 1.603002
v 0.143648 0.008025 1.600881
v 0.092244 0.028344 1.600445
v -0.527112 1.143366 1.044787
v -0.492553 1.146171 1.042307
v -0.491136 1.136510 1.028995
v -0.495004 1.126704 1.022779
v -0.533423 1.118859 1.026051
v -0.496283 1.118704 1.017735
v -0.448975 1.139841 0.996077
v -0.467165 1.131958 0.999107
v -0.457509 1.149889 1.027412
v -0.523600 1.137261 1.001240
v -0.523351 1.141513 1.001454
v -0.519089 1.140396 1.005494
v -0.494938 1.111880 1.008384
v -0.572288 1.112754 1.043126
v -0.562424 1.122054 1.037016
v -0.563806 1.130617 1.030630
v -0.532265 1.135237 1.012365
v -0.531895 1.143502 1.010783
v -0.566252 1.144154 1.024022
v -0.560815 1.145230 1.037128
v 0.120174 0.262598 1.519117
v 0.129934 0.267156 1.508996
v 0.104822 0.283726 1.520028
v 0.115185 0.261638 1.527348
v 0.097534 0.310489 1.521609
v 0.084665 0.319666 1.563225
v 0.123385 0.320186 1.564418
v 0.121765 0.316922 1.555494
v 0.121709 0.307877 1.552499
v 0.095262 0.313099 1.549124
v 0.061112 0.339585 1.557274
v 0.102634 0.335339 1.541492
v 0.103573 0.378049 1.560368
v 0.075298 0.378164 1.564138
v 0.044227 0.376989 1.568104
v 0.099234 0.297807 1.545870
v 0.088928 0.302066 1.534887
v 0.147272 0.277191 1.500678
v 0.145709 0.313503 1.503562
v -0.524330 1.097439 1.592772
v -0.523530 1.085392 1.595882
v -0.477174 1.082704 1.605680
v -0.501722 1.106670 1.577329
v -0.420532 1.081850 1.613986
v -0.421409 1.093990 1.606336
v -0.420617 1.108552 1.604417
v -0.469004 1.117289 1.594241
v -0.500519 1.118752 1.578876
v -0.527302 1.106456 1.570358
v -0.527223 1.102382 1.579951
v -0.561910 1.082828 1.581504
v -0.560875 1.092192 1.576026
v -0.596285 1.096172 1.555228
v -0.605002 1.092545 1.520038
v -0.611598 1.083318 1.519282
v -0.623553 1.081839 1.554177
v -0.625729 1.082666 1.519526
v 0.237640 0.997201 1.500672
v 0.225424 0.996481 1.503360
v 0.224912 0.996329 1.500252
v 0.230878 1.001445 1.500165
v 0.224321 1.015280 1.499693
v 0.227931 1.032906 1.499455
v 0.241256 1.028741 1.499668
v 0.241221 1.009640 1.499928
v 0.254844 1.023482 1.499390
v 0.211958 1.008459 1.515517
v 0.208242 0.994628 1.516178
v 0.206493 0.965159 1.517391
v 0.219412 0.960021 1.497154
v 0.216051 1.016423 1.480758
v 0.216816 1.015018 1.494827
v 0.215771 0.996900 1.458309
v 0.215559 1.020528 1.450341
v 0.215867 0.965821 1.465509
v 0.225280 1.026925 1.039780
v 0.241949 1.032348 1.036718
v 0.176922 1.045107 0.987311
v 0.206948 1.046943 0.991569
v 0.213183 1.034953 1.009941
v 0.174648 1.009249 1.022485
v 0.140119 1.027689 0.986782
v 0.134636 1.045164 0.980475
v 0.141239 1.010390 0.998825
v 0.252482 1.021356 1.230423
v 0.269172 1.042092 1.248608
v 0.258033 1.041840 1.226153
v 0.275295 1.060223 1.234836
v 0.276380 1.061099 1.248656
v 0.267273 1.062769 1.225817
v 0.274205 1.125171 1.242375
v 0.274052 1.136873 1.241722
v 0.273176 1.138886 1.261739
v 0.273611 1.144677 1.287636
v 0.275442 1.133273 1.288840
v 0.262691 1.121095 1.271229
v 0.262198 1.107945 1.265223
v 0.273627 1.110564 1.257177
v 0.266745 1.127324 1.291726
v 0.275355 1.112764 1.242961
v 0.273806 1.095965 1.258897
v 0.260250 1.094313 1.263927
v 0.257823 1.081180 1.274145
v 0.276200 1.079667 1.247539
v 0.275980 1.097256 1.244222
v 0.270062 1.076349 1.295247
v 0.275838 1.066575 1.296120
v 0.276226 1.063468 1.269602
v 0.258526 1.080239 1.294571
v 0.243888 1.093494 1.264885
v 0.246571 1.107368 1.266797
v 0.229447 1.107769 1.273872
v 0.219446 1.103532 1.284565
v 0.225050 1.090127 1.280351
v 0.242986 1.084370 1.277022
v 0.261566 1.135065 1.204179
v 0.266020 1.142090 1.202800
v 0.271167 1.138956 1.223149
v 0.272831 1.113244 1.228390
v 0.263627 1.112128 1.223418
v 0.249484 1.156051 1.570248
v 0.254655 1.149055 1.579002
v 0.265623 1.156542 1.572701
v 0.257758 1.160169 1.554054
v 0.246340 1.157748 1.553321
v 0.266493 1.157007 1.553957
v 0.214032 1.120511 1.530636
v 0.220889 1.105697 1.482946
v 0.201966 1.116883 1.487981
v 0.198808 1.116868 1.528398
v 0.273318 1.133645 1.363103
v 0.267054 1.135835 1.387291
v 0.256751 1.128214 1.389510
v 0.273926 1.103596 1.353728
v 0.275077 1.121778 1.341576
v 0.274504 1.133785 1.341521
v 0.275833 1.103111 1.337105
v -0.585199 1.134312 1.555604
v -0.595396 1.134586 1.538909
v -0.563648 1.128270 1.562945
v -0.568263 1.136467 1.565609
v -0.575209 1.120894 1.541516
v -0.559087 1.121608 1.558512
v -0.591020 1.128905 1.516501
v -0.584456 1.121578 1.516124
v -0.598845 1.134791 1.517174
v -0.584572 1.137722 1.551434
v -0.594743 1.138157 1.537306
v 0.126044 0.232888 1.506620
v 0.112489 0.233887 1.516579
v 0.145898 0.211451 1.486649
v 0.146842 0.238190 1.497572
v 0.099310 0.191194 1.527756
v 0.107748 0.178796 1.520499
v 0.115802 0.168516 1.503473
v 0.123954 0.182102 1.487078
v 0.150981 0.194648 1.472911
v 0.109409 0.142240 1.515078
v 0.098850 0.220058 1.529691
v 0.094620 0.208863 1.543759
v 0.097645 0.192012 1.542057
v 0.098376 0.229753 1.543316
v -0.607747 1.004697 1.307680
v -0.621188 1.010179 1.304827
v 0.049531 0.007010 0.973962
v 0.007819 0.028579 0.980967
v 0.019099 0.042661 0.975812
v 0.061531 0.030691 0.974953
v 0.094438 0.023423 0.975747
v 0.082880 0.007723 0.976665
v 0.026791 0.049688 0.974338
v 0.117152 0.017652 0.976343
v 0.098829 0.033252 0.974959
v -0.592786 1.141876 1.139281
v -0.596014 1.141811 1.116682
v -0.600307 1.138692 1.114984
v -0.601605 1.138081 1.162489
v -0.593180 1.141911 1.162978
v -0.597460 1.128579 1.132688
v -0.599000 1.127698 1.159848
v -0.595977 1.128453 1.110033
v -0.594453 1.131469 1.086546
v -0.589133 1.143175 1.095957
v -0.591177 1.143684 1.075862
v -0.584907 1.142813 1.115038
v -0.589516 1.143875 1.045865
v -0.578938 1.144227 1.068394
v -0.560541 1.144989 1.058072
v -0.645746 1.026003 1.414407
v -0.637930 1.032188 1.415730
v -0.653163 1.025844 1.413709
v 0.186120 0.025553 0.979890
v 0.183897 0.031440 0.975014
v 0.188840 0.041542 0.979990
v 0.189788 0.032380 0.995975
v 0.188493 0.024894 0.995351
v 0.188186 0.024693 0.987956
v 0.173934 0.015442 1.008081
v 0.185772 0.023111 1.000836
v 0.169593 0.020716 1.017302
v 0.166326 0.013579 1.015180
v 0.179296 0.032037 1.017001
v 0.206549 0.050180 0.998482
v 0.204368 0.048361 1.008175
v 0.125190 0.312582 1.060353
v 0.122683 0.369938 1.022953
v 0.154472 0.352248 1.053123
v 0.141550 0.312136 1.067742
v 0.145537 0.413036 1.023467
v 0.164600 0.410650 1.033494
v 0.111960 0.312615 1.037523
v 0.103740 0.336448 1.024557
v 0.102223 0.357248 1.019454
v 0.113123 0.286301 1.049109
v 0.110011 0.287871 1.041253
v 0.121651 0.281108 1.059665
v 0.123603 0.422572 1.018409
v 0.225254 1.147197 1.037683
v 0.212474 1.136695 1.035621
v 0.235628 1.154307 1.055419
v 0.239799 1.160266 1.035951
v 0.235454 1.140279 1.077873
v 0.238560 1.153943 1.076644
v 0.086022 0.336617 1.018719
v 0.107119 0.322818 1.025422
v 0.120435 0.313765 1.020842
v 0.056823 0.331475 1.016231
v 0.048031 0.344492 1.023659
v 0.111475 0.326132 1.005469
v 0.062208 0.323659 1.009533
v 0.273630 1.135071 1.317241
v 0.255629 1.118989 1.312466
v 0.252431 1.124315 1.293319
v 0.272875 1.102598 1.323665
v 0.258882 1.101994 1.320320
v 0.225680 1.109131 1.309310
v 0.225132 1.090198 1.311001
v 0.215571 1.101191 1.296989
v 0.222284 1.113224 1.298075
v 0.225628 1.088065 1.295247
v 0.243103 1.101378 1.321057
v 0.243044 1.083905 1.313694
v 0.240073 1.115185 1.310792
v 0.233697 1.114863 1.283064
v 0.236838 1.119717 1.295470
v 0.276604 1.082400 1.345661
v 0.277395 1.061004 1.339971
v 0.277110 1.057425 1.321003
v 0.268812 1.081207 1.318334
v 0.276302 1.051523 1.296776
v 0.251131 1.083622 1.033746
v 0.239514 1.091281 1.040084
v 0.244457 1.100183 1.041707
v 0.253614 1.091859 1.045763
v 0.259246 1.081882 1.036529
v 0.171825 1.095152 0.987834
v 0.171579 1.104320 0.992939
v 0.233539 1.118876 1.004868
v 0.236498 1.118514 1.018260
v 0.224863 1.104209 1.015202
v 0.222477 1.092981 1.013357
v 0.206005 1.119077 1.001913
v 0.227046 1.127359 1.005562
v 0.170585 1.114444 0.996575
v 0.236706 1.087199 1.006008
v 0.234814 1.086328 0.993014
v 0.234999 1.082829 0.982092
v 0.208197 1.087409 0.982408
v 0.172399 1.085393 0.979082
v 0.269924 1.160838 1.017545
v 0.256372 1.152444 1.014424
v 0.247731 1.162318 1.018644
v 0.255365 1.167783 1.037014
v 0.267893 1.163620 1.038745
v 0.254588 1.082765 1.016829
v 0.240305 1.086962 1.020744
v 0.228844 1.093729 1.028660
v 0.263184 1.094472 1.046634
v 0.273755 1.070306 1.015918
v 0.267961 1.079389 1.016237
v 0.273111 1.096469 1.056801
v 0.274290 1.079714 1.057398
v 0.274875 1.059322 1.058245
v 0.274845 1.058785 1.040746
v 0.079720 0.109229 1.491563
v 0.083980 0.117646 1.514237
v 0.053658 0.095995 1.511190
v 0.008922 0.068121 1.505831
v 0.016965 0.063691 1.470819
v 0.022413 0.065026 1.445772
v 0.047996 0.086589 1.457287
v 0.078761 0.101401 1.471073
v 0.176706 0.212403 1.131159
v 0.161685 0.214672 0.971887
v 0.164590 0.228767 0.968708
v 0.183090 0.216841 0.968166
v 0.195012 0.193392 0.968824
v 0.179461 0.189966 0.973594
v 0.162503 0.191675 0.979119
v 0.147516 0.122692 0.993551
v 0.104445 0.134111 1.000196
v 0.109447 0.144708 0.992147
v 0.135557 0.150288 0.991017
v 0.156510 0.145218 0.992246
v 0.114988 0.157187 0.986668
v 0.259810 1.076505 0.983488
v 0.255828 1.081575 1.001292
v 0.269414 1.076037 0.998006
v 0.270988 1.057566 0.992954
v 0.274716 1.056871 1.015241
v 0.270125 1.045542 1.013295
v 0.254917 1.046952 0.991415
v 0.255282 1.057278 0.983500
v 0.256776 1.040198 1.011310
v -0.604736 1.100413 1.077188
v -0.590698 1.106374 1.077735
v -0.616695 1.089469 1.078967
v -0.585804 1.096959 1.017908
v 0.092486 0.187862 1.030311
v 0.091885 0.197303 1.039993
v 0.112230 0.177970 1.024816
v 0.101226 0.190746 1.018331
v 0.092551 0.218440 1.040224
v 0.083817 0.209784 1.030055
v 0.081083 0.227816 1.028057
v 0.094863 0.239695 1.040304
v 0.102696 0.231275 1.048416
v 0.087899 0.247015 1.031512
v 0.088774 0.206917 1.013618
v 0.111161 0.203898 1.016342
v 0.123964 0.217532 1.015214
v 0.105235 0.223731 1.013615
v 0.089943 0.226855 1.013367
v 0.110081 0.222396 1.057259
v 0.112929 0.250262 1.056352
v 0.129605 0.216970 1.075112
v 0.116606 0.209730 1.069149
v 0.147392 0.243239 1.073611
v 0.147169 0.220258 1.081709
v 0.134478 0.277413 1.065633
v 0.152506 0.279439 1.073558
v 0.108154 0.153690 1.052204
v 0.128067 0.189852 1.014593
v -0.444433 1.125756 0.994847
v -0.495277 1.109358 0.995837
v -0.407130 1.117073 0.985408
v -0.405505 1.098034 0.978927
v -0.450328 1.094482 0.981755
v -0.407791 1.132872 0.990280
v -0.494952 1.102521 0.987320
v -0.496635 1.090275 0.983696
v -0.010569 0.048163 1.499774
v 0.004512 0.032004 1.468981
v -0.013105 0.050880 1.514169
v -0.223814 0.022698 1.564274
v -0.253388 0.025934 1.565078
v -0.252852 0.014763 1.564085
v -0.252003 0.006817 1.566364
v -0.228624 0.006817 1.566888
v -0.196465 0.006817 1.564511
v -0.189895 0.019688 1.563791
v 0.214533 0.941409 1.244683
v 0.214190 0.934458 1.283897
v 0.215037 0.899193 1.276783
v 0.213589 0.905459 1.207609
v 0.213015 0.939568 1.196195
v 0.216631 0.942908 1.221348
v 0.090607 0.121869 1.439639
v 0.101303 0.118234 1.456074
v 0.078977 0.098995 1.451478
v 0.068583 0.103851 1.419266
v 0.081252 0.125554 1.415274
v 0.023700 0.064445 1.418525
v 0.048121 0.085339 1.388170
v 0.068812 0.102220 1.385915
v 0.025997 0.062030 1.386498
v 0.158222 0.181500 1.445362
v 0.141000 0.159861 1.455188
v 0.137188 0.158936 1.439569
v 0.145155 0.185608 1.420729
v 0.164210 0.198828 1.430776
v 0.130618 0.160212 1.425512
v 0.026027 0.431383 1.572289
v 0.020989 0.480098 1.574552
v -0.023223 0.482726 1.576878
v -0.080081 0.450966 1.583833
v -0.098201 0.405303 1.583390
v -0.055787 0.380124 1.576366
v 0.008660 0.370005 1.570782
v -0.072182 0.493981 1.584236
v -0.556648 0.006817 1.076777
v -0.556704 0.006817 1.094531
v -0.552462 0.011466 1.095495
v -0.544435 0.018917 1.077565
v -0.527531 0.015871 1.054804
v -0.532091 0.006817 1.048749
v -0.244869 0.006817 1.566933
v -0.249941 0.006817 1.568708
v -0.083991 0.006817 0.995652
v -0.086439 0.006817 1.000856
v -0.498686 0.014807 1.035907
v -0.496738 0.025761 1.039515
v -0.463377 0.018392 1.031095
v -0.473627 0.006817 1.024519
v -0.525219 0.029427 1.056910
v -0.525444 0.046414 1.054971
v -0.496088 0.044141 1.042629
v -0.544584 0.032628 1.075449
v -0.546896 0.050326 1.071118
v -0.549006 0.075335 1.064963
v -0.527498 0.070150 1.048209
v -0.555125 0.037198 1.094476
v -0.558723 0.056774 1.092381
v -0.558985 0.083072 1.088860
v -0.559525 0.113495 1.084857
v -0.548171 0.106606 1.061188
v -0.562524 0.065233 1.118653
v -0.563074 0.092398 1.116428
v -0.563840 0.121767 1.113997
v -0.563939 0.158316 1.113147
v -0.559235 0.151378 1.082899
v -0.563391 0.101708 1.148465
v -0.563942 0.131654 1.147853
v -0.564380 0.166939 1.148100
v -0.564903 0.204836 1.148883
v -0.564962 0.197481 1.113154
v -0.563122 0.142287 1.186425
v -0.563455 0.176010 1.187122
v -0.564408 0.212239 1.188091
v -0.565731 0.249778 1.189531
v -0.565908 0.243694 1.149712
v -0.562853 0.183846 1.226936
v -0.563720 0.218747 1.228222
v -0.565553 0.255205 1.229930
v -0.571121 0.292574 1.232142
v -0.570786 0.287791 1.191491
v -0.563452 0.223900 1.268685
v -0.565511 0.259635 1.270450
v -0.571275 0.296464 1.272593
v -0.574542 0.334975 1.274637
v -0.574604 0.331379 1.234278
v -0.565625 0.262790 1.311046
v -0.570392 0.299375 1.313113
v -0.573920 0.337520 1.315072
v -0.574823 0.376946 1.316425
v -0.576063 0.374618 1.276000
v -0.570041 0.301083 1.353891
v -0.572440 0.339083 1.355656
v -0.573572 0.378291 1.356898
v -0.574950 0.418293 1.357800
v -0.575932 0.417205 1.317165
v -0.571474 0.340064 1.396480
v -0.572539 0.379217 1.397662
v -0.574072 0.419104 1.398510
v -0.574716 0.459213 1.399870
v -0.576289 0.458785 1.358926
v -0.570529 0.380070 1.438596
v -0.572224 0.419747 1.439701
v -0.572222 0.459566 1.441168
v -0.573255 0.499799 1.443492
v -0.575969 0.499829 1.401724
v -0.568419 0.420188 1.479957
v -0.568761 0.459812 1.481952
v -0.569842 0.499514 1.484674
v -0.569785 0.539576 1.488009
v -0.574862 0.539990 1.446488
v -0.557535 0.459909 1.519104
v -0.558843 0.499804 1.522234
v -0.559563 0.540240 1.524590
v -0.561057 0.581257 1.527024
v -0.571484 0.580297 1.490957
v -0.539616 0.501086 1.552284
v -0.540520 0.542332 1.554092
v -0.541914 0.583571 1.555491
v -0.542969 0.625016 1.556614
v -0.562635 0.622531 1.529284
v -0.512915 0.544951 1.573041
v -0.513623 0.586856 1.574142
v -0.514373 0.628287 1.574965
v -0.515289 0.669307 1.575676
v -0.543925 0.666109 1.558438
v -0.478484 0.589936 1.582503
v -0.478346 0.631900 1.583128
v -0.478917 0.673379 1.583708
v -0.480720 0.714331 1.585131
v -0.516666 0.709795 1.576929
v -0.438146 0.635182 1.588544
v -0.438106 0.677535 1.589290
v -0.439552 0.719768 1.589689
v -0.443237 0.762031 1.590471
v -0.485696 0.755104 1.585243
v -0.395444 0.680788 1.593171
v -0.395886 0.724164 1.594156
v -0.397976 0.767427 1.595032
v -0.402072 0.809873 1.595474
v -0.449658 0.802687 1.590142
v -0.351640 0.727128 1.597754
v -0.352347 0.771492 1.598786
v -0.354471 0.815600 1.599593
v -0.357829 0.859410 1.599751
v -0.407538 0.851386 1.595909
v -0.307384 0.773799 1.598814
v -0.308230 0.819089 1.599618
v -0.309928 0.864432 1.599759
v -0.312187 0.909028 1.597733
v -0.362029 0.902292 1.599886
v -0.262030 0.819220 1.600975
v -0.262112 0.864939 1.601596
v -0.263211 0.908620 1.602469
v -0.264435 0.944927 1.601373
v -0.314669 0.945612 1.597529
v -0.213251 0.860202 1.602067
v -0.212348 0.904522 1.603173
v -0.213009 0.941115 1.603204
v -0.214233 0.963409 1.601879
v -0.265422 0.968480 1.600184
v -0.163382 0.899296 1.602826
v -0.164422 0.938106 1.602953
v -0.165633 0.961121 1.601981
v -0.166913 0.978452 1.601015
v -0.215529 0.980350 1.600878
v -0.118668 0.937738 1.602148
v -0.120530 0.961735 1.601528
v -0.122179 0.979316 1.600993
v -0.123542 0.993778 1.600708
v -0.168052 0.993155 1.600400
v -0.075138 0.964093 1.599494
v -0.076942 0.981276 1.599193
v -0.078502 0.994959 1.598612
v -0.079720 1.007407 1.598299
v -0.124684 1.007733 1.599455
v -0.030650 0.985641 1.596558
v -0.032622 0.999595 1.595563
v -0.034971 1.012415 1.593081
v -0.036432 1.022838 1.591766
v -0.080423 1.018976 1.600205
v 0.013160 1.003102 1.588270
v 0.012497 1.014511 1.584621
v 0.012730 1.024731 1.582766
v 0.013394 1.030928 1.592251
v -0.035143 1.029489 1.599595
v 0.059185 1.016556 1.576397
v 0.058688 1.026891 1.578964
v 0.060014 1.031399 1.589213
v 0.061561 1.034633 1.600080
v 0.013926 1.033626 1.604171
v 0.108210 1.030073 1.577264
v 0.107537 1.032509 1.586581
v 0.107290 1.035045 1.594959
v 0.107437 1.039506 1.603784
v 0.062561 1.038225 1.610004
v 0.157046 1.034536 1.582825
v 0.157499 1.037078 1.591549
v 0.155876 1.040743 1.601268
v 0.154187 1.050500 1.605570
v 0.107559 1.049095 1.609333
v 0.200298 1.042940 1.582414
v 0.199135 1.048427 1.592598
v 0.197581 1.056215 1.599068
v 0.196078 1.064753 1.603929
v 0.152948 1.060506 1.608684
v 0.230371 1.049112 1.584576
v 0.229999 1.055969 1.594259
v 0.229760 1.063866 1.601323
v 0.230164 1.074174 1.604393
v 0.194410 1.074448 1.606327
v 0.254156 1.071019 1.597987
v 0.253535 1.077972 1.588963
v 0.230480 1.083400 1.598400
v 0.228009 1.085203 1.587921
v 0.190818 1.088000 1.598098
v 0.192674 1.083899 1.606689
v 0.248534 1.080590 1.575404
v 0.149078 1.087628 1.601710
v 0.150969 1.081248 1.611805
v 0.151910 1.070542 1.610973
v 0.106891 1.080861 1.617506
v 0.106999 1.069566 1.615656
v 0.107278 1.059007 1.612275
v 0.060062 1.070004 1.619653
v 0.060428 1.058559 1.617692
v 0.061564 1.047185 1.614902
v 0.014280 1.057581 1.621093
v 0.014508 1.045942 1.619223
v 0.014366 1.036647 1.614761
v -0.033492 1.048545 1.622869
v -0.033315 1.038543 1.619078
v -0.033642 1.033224 1.609597
v -0.080740 1.040843 1.623432
v -0.080735 1.033544 1.615489
v -0.080781 1.028117 1.606174
v -0.126227 1.033787 1.618202
v -0.125945 1.028348 1.607241
v -0.125394 1.020675 1.600001
v -0.171908 1.027345 1.611277
v -0.171420 1.018715 1.603031
v -0.169499 1.006516 1.600478
v -0.218022 1.018834 1.605377
v -0.217210 1.007445 1.601601
v -0.216608 0.995000 1.600444
v -0.266583 1.014388 1.598183
v -0.266616 1.001085 1.598483
v -0.266320 0.986634 1.599123
v -0.318320 1.006936 1.596918
v -0.317981 0.991666 1.596362
v -0.316603 0.971294 1.596581
v -0.371314 0.992006 1.599241
v -0.369224 0.967554 1.600241
v -0.366408 0.939497 1.600719
v -0.423635 0.961257 1.596673
v -0.419370 0.929316 1.595925
v -0.414061 0.891704 1.596374
v -0.474884 0.918021 1.590057
v -0.467943 0.880641 1.590044
v -0.458933 0.842154 1.589984
v -0.509691 0.872243 1.583879
v -0.503216 0.833498 1.583139
v -0.493626 0.794474 1.584312
v -0.531979 0.827461 1.577645
v -0.526518 0.788035 1.575172
v -0.520640 0.749108 1.577558
v -0.548364 0.784029 1.566411
v -0.544472 0.746999 1.562394
v -0.544395 0.706834 1.560358
v -0.563964 0.744686 1.539198
v -0.564549 0.704604 1.534586
v -0.564311 0.663705 1.531825
v -0.576110 0.703167 1.499674
v -0.575052 0.662171 1.496428
v -0.573332 0.621068 1.493588
v -0.576947 0.662007 1.455052
v -0.575958 0.621099 1.452196
v -0.574510 0.580408 1.449337
v -0.577519 0.622000 1.409384
v -0.575665 0.581343 1.406711
v -0.575581 0.540542 1.404095
v -0.577442 0.582034 1.364364
v -0.577430 0.541116 1.362345
v -0.577372 0.499812 1.360316
v -0.578209 0.540802 1.320836
v -0.577911 0.499402 1.319389
v -0.576840 0.457959 1.317969
v -0.578591 0.497978 1.278654
v -0.578015 0.456555 1.277552
v -0.576923 0.415172 1.276776
v -0.577925 0.453912 1.237201
v -0.578048 0.412326 1.236694
v -0.576560 0.371412 1.235832
v -0.577920 0.408710 1.196654
v -0.575145 0.367521 1.195544
v -0.573184 0.326979 1.193798
v -0.573964 0.363218 1.155089
v -0.572276 0.322201 1.152962
v -0.569783 0.282691 1.150913
v -0.571939 0.317718 1.114769
v -0.568935 0.277008 1.113169
v -0.565156 0.237098 1.113240
v -0.562788 0.271293 1.080862
v -0.559916 0.230523 1.081216
v -0.559524 0.190405 1.081704
v -0.544904 0.224166 1.055205
v -0.545377 0.183172 1.055732
v -0.546563 0.144141 1.058340
v -0.524448 0.175502 1.037369
v -0.526551 0.135440 1.039891
v -0.528452 0.100211 1.042790
v -0.499630 0.127475 1.030398
v -0.498574 0.093249 1.035535
v -0.496968 0.065676 1.040551
v -0.465552 0.087156 1.030879
v -0.463638 0.061535 1.033745
v -0.462370 0.038170 1.034165
v -0.427570 0.056705 1.027573
v -0.427398 0.032132 1.026803
v -0.429515 0.015764 1.025580
v -0.391010 0.027525 1.022467
v -0.405854 0.006817 1.013779
v -0.349646 0.026839 1.019077
v -0.348564 0.006817 1.010970
v -0.350209 0.050901 1.019448
v -0.312837 0.050803 1.017483
v -0.390024 0.052728 1.022582
v -0.390904 0.076939 1.020009
v -0.351617 0.074575 1.016859
v -0.428870 0.081597 1.024973
v -0.430191 0.112832 1.020171
v -0.392020 0.106919 1.014095
v -0.468222 0.120168 1.025861
v -0.468776 0.159430 1.019058
v -0.431336 0.151803 1.014372
v -0.499608 0.167540 1.024912
v -0.498813 0.209448 1.020405
v -0.468579 0.201746 1.014107
v -0.524963 0.217406 1.034318
v -0.526078 0.260228 1.033628
v -0.500066 0.253758 1.019410
v -0.547828 0.266093 1.054393
v -0.552433 0.309245 1.053913
v -0.529443 0.303886 1.031934
v -0.566712 0.313619 1.082155
v -0.567959 0.355618 1.084717
v -0.552982 0.351146 1.055781
v -0.573054 0.359195 1.117643
v -0.574358 0.400567 1.118706
v -0.569067 0.395855 1.085415
v -0.575985 0.404992 1.156741
v -0.577096 0.446620 1.157077
v -0.575059 0.441960 1.118220
v -0.576747 0.450459 1.197216
v -0.578352 0.492056 1.197146
v -0.578547 0.487712 1.156574
v -0.579202 0.495471 1.237757
v -0.578645 0.536767 1.238078
v -0.578670 0.533370 1.196903
v -0.578418 0.539329 1.279429
v -0.579654 0.580461 1.279796
v -0.579472 0.577982 1.237932
v -0.578919 0.581905 1.321958
v -0.579642 0.622502 1.322826
v -0.580054 0.621260 1.279760
v -0.578746 0.622646 1.366164
v -0.580304 0.662980 1.367812
v -0.579610 0.662712 1.323509
v -0.578048 0.662572 1.411789
v -0.579622 0.702903 1.413895
v -0.580866 0.702805 1.369314
v -0.578172 0.702833 1.457911
v -0.579606 0.743757 1.460559
v -0.580271 0.743398 1.415657
v -0.577101 0.743967 1.503581
v -0.578160 0.784507 1.508933
v -0.580530 0.784407 1.463547
v -0.561858 0.784613 1.545967
v -0.559359 0.824983 1.551909
v -0.578648 0.824880 1.514683
v -0.551340 0.823482 1.576147
v -0.549159 0.865461 1.580184
v -0.558597 0.865191 1.555716
v -0.533745 0.867877 1.582465
v -0.534969 0.906185 1.583174
v -0.551531 0.903801 1.582057
v -0.514169 0.910260 1.582333
v -0.517870 0.945994 1.589714
v -0.537656 0.941666 1.587237
v -0.480192 0.953496 1.592866
v -0.427930 0.989199 1.599557
v -0.427489 1.011299 1.606669
v -0.371695 1.011063 1.600660
v -0.370640 1.025264 1.605145
v -0.426184 1.028391 1.613351
v -0.318099 1.019562 1.596717
v -0.317432 1.029839 1.602894
v -0.369046 1.034775 1.612158
v -0.266641 1.025901 1.601628
v -0.267274 1.031507 1.612203
v -0.316727 1.033208 1.614286
v -0.219066 1.027640 1.613305
v -0.219987 1.034217 1.622056
v -0.267656 1.037676 1.622290
v -0.172244 1.033902 1.620204
v -0.173429 1.043812 1.626974
v -0.220356 1.045058 1.627197
v -0.126862 1.042938 1.625762
v -0.127428 1.054844 1.629086
v -0.174543 1.055333 1.630373
v -0.080753 1.052073 1.627376
v -0.080558 1.063467 1.630347
v -0.127890 1.066224 1.631727
v -0.033253 1.059052 1.623778
v -0.033428 1.071054 1.622873
v -0.080513 1.075206 1.631150
v 0.013225 1.070406 1.621528
v 0.012935 1.084388 1.619970
v -0.034272 1.084968 1.618746
v 0.059869 1.082384 1.620649
v 0.060319 1.093025 1.610257
v 0.013178 1.097627 1.613106
v 0.105407 1.089291 1.606155
v 0.147956 1.095468 1.596064
v 0.105291 1.099717 1.600406
v 0.060595 1.105321 1.604561
v 0.061369 1.116116 1.601535
v 0.015212 1.122720 1.604898
v 0.013668 1.110848 1.608532
v 0.105380 1.109923 1.596525
v 0.146925 1.105488 1.592698
v 0.145619 1.115202 1.587356
v 0.105314 1.117464 1.589679
v 0.061843 1.124419 1.594200
v 0.104366 1.118252 1.578733
v 0.060886 1.125405 1.582909
v 0.016832 1.133474 1.586785
v 0.016622 1.130713 1.598189
v -0.029315 1.141089 1.588665
v -0.029626 1.138361 1.600011
v -0.030929 1.127891 1.604093
v -0.076381 1.143852 1.600371
v -0.077771 1.132372 1.605085
v -0.079203 1.118946 1.609768
v -0.032159 1.114645 1.607797
v -0.080485 1.102826 1.614740
v -0.033436 1.099838 1.611725
v -0.081050 1.086656 1.623044
v -0.128252 1.105416 1.615308
v -0.128977 1.086219 1.624052
v -0.128440 1.077069 1.633014
v -0.176819 1.087154 1.622708
v -0.176481 1.077579 1.633641
v -0.175580 1.066826 1.632272
v -0.222936 1.078828 1.632467
v -0.221999 1.067911 1.632269
v -0.221142 1.056638 1.630100
v -0.268946 1.069547 1.631578
v -0.268317 1.058555 1.629655
v -0.267884 1.047673 1.626681
v -0.316648 1.061873 1.628794
v -0.316673 1.052017 1.626543
v -0.316802 1.041653 1.623631
v -0.367747 1.058958 1.623822
v -0.367986 1.050796 1.620244
v -0.368237 1.042756 1.616471
v -0.424046 1.055537 1.621245
v -0.424405 1.048055 1.619041
v -0.424873 1.040224 1.616929
v -0.477796 1.048821 1.615667
v -0.478196 1.039263 1.613420
v -0.523552 1.051334 1.614571
v -0.524616 1.042549 1.613149
v -0.559254 1.054765 1.614330
v -0.559942 1.045736 1.613999
v -0.593097 1.056203 1.614297
v -0.592170 1.047731 1.614406
v -0.591382 1.039466 1.613791
v -0.621893 1.044963 1.612152
v -0.617977 1.034316 1.611314
v -0.612643 1.029509 1.605883
v -0.590404 1.032418 1.611655
v -0.605495 1.032047 1.598119
v -0.588794 1.029352 1.604340
v -0.596854 1.038738 1.592455
v -0.618458 1.033089 1.584931
v -0.608026 1.041879 1.581491
v -0.629249 1.031474 1.560630
v -0.620386 1.041366 1.558928
v -0.628949 1.029134 1.589455
v -0.639141 1.025629 1.563250
v -0.651182 1.025561 1.522634
v -0.644925 1.034479 1.563244
v -0.653989 1.036701 1.522564
v -0.654472 1.040142 1.481709
v -0.654609 1.029171 1.481017
v -0.654630 1.042327 1.447151
v -0.654604 1.031323 1.447766
v -0.654948 1.044591 1.411466
v -0.654931 1.034536 1.412521
v -0.655478 1.045798 1.371253
v -0.655336 1.035308 1.372527
v -0.654353 1.025817 1.373133
v -0.656243 1.035938 1.324653
v -0.646334 1.026477 1.372042
v -0.638234 1.033229 1.377256
v -0.631086 1.040663 1.380876
v -0.630708 1.038222 1.417084
v -0.623082 1.048091 1.383758
v -0.613322 1.056395 1.339810
v -0.613782 1.055217 1.386400
v -0.602752 1.058827 1.342191
v -0.609585 1.053209 1.305147
v -0.601928 1.055748 1.305325
v -0.596465 1.050670 1.305524
v -0.593028 1.052996 1.344110
v -0.599850 1.059164 1.274959
v -0.592543 1.052427 1.274709
v -0.599666 1.060880 1.237254
v -0.593059 1.053638 1.236790
v -0.591890 1.042943 1.236790
v -0.592657 1.053295 1.193564
v -0.592053 1.042004 1.193504
v -0.591216 1.029623 1.192592
v -0.591324 1.032330 1.237127
v -0.590934 1.020178 1.239816
v -0.591076 1.004253 1.241068
v -0.590681 0.978581 1.236133
v -0.590547 0.944617 1.235344
v -0.589250 0.943476 1.282711
v -0.589139 0.905552 1.236664
v -0.588936 0.905524 1.281473
v -0.587458 0.904629 1.322222
v -0.588319 0.941946 1.317036
v -0.587268 0.903589 1.369189
v -0.587782 0.940530 1.367088
v -0.586521 0.903477 1.422387
v -0.586838 0.864421 1.370930
v -0.584875 0.864251 1.420368
v -0.583517 0.864496 1.469730
v -0.584903 0.904975 1.472167
v -0.579172 0.865228 1.519299
v -0.579423 0.906391 1.521817
v -0.558240 0.905145 1.557671
v -0.558325 0.944072 1.558481
v -0.561643 0.980984 1.558769
v -0.554036 0.939912 1.583807
v -0.563019 0.974583 1.586080
v -0.581971 0.824422 1.466754
v -0.583220 0.824183 1.418738
v -0.581586 0.783876 1.417260
v -0.585776 0.824028 1.371608
v -0.583639 0.783314 1.371319
v -0.581550 0.742920 1.370507
v -0.584441 0.783026 1.326319
v -0.582873 0.742474 1.325445
v -0.581642 0.702523 1.324425
v -0.583670 0.742181 1.280777
v -0.582536 0.701915 1.279665
v -0.581011 0.661803 1.279545
v -0.583239 0.700760 1.236098
v -0.581787 0.659826 1.236308
v -0.580312 0.618836 1.237253
v -0.581782 0.657040 1.194201
v -0.580280 0.615648 1.195335
v -0.579656 0.574517 1.196275
v -0.580332 0.612045 1.153927
v -0.578852 0.570594 1.154981
v -0.578104 0.528988 1.155957
v -0.576156 0.566698 1.114732
v -0.576955 0.524250 1.115798
v -0.575064 0.482833 1.116893
v -0.569648 0.519932 1.078945
v -0.568459 0.477052 1.080173
v -0.569873 0.435958 1.083107
v -0.554245 0.471913 1.051245
v -0.555157 0.430220 1.052984
v -0.551722 0.390818 1.057335
v -0.531496 0.426463 1.030696
v -0.526526 0.385940 1.036838
v -0.525976 0.345400 1.037398
v -0.502664 0.381861 1.013456
v -0.502561 0.340489 1.015385
v -0.502586 0.298067 1.019158
v -0.473789 0.334471 1.008678
v -0.472487 0.291615 1.011741
v -0.470244 0.247140 1.011484
v -0.438209 0.285532 1.006692
v -0.435036 0.240384 1.005683
v -0.432656 0.194564 1.009349
v -0.395881 0.234488 1.001449
v -0.393861 0.188254 1.004486
v -0.392918 0.145765 1.008327
v -0.354731 0.183149 1.000266
v -0.353913 0.140757 1.003327
v -0.352859 0.103034 1.009755
v -0.315580 0.136010 1.002821
v -0.315325 0.100913 1.009628
v -0.314366 0.074146 1.015468
v -0.280640 0.099370 1.011399
v -0.280394 0.072951 1.016528
v -0.279343 0.050916 1.017766
v -0.248141 0.072061 1.018422
v -0.248235 0.050636 1.018425
v -0.218311 0.070964 1.017707
v -0.219824 0.050258 1.018398
v -0.190723 0.070464 1.015631
v -0.192620 0.050567 1.016746
v -0.163319 0.068578 1.012459
v -0.164942 0.050507 1.013708
v -0.165617 0.033742 1.014014
v -0.137873 0.050084 1.011151
v -0.138450 0.034966 1.011679
v -0.138696 0.020647 1.011918
v -0.166133 0.018139 1.012996
v -0.139358 0.009275 1.011597
v -0.161426 0.006817 1.006450
v -0.138589 0.006817 1.000671
v -0.158095 0.006817 1.000304
v -0.111149 0.009785 1.012031
v -0.110132 0.006817 1.001419
v -0.111894 0.021891 1.011720
v -0.112311 0.034869 1.011292
v -0.087868 0.034344 1.013092
v -0.088019 0.047047 1.011376
v -0.068285 0.045646 1.015841
v -0.069491 0.033057 1.017300
v -0.111731 0.048922 1.010306
v -0.110692 0.063583 1.009184
v -0.087276 0.061511 1.009639
v -0.136286 0.066105 1.009834
v -0.134178 0.084885 1.008068
v -0.108695 0.081770 1.007531
v -0.160665 0.088581 1.009785
v -0.157080 0.113484 1.006193
v -0.131560 0.108153 1.006240
v -0.188024 0.092017 1.011667
v -0.183781 0.118473 1.006450
v -0.176973 0.153598 1.002504
v -0.151283 0.146154 1.003039
v -0.216406 0.095060 1.012721
v -0.213332 0.124232 1.006843
v -0.209279 0.162289 1.001340
v -0.245588 0.129513 1.006058
v -0.242783 0.169886 1.000205
v -0.279865 0.133218 1.004816
v -0.278314 0.174838 0.999302
v -0.277485 0.222581 0.994681
v -0.279440 0.271498 0.992366
v -0.315692 0.178764 0.998511
v -0.316641 0.225748 0.994937
v -0.319498 0.273351 0.994465
v -0.324472 0.320717 0.995919
v -0.284310 0.320074 0.994051
v -0.356476 0.229659 0.997756
v -0.359344 0.276334 0.997931
v -0.364259 0.322810 0.998504
v -0.369904 0.369627 0.996369
v -0.331321 0.368677 0.995527
v -0.399162 0.280338 1.001946
v -0.403409 0.325882 1.001281
v -0.407797 0.372208 0.997956
v -0.411860 0.420122 0.996233
v -0.375403 0.417540 0.993313
v -0.441622 0.329832 1.004649
v -0.444600 0.375421 1.001233
v -0.447960 0.422767 1.000930
v -0.450854 0.469177 1.001559
v -0.414939 0.467405 0.996011
v -0.474958 0.378897 1.005822
v -0.478752 0.424200 1.005653
v -0.483568 0.469817 1.005709
v -0.485446 0.514650 1.009548
v -0.451491 0.514076 1.006685
v -0.507116 0.423850 1.013311
v -0.511765 0.469262 1.013274
v -0.514477 0.515081 1.013616
v -0.515383 0.559387 1.014473
v -0.486252 0.559920 1.010629
v -0.535718 0.469392 1.027748
v -0.538853 0.515589 1.027543
v -0.541066 0.560026 1.026810
v -0.543274 0.604922 1.025560
v -0.517280 0.604281 1.011596
v -0.556622 0.517034 1.049486
v -0.560135 0.561171 1.048668
v -0.562002 0.605489 1.048541
v -0.563901 0.648886 1.048604
v -0.544460 0.648689 1.026705
v -0.571808 0.563225 1.078358
v -0.575024 0.606584 1.077384
v -0.576863 0.649655 1.077151
v -0.577900 0.692544 1.076417
v -0.565036 0.691726 1.048383
v -0.579429 0.608822 1.113724
v -0.580942 0.651434 1.113184
v -0.582118 0.694303 1.112341
v -0.583269 0.736679 1.110911
v -0.578824 0.734709 1.073959
v -0.581293 0.654015 1.152951
v -0.582292 0.696601 1.152512
v -0.584160 0.739041 1.152179
v -0.585422 0.780406 1.151272
v -0.584430 0.778045 1.108085
v -0.583677 0.698964 1.193780
v -0.585258 0.741089 1.194685
v -0.585994 0.782412 1.195446
v -0.586992 0.822601 1.194641
v -0.586316 0.819935 1.149266
v -0.584125 0.742099 1.237448
v -0.586129 0.783579 1.239255
v -0.587387 0.824819 1.239568
v -0.588380 0.865448 1.237980
v -0.587862 0.862644 1.191610
v -0.585080 0.783408 1.282409
v -0.586982 0.824862 1.283185
v -0.587738 0.865864 1.282261
v -0.585925 0.824254 1.326414
v -0.587059 0.865042 1.325121
v -0.588958 0.903421 1.186897
v -0.589741 0.901127 1.142267
v -0.587713 0.859876 1.146182
v -0.588903 0.900321 1.101385
v -0.587654 0.858890 1.102591
v -0.585764 0.818496 1.104750
v -0.577888 0.858423 1.061623
v -0.578190 0.817106 1.064570
v -0.578661 0.775648 1.069438
v -0.560913 0.816029 1.036517
v -0.563319 0.774636 1.041618
v -0.565681 0.733541 1.045871
v -0.548697 0.774567 1.026953
v -0.547850 0.733388 1.027530
v -0.546157 0.691567 1.027750
v -0.525107 0.733753 1.014480
v -0.521110 0.691800 1.013445
v -0.518355 0.648697 1.012659
v -0.490096 0.692245 1.005762
v -0.487600 0.648678 1.005041
v -0.487082 0.604096 1.005360
v -0.453316 0.648676 1.000395
v -0.453128 0.604104 0.999685
v -0.452530 0.559542 1.004025
v -0.418083 0.603775 0.995535
v -0.417744 0.558662 0.996046
v -0.416495 0.513330 0.997563
v -0.383857 0.557288 0.991890
v -0.382621 0.511574 0.991641
v -0.379606 0.464951 0.991653
v -0.348526 0.509488 0.991931
v -0.345240 0.463198 0.994050
v -0.338687 0.416075 0.994532
v -0.305789 0.462887 0.996730
v -0.299341 0.416749 0.996490
v -0.292129 0.369263 0.995586
v -0.259648 0.418357 0.996041
v -0.252530 0.371869 0.996141
v -0.217250 0.422155 0.995260
v -0.211068 0.377131 0.997222
v -0.172648 0.427072 0.994644
v -0.164782 0.385305 0.998434
v -0.124947 0.432392 0.992841
v -0.116256 0.393677 0.997124
v -0.106532 0.360217 1.004903
v -0.066387 0.401812 1.000985
v -0.057795 0.372733 1.008198
v -0.047878 0.349035 1.016101
v -0.094088 0.331862 1.009282
v -0.036146 0.328956 1.019668
v -0.077456 0.308965 1.006606
v -0.023951 0.314303 1.014380
v -0.062572 0.292244 1.004936
v -0.097639 0.263778 0.996874
v -0.050222 0.281227 1.004359
v -0.080481 0.251491 0.997972
v -0.104104 0.217316 0.998064
v -0.123869 0.228030 0.997028
v -0.119967 0.178630 1.000948
v -0.141173 0.187566 1.000049
v -0.128191 0.139479 1.003992
v -0.098997 0.170774 1.000878
v -0.104674 0.133725 1.003271
v -0.106778 0.103692 1.005852
v -0.080415 0.126618 0.999438
v -0.083330 0.100030 1.004358
v -0.085854 0.078685 1.007024
v -0.061529 0.093115 0.997514
v -0.065392 0.075866 1.006262
v -0.066903 0.060082 1.011487
v -0.056775 0.110546 0.985604
v -0.079396 0.163800 0.995593
v -0.065417 0.158117 0.982122
v -0.070823 0.201186 0.994636
v -0.060178 0.196267 0.983842
v -0.051656 0.191761 0.972386
v -0.052533 0.154477 0.972975
v -0.040850 0.113923 0.973003
v -0.013612 0.072020 0.975019
v -0.025356 0.064006 0.986984
v -0.028415 0.115884 0.969628
v -0.003467 0.078754 0.971414
v -0.015721 0.118335 0.969777
v 0.006319 0.085614 0.970894
v 0.034751 0.058893 0.973329
v 0.014217 0.091636 0.970775
v 0.041151 0.068008 0.974413
v 0.070495 0.052776 0.974845
v 0.065665 0.041815 0.974686
v 0.105055 0.045656 0.975243
v 0.045630 0.075717 0.979811
v 0.073557 0.062280 0.981347
v 0.049530 0.082592 0.988476
v 0.021956 0.096850 0.978978
v 0.028913 0.100284 0.989087
v 0.037642 0.103226 0.999573
v 0.053778 0.088879 0.997660
v 0.056697 0.091645 1.007234
v 0.054857 0.088145 1.017900
v 0.072078 0.077481 1.016658
v 0.018170 0.123330 0.988235
v 0.006578 0.122641 0.978738
v 0.001761 0.148144 0.975638
v 0.016393 0.145859 0.984494
v 0.002460 0.171418 0.973435
v 0.018091 0.166216 0.981074
v 0.009124 0.194193 0.972174
v 0.022435 0.186144 0.978482
v 0.041907 0.178134 0.985506
v 0.066044 0.170818 0.987108
v 0.095234 0.182351 0.985566
v 0.091524 0.164764 0.984184
v 0.118580 0.176867 0.988061
v 0.120219 0.202261 0.984055
v 0.142391 0.196503 0.982749
v 0.140439 0.172395 0.987734
v 0.096651 0.206399 0.983185
v 0.094627 0.229878 0.974996
v 0.120158 0.226556 0.975038
v 0.120650 0.247979 0.969889
v 0.145704 0.239825 0.968773
v 0.142869 0.220277 0.974351
v 0.091425 0.249929 0.970392
v 0.087346 0.265948 0.967927
v 0.119876 0.265587 0.966995
v 0.063058 0.244611 0.970113
v 0.057192 0.258768 0.967651
v 0.050919 0.272920 0.967367
v 0.083456 0.281634 0.966709
v 0.038550 0.232178 0.970078
v 0.030955 0.244892 0.966787
v 0.022357 0.257125 0.965465
v 0.013850 0.268031 0.965365
v 0.045105 0.285587 0.966268
v 0.009624 0.225543 0.967853
v -0.000998 0.235517 0.966772
v -0.011502 0.245064 0.966587
v -0.021927 0.254418 0.970280
v 0.006769 0.277820 0.967940
v -0.016665 0.211158 0.967023
v -0.029313 0.219259 0.967072
v -0.041461 0.226875 0.971592
v -0.048903 0.232236 0.983668
v -0.027304 0.262683 0.980259
v -0.039260 0.186949 0.968037
v -0.025475 0.182711 0.968002
v -0.025707 0.151274 0.968733
v -0.039519 0.152544 0.968797
v -0.011785 0.177304 0.968991
v -0.012837 0.149946 0.969893
v -0.003918 0.120757 0.971394
v -0.003482 0.202383 0.968441
v 0.020547 0.214151 0.970687
v -0.030956 0.267911 0.992445
v -0.001211 0.291124 0.987582
v 0.001652 0.285363 0.975250
v -0.055963 0.236251 0.994277
v -0.066904 0.242259 1.000032
v -0.038317 0.273490 1.000656
v -0.086034 0.208294 0.998448
v -0.014645 0.304814 1.006436
v -0.004616 0.295420 0.999284
v 0.022763 0.318840 1.006897
v 0.028866 0.312652 0.996678
v 0.031752 0.310178 0.984750
v 0.067405 0.323914 0.996416
v 0.070031 0.322172 0.983797
v 0.072551 0.317685 0.971908
v 0.034433 0.305435 0.974114
v 0.075954 0.307480 0.966321
v 0.039176 0.296643 0.966854
v 0.079797 0.295261 0.965798
v 0.119270 0.307333 0.964925
v 0.120047 0.294481 0.965202
v 0.119734 0.280445 0.966327
v 0.157469 0.283403 0.966712
v 0.153619 0.270335 0.967420
v 0.150284 0.256459 0.966323
v 0.180701 0.254646 0.966869
v 0.173160 0.243405 0.966391
v 0.203876 0.232141 0.966286
v 0.192831 0.224690 0.966564
v 0.219357 0.200371 0.967131
v 0.206571 0.196834 0.967466
v 0.223718 0.163540 0.967146
v 0.209994 0.164438 0.968209
v 0.195680 0.165033 0.971829
v 0.204624 0.130733 0.968623
v 0.191529 0.135699 0.977507
v 0.176397 0.140574 0.987908
v 0.180185 0.166492 0.980167
v 0.161571 0.168893 0.985970
v 0.180160 0.109608 0.978008
v 0.165452 0.115700 0.988034
v 0.169820 0.088749 0.978145
v 0.180224 0.081230 0.973272
v 0.170732 0.064321 0.973970
v 0.192095 0.102302 0.970226
v 0.203018 0.094506 0.969084
v 0.189489 0.073280 0.972455
v 0.217374 0.125619 0.967617
v 0.229732 0.120147 0.968880
v 0.213324 0.086542 0.971192
v 0.236278 0.162811 0.968521
v 0.248331 0.161759 0.971125
v 0.239683 0.115795 0.973637
v 0.230975 0.203430 0.967237
v 0.242395 0.206900 0.969418
v 0.249970 0.209312 0.977849
v 0.256194 0.160778 0.979427
v 0.213790 0.238989 0.966050
v 0.223543 0.245994 0.968034
v 0.230436 0.251516 0.975799
v 0.232811 0.254160 0.986785
v 0.252450 0.210055 0.988914
v 0.195344 0.275458 0.966834
v 0.200697 0.284019 0.973531
v 0.202117 0.288041 0.984313
v 0.201720 0.290219 0.995760
v 0.233331 0.256071 0.998354
v 0.163386 0.305313 0.972348
v 0.163816 0.311195 0.981227
v 0.163098 0.314352 0.992155
v 0.161115 0.314583 1.003335
v 0.199952 0.290746 1.006718
v 0.116232 0.324084 0.981151
v 0.114492 0.325949 0.993777
v 0.117475 0.318095 0.970424
v 0.161185 0.295788 0.966686
v 0.188250 0.265299 0.966602
v 0.194889 0.288468 1.015945
v 0.226475 0.254452 1.019011
v 0.231712 0.256193 1.009825
v 0.156923 0.311930 1.015872
v 0.154681 0.301758 1.019720
v 0.186771 0.281568 1.019209
v 0.177849 0.272434 1.019418
v 0.206091 0.244246 1.019369
v 0.216751 0.250180 1.020656
v 0.149652 0.289492 1.020166
v 0.141872 0.275444 1.020926
v 0.166621 0.262491 1.021038
v 0.123664 0.300296 1.022103
v 0.122436 0.283215 1.021897
v 0.114852 0.264064 1.019016
v 0.130087 0.257967 1.018720
v 0.112200 0.306719 1.030858
v 0.110835 0.287189 1.029753
v 0.103345 0.268253 1.025138
v 0.089723 0.250829 1.019937
v 0.100075 0.245436 1.014281
v 0.100260 0.265563 1.037278
v 0.104478 0.258741 1.047005
v 0.116268 0.239172 1.014511
v 0.078032 0.228330 1.017073
v 0.080009 0.205210 1.020570
v 0.137226 0.234137 1.013861
v 0.152250 0.249787 1.018920
v 0.163368 0.218733 1.014120
v 0.180029 0.230635 1.020807
v 0.193839 0.237982 1.021625
v 0.199157 0.196766 1.022561
v 0.214077 0.200773 1.023585
v 0.226142 0.203978 1.021068
v 0.218461 0.156617 1.024227
v 0.230523 0.157128 1.021194
v 0.241807 0.157913 1.021097
v 0.237218 0.206777 1.022648
v 0.252015 0.158477 1.019482
v 0.247585 0.209264 1.020671
v 0.258179 0.159049 1.012007
v 0.252664 0.210392 1.011438
v 0.259084 0.159682 1.001500
v 0.253702 0.210733 1.000270
v 0.258470 0.160223 0.990621
v 0.248690 0.110095 1.004169
v 0.248863 0.111014 0.993198
v 0.246748 0.112496 0.981965
v 0.227857 0.072857 0.997259
v 0.226524 0.075208 0.987066
v 0.220923 0.080100 0.977993
v 0.205951 0.053988 0.989013
v 0.202652 0.059113 0.981626
v 0.197349 0.065516 0.975252
v 0.185247 0.049002 0.975425
v 0.178335 0.057037 0.973437
v 0.178363 0.037334 0.971767
v 0.165936 0.043720 0.971972
v 0.147499 0.047894 0.973696
v 0.170718 0.031232 0.969143
v 0.148713 0.030361 0.970647
v 0.227183 0.071455 1.008054
v 0.224327 0.071445 1.018260
v 0.198975 0.048863 1.017962
v 0.246462 0.109887 1.014374
v 0.240203 0.110505 1.021854
v 0.217104 0.074420 1.025160
v 0.206547 0.079825 1.026775
v 0.182654 0.056882 1.026644
v 0.191870 0.052255 1.023969
v 0.230063 0.112562 1.024877
v 0.218363 0.114811 1.025781
v 0.195671 0.084419 1.026762
v 0.183628 0.087958 1.026574
v 0.170540 0.060201 1.027482
v 0.206843 0.116605 1.026307
v 0.193043 0.118706 1.023546
v 0.204218 0.155598 1.023972
v 0.190817 0.152863 1.017544
v 0.180146 0.119288 1.017809
v 0.183582 0.191340 1.016160
v 0.147082 0.204209 1.011888
v 0.153311 0.041486 1.027688
v 0.165694 0.038678 1.025938
v 0.144323 0.024154 1.026762
v 0.155206 0.023963 1.024912
v 0.163321 0.022263 1.022233
v 0.173533 0.035505 1.023148
v 0.152031 0.010078 1.023102
v 0.159926 0.012011 1.020245
v 0.142856 0.007831 1.028804
v 0.128669 0.024444 1.028007
v 0.127132 0.007637 1.031634
v 0.107591 0.025399 1.028684
v 0.104498 0.008684 1.029177
v 0.077923 0.025005 1.029311
v 0.076461 0.014194 1.030199
v 0.049389 0.007040 1.037034
v 0.101142 0.009269 1.033377
v 0.016335 0.331227 1.013401
v 0.008290 0.343355 1.021088
v -0.001110 0.361494 1.021843
v 0.039898 0.365429 1.028306
v 0.032458 0.387507 1.024020
v 0.071996 0.378690 1.024125
v 0.076167 0.355830 1.019545
v -0.011095 0.383052 1.017724
v -0.021031 0.408574 1.011739
v 0.024624 0.410578 1.017585
v 0.014767 0.441618 1.011149
v 0.057905 0.438002 1.013996
v 0.065948 0.404684 1.020105
v -0.030638 0.440469 1.006617
v -0.040207 0.478334 1.004205
v 0.005645 0.478636 1.006179
v -0.075709 0.437437 0.995042
v -0.084207 0.475946 0.992555
v -0.090526 0.516697 0.991985
v -0.047461 0.518745 1.003047
v -0.131634 0.472716 0.992114
v -0.136773 0.514181 0.992740
v -0.140156 0.556233 0.992755
v -0.094991 0.558417 0.992512
v -0.178356 0.469178 0.993448
v -0.182082 0.511564 0.993747
v -0.184972 0.554165 0.993280
v -0.186971 0.597180 0.991072
v -0.142574 0.598817 0.991802
v -0.226406 0.509183 0.994017
v -0.228819 0.552560 0.993109
v -0.230507 0.596072 0.990308
v -0.231256 0.640218 0.986471
v -0.188347 0.640567 0.988796
v -0.271427 0.551914 0.993714
v -0.273020 0.595735 0.990652
v -0.273330 0.640822 0.985675
v -0.272685 0.686332 0.987967
v -0.231336 0.685144 0.987604
v -0.313480 0.597103 0.993284
v -0.312738 0.642133 0.991925
v -0.311874 0.688014 0.991763
v -0.311776 0.733628 0.990474
v -0.272147 0.731697 0.987314
v -0.348716 0.644999 0.988968
v -0.348252 0.690072 0.990198
v -0.349152 0.735291 0.989478
v -0.350722 0.780405 0.989027
v -0.312140 0.778532 0.990897
v -0.383694 0.691754 0.992199
v -0.385634 0.736392 0.992197
v -0.388653 0.781455 0.992650
v -0.392238 0.826248 0.992346
v -0.352441 0.824904 0.987896
v -0.422446 0.736923 0.996404
v -0.426963 0.781659 0.997259
v -0.432324 0.826020 0.997239
v -0.473577 0.823722 1.002434
v -0.480758 0.865719 1.003115
v -0.437127 0.868734 0.996772
v -0.394982 0.869620 0.991567
v -0.465953 0.780537 1.002243
v -0.502725 0.777908 1.007974
v -0.511214 0.820100 1.008447
v -0.459337 0.736375 1.001295
v -0.494848 0.734976 1.006397
v -0.455155 0.692624 1.001075
v -0.531403 0.775360 1.016395
v -0.553256 0.815318 1.019850
v -0.536495 0.817283 1.018817
v -0.556586 0.857210 1.016782
v -0.539690 0.858369 1.014523
v -0.517451 0.861452 1.011103
v -0.542407 0.898892 1.013333
v -0.520891 0.901732 1.013224
v -0.484802 0.906257 1.006824
v -0.525525 0.940732 1.014965
v -0.488686 0.948278 1.009130
v -0.444872 0.949729 1.000058
v -0.440894 0.908770 0.996824
v -0.398796 0.945362 0.994511
v -0.396918 0.908486 0.992240
v -0.354620 0.942152 0.988835
v -0.353981 0.907179 0.987671
v -0.353619 0.867924 0.987743
v -0.312475 0.904213 0.989762
v -0.312814 0.864731 0.989910
v -0.312590 0.822488 0.991418
v -0.270874 0.861493 0.986491
v -0.271282 0.819571 0.987594
v -0.271662 0.776185 0.987293
v -0.228977 0.816804 0.984899
v -0.229915 0.773760 0.985162
v -0.230739 0.729845 0.986723
v -0.187286 0.771576 0.984916
v -0.188217 0.728273 0.986925
v -0.188777 0.684510 0.989140
v -0.144723 0.727420 0.987455
v -0.144974 0.684577 0.989448
v -0.144248 0.641731 0.990558
v -0.100352 0.685483 0.991073
v -0.099627 0.643067 0.991905
v -0.097907 0.600554 0.992473
v -0.055144 0.644378 0.993353
v -0.053748 0.601988 0.994569
v -0.051674 0.560230 0.998725
v -0.010239 0.602796 0.995426
v -0.007287 0.560642 0.999147
v -0.002277 0.519373 1.003354
v 0.034822 0.561048 1.001981
v 0.040760 0.519109 1.005258
v 0.048972 0.477245 1.008920
v 0.080863 0.518336 1.008068
v 0.088634 0.474954 1.012085
v 0.097550 0.431311 1.015665
v 0.118222 0.472746 1.016290
v 0.101518 0.391519 1.020465
v 0.113063 0.517621 1.013866
v 0.139490 0.516864 1.022055
v 0.142666 0.470012 1.022713
v 0.164118 0.515633 1.032964
v 0.164600 0.467992 1.032904
v 0.183229 0.513755 1.050302
v 0.181244 0.466374 1.048909
v 0.180562 0.410573 1.049496
v 0.192252 0.465526 1.070418
v 0.192032 0.412282 1.070802
v 0.185934 0.362324 1.083100
v 0.171814 0.356409 1.062618
v 0.177442 0.319438 1.093345
v 0.158661 0.314460 1.076516
v 0.173792 0.281933 1.092724
v 0.190294 0.325764 1.117661
v 0.190072 0.285258 1.120631
v 0.188851 0.251931 1.121335
v 0.170773 0.247762 1.091032
v 0.185598 0.228572 1.124997
v 0.168243 0.224287 1.097621
v 0.194166 0.254467 1.156117
v 0.191808 0.231851 1.158282
v 0.182553 0.214829 1.161458
v 0.192628 0.232861 1.188588
v 0.195314 0.256472 1.188215
v 0.195264 0.258556 1.218265
v 0.194697 0.235013 1.216467
v 0.195406 0.261400 1.252025
v 0.195526 0.238130 1.250758
v 0.194968 0.263380 1.286784
v 0.195928 0.240126 1.286807
v 0.191405 0.224177 1.287446
v 0.195848 0.240288 1.319927
v 0.191898 0.224523 1.320402
v 0.181320 0.210941 1.321733
v 0.178888 0.212226 1.288399
v 0.164998 0.201948 1.325547
v 0.163431 0.202877 1.289938
v 0.148121 0.189459 1.329146
v 0.147239 0.194029 1.291651
v 0.146689 0.194768 1.254068
v 0.133545 0.182543 1.255608
v 0.136404 0.178631 1.226119
v 0.138220 0.175513 1.205196
v 0.133019 0.165411 1.256217
v 0.146708 0.153842 1.254747
v 0.164835 0.148919 1.285448
v 0.169646 0.146001 1.322380
v 0.159296 0.135327 1.321186
v 0.160410 0.136540 1.281732
v 0.144394 0.129732 1.320405
v 0.144718 0.132001 1.279953
v 0.144413 0.134845 1.247702
v 0.127427 0.127067 1.280444
v 0.125730 0.129523 1.246493
v 0.106549 0.118526 1.281106
v 0.105211 0.121029 1.245496
v 0.100757 0.122630 1.214640
v 0.093383 0.128867 1.182524
v 0.080425 0.105955 1.246023
v 0.076350 0.107485 1.213304
v 0.070367 0.112070 1.179991
v 0.067645 0.114111 1.150805
v 0.088092 0.136122 1.154630
v 0.051447 0.088412 1.213631
v 0.045983 0.090940 1.180400
v 0.043139 0.091515 1.150153
v 0.023426 0.064937 1.181807
v 0.017445 0.066883 1.150416
v 0.019352 0.065151 1.124452
v 0.044424 0.088540 1.126717
v 0.071807 0.108942 1.130121
v 0.090355 0.130833 1.133614
v 0.044346 0.087729 1.109606
v 0.073243 0.102438 1.113685
v 0.094704 0.120725 1.117979
v 0.094739 0.119401 1.103908
v 0.070561 0.104838 1.099135
v 0.041861 0.090264 1.097212
v 0.037871 0.094922 1.086527
v 0.066628 0.109422 1.086708
v 0.090414 0.124323 1.091443
v 0.105568 0.136355 1.098100
v 0.061579 0.114421 1.074289
v 0.084450 0.129847 1.076662
v 0.098584 0.143088 1.081555
v 0.108671 0.153728 1.084507
v 0.116116 0.145560 1.103748
v 0.079531 0.131385 1.057118
v 0.096158 0.142743 1.054308
v 0.074708 0.131310 1.039539
v 0.056442 0.118406 1.060151
v 0.051975 0.119846 1.046666
v 0.029064 0.103374 1.065257
v 0.025916 0.104015 1.054405
v 0.002229 0.082393 1.067715
v 0.000431 0.083140 1.057229
v 0.001685 0.080794 1.046954
v -0.017683 0.055785 1.055597
v -0.016765 0.054801 1.045642
v -0.014322 0.052184 1.035958
v 0.007443 0.074424 1.038743
v -0.018073 0.056203 1.064923
v 0.006050 0.079069 1.077097
v -0.013852 0.051680 1.072356
v 0.011046 0.074084 1.085142
v -0.009202 0.046699 1.078967
v 0.015912 0.069272 1.093798
v -0.004217 0.041357 1.086438
v 0.019387 0.065562 1.104360
v 0.000665 0.036127 1.099381
v 0.003451 0.033142 1.124369
v 0.004140 0.032404 1.151963
v 0.004426 0.032098 1.182396
v 0.027912 0.062452 1.214247
v 0.004107 0.032439 1.214746
v 0.028889 0.062047 1.247663
v 0.004293 0.032239 1.248170
v 0.029271 0.061278 1.283175
v 0.006400 0.029981 1.283529
v 0.029262 0.060154 1.319295
v 0.005095 0.031380 1.319168
v 0.027931 0.060012 1.353627
v 0.006843 0.029508 1.353132
v 0.007629 0.028672 1.385351
v 0.008404 0.028163 1.415027
v 0.009365 0.027532 1.442198
v 0.053735 0.083492 1.319286
v 0.051257 0.082670 1.353864
v 0.079539 0.101738 1.319435
v 0.075075 0.101040 1.353906
v 0.104988 0.115849 1.319607
v 0.098974 0.117634 1.354448
v 0.088687 0.122305 1.383432
v 0.120989 0.130335 1.355093
v 0.110111 0.139948 1.380769
v 0.101853 0.145732 1.410722
v 0.108507 0.142311 1.436237
v 0.119095 0.137257 1.449577
v 0.121470 0.142709 1.464916
v 0.103532 0.123808 1.471939
v 0.104861 0.132254 1.490909
v 0.119316 0.153446 1.481554
v 0.136239 0.167819 1.471692
v 0.159370 0.184374 1.461578
v 0.175970 0.203725 1.443136
v 0.178988 0.209644 1.454819
v 0.190349 0.220245 1.428554
v 0.194769 0.233234 1.437296
v 0.176342 0.222166 1.467763
v 0.183571 0.210183 1.420743
v 0.184183 0.212238 1.396102
v 0.194262 0.224644 1.401482
v 0.168390 0.199691 1.412145
v 0.193661 0.225341 1.375759
v 0.197969 0.239827 1.377694
v 0.198073 0.239662 1.406629
v 0.185971 0.211198 1.372997
v 0.185206 0.210305 1.350679
v 0.193077 0.224427 1.350343
v 0.173929 0.193671 1.351152
v 0.162420 0.174161 1.353264
v 0.197383 0.239191 1.350473
v 0.195438 0.262536 1.320222
v 0.196597 0.261392 1.351455
v 0.197562 0.260740 1.380592
v 0.196532 0.299255 1.354432
v 0.197576 0.296438 1.386628
v 0.198496 0.291570 1.418783
v 0.198356 0.258799 1.411919
v 0.191517 0.287205 1.453497
v 0.193415 0.254820 1.446275
v 0.171722 0.283932 1.483303
v 0.173968 0.246416 1.478510
v 0.190168 0.325043 1.460079
v 0.170636 0.319458 1.486816
v 0.192992 0.360359 1.472582
v 0.178299 0.350468 1.501038
v 0.155059 0.343640 1.521734
v 0.185351 0.391464 1.517794
v 0.162965 0.385296 1.540912
v 0.133429 0.381474 1.555362
v 0.128669 0.339835 1.534692
v 0.164023 0.436055 1.545232
v 0.135467 0.433032 1.558837
v 0.101610 0.431503 1.564958
v 0.137892 0.483145 1.561360
v 0.101770 0.481765 1.566450
v 0.062548 0.480360 1.570832
v 0.066018 0.431762 1.568630
v 0.102099 0.529643 1.567456
v 0.061888 0.527649 1.572364
v 0.020231 0.527039 1.575775
v 0.019910 0.574063 1.577182
v -0.022525 0.577137 1.581473
v -0.022785 0.530647 1.578071
v 0.060970 0.574759 1.573386
v 0.060319 0.621511 1.575560
v 0.019834 0.620681 1.582659
v 0.101484 0.576658 1.568638
v 0.101050 0.622673 1.570730
v 0.139647 0.623893 1.564528
v 0.140668 0.669140 1.565309
v 0.102164 0.668442 1.574619
v 0.061408 0.667996 1.580132
v 0.139467 0.578363 1.562762
v 0.168760 0.579514 1.547446
v 0.169888 0.625221 1.548544
v 0.138703 0.531271 1.561543
v 0.167485 0.532848 1.547101
v 0.188291 0.534666 1.524594
v 0.190415 0.580808 1.524959
v 0.166267 0.485061 1.547201
v 0.186910 0.487703 1.524598
v 0.199457 0.491130 1.495008
v 0.200873 0.536991 1.495435
v 0.185366 0.440043 1.522929
v 0.198499 0.444799 1.493497
v 0.201408 0.450739 1.457463
v 0.202552 0.495260 1.459152
v 0.198503 0.399448 1.487227
v 0.200604 0.409315 1.450781
v 0.199174 0.418309 1.412332
v 0.199844 0.457535 1.417646
v 0.198573 0.370312 1.439305
v 0.198570 0.378723 1.403457
v 0.197360 0.383889 1.366435
v 0.198087 0.424229 1.372667
v 0.198403 0.331313 1.427917
v 0.198015 0.337870 1.394287
v 0.197057 0.342122 1.359675
v 0.195709 0.344148 1.325145
v 0.196565 0.386699 1.329325
v 0.195714 0.300111 1.321819
v 0.194934 0.300068 1.287892
v 0.194791 0.345364 1.289884
v 0.195181 0.345160 1.254082
v 0.195122 0.388695 1.254440
v 0.195478 0.388472 1.292050
v 0.195190 0.299319 1.253207
v 0.195281 0.297920 1.219478
v 0.195320 0.343444 1.218289
v 0.195803 0.340283 1.182873
v 0.195892 0.384442 1.177926
v 0.195582 0.387755 1.216368
v 0.195667 0.295182 1.186451
v 0.195199 0.290539 1.153634
v 0.196153 0.333396 1.147672
v 0.192468 0.370535 1.108318
v 0.196455 0.377995 1.139907
v 0.196582 0.416492 1.098903
v 0.197666 0.422125 1.134481
v 0.196648 0.426661 1.174600
v 0.197629 0.466315 1.134418
v 0.197668 0.468286 1.175198
v 0.197277 0.469686 1.215459
v 0.195933 0.429076 1.215239
v 0.197556 0.470027 1.255942
v 0.195413 0.429993 1.254904
v 0.197603 0.469242 1.296301
v 0.196776 0.429284 1.294247
v 0.198396 0.467060 1.336474
v 0.197695 0.427422 1.333407
v 0.199354 0.463215 1.376956
v 0.199792 0.507258 1.338711
v 0.200488 0.503890 1.379308
v 0.201775 0.499733 1.419873
v 0.201771 0.545939 1.380623
v 0.202691 0.543063 1.420856
v 0.203499 0.539973 1.459897
v 0.203873 0.586823 1.421410
v 0.204605 0.584711 1.460217
v 0.202347 0.582568 1.495367
v 0.205658 0.629298 1.460365
v 0.203580 0.627689 1.495276
v 0.191432 0.626391 1.524906
v 0.205245 0.672280 1.494974
v 0.193171 0.671061 1.524830
v 0.171814 0.669917 1.549209
v 0.196075 0.715477 1.524031
v 0.176546 0.714602 1.550806
v 0.144610 0.714462 1.568380
v 0.180483 0.759593 1.549080
v 0.147828 0.760043 1.567497
v 0.106919 0.761245 1.575770
v 0.104376 0.714759 1.575594
v 0.063760 0.761709 1.581815
v 0.063190 0.715336 1.580863
v 0.020031 0.760321 1.587024
v 0.021398 0.715261 1.585066
v 0.020507 0.668473 1.584088
v -0.022096 0.714602 1.588869
v -0.021326 0.669690 1.587477
v -0.021544 0.622591 1.586233
v -0.066338 0.672082 1.590769
v -0.066276 0.627678 1.589111
v -0.067614 0.583079 1.587867
v -0.115218 0.634438 1.593752
v -0.116485 0.591979 1.591355
v -0.118821 0.549271 1.589885
v -0.069440 0.539051 1.585931
v -0.122799 0.507246 1.588422
v -0.167951 0.557178 1.592388
v -0.171314 0.515884 1.591612
v -0.177366 0.474085 1.590489
v -0.130409 0.466046 1.587479
v -0.185272 0.430324 1.588602
v -0.142032 0.421619 1.586435
v -0.192957 0.383329 1.587566
v -0.153455 0.374423 1.585413
v -0.113752 0.360094 1.582803
v -0.161488 0.327243 1.583878
v -0.124164 0.314038 1.581346
v -0.086591 0.295461 1.577871
v -0.074451 0.338267 1.579233
v -0.058594 0.277540 1.571670
v -0.042595 0.313046 1.572012
v -0.021248 0.344302 1.571813
v -0.025078 0.298112 1.568044
v -0.000855 0.322371 1.567874
v 0.027558 0.337999 1.565342
v 0.009389 0.312976 1.561968
v 0.038475 0.323159 1.561804
v 0.019424 0.303685 1.561599
v 0.046209 0.315536 1.564100
v 0.022970 0.299059 1.572388
v 0.050772 0.312738 1.574087
v 0.086578 0.321170 1.573105
v 0.125074 0.320821 1.575156
v 0.054161 0.312889 1.584909
v 0.088530 0.321450 1.584688
v 0.125479 0.320964 1.585240
v 0.159578 0.313065 1.585225
v 0.158797 0.313108 1.575345
v 0.090851 0.319750 1.595748
v 0.126015 0.318396 1.595248
v 0.160163 0.311318 1.595193
v 0.189920 0.296407 1.593367
v 0.189881 0.298583 1.583088
v 0.125999 0.310475 1.602220
v 0.158355 0.303825 1.602145
v 0.187339 0.290539 1.601520
v 0.212340 0.271670 1.599558
v 0.214431 0.275506 1.590834
v 0.155810 0.293479 1.601927
v 0.182998 0.281772 1.602865
v 0.206404 0.264391 1.603492
v 0.225142 0.242070 1.601710
v 0.232914 0.248061 1.598221
v 0.177905 0.271842 1.601959
v 0.198768 0.255699 1.603047
v 0.215979 0.235402 1.602290
v 0.191762 0.247237 1.602384
v 0.206934 0.228662 1.603042
v 0.217289 0.208629 1.601458
v 0.227853 0.212854 1.600503
v 0.238453 0.217002 1.599545
v 0.234736 0.189501 1.599244
v 0.245570 0.191480 1.596854
v 0.254231 0.192898 1.590660
v 0.248044 0.221028 1.595312
v 0.257903 0.193886 1.580777
v 0.251330 0.223764 1.584649
v 0.234780 0.250756 1.588099
v 0.234557 0.252089 1.577388
v 0.214373 0.277299 1.580329
v 0.251115 0.224750 1.573446
v 0.249161 0.224907 1.562483
v 0.233498 0.252865 1.566848
v 0.257333 0.194261 1.569874
v 0.255298 0.194412 1.559349
v 0.247791 0.193609 1.552479
v 0.242854 0.223426 1.554009
v 0.261137 0.164399 1.566992
v 0.256886 0.164549 1.556524
v 0.247260 0.164924 1.551322
v 0.235441 0.165537 1.549941
v 0.236895 0.192195 1.550309
v 0.251750 0.135145 1.556039
v 0.241342 0.137794 1.551547
v 0.229098 0.141523 1.550635
v 0.216686 0.145425 1.550953
v 0.223661 0.166358 1.550047
v 0.228507 0.114615 1.553008
v 0.217704 0.121404 1.552071
v 0.206246 0.127633 1.553163
v 0.195049 0.134152 1.556263
v 0.204475 0.149609 1.553312
v 0.201681 0.104061 1.552532
v 0.192327 0.111645 1.555002
v 0.182682 0.119886 1.557610
v 0.173116 0.094076 1.555317
v 0.172369 0.129272 1.560091
v 0.183464 0.141564 1.559580
v 0.193089 0.154315 1.557287
v 0.161099 0.141112 1.559915
v 0.200012 0.170701 1.553809
v 0.211582 0.168230 1.551513
v 0.203280 0.190026 1.552028
v 0.215005 0.190216 1.550995
v 0.225944 0.190919 1.550400
v 0.212406 0.213794 1.551155
v 0.222401 0.217230 1.551154
v 0.232821 0.220383 1.551206
v 0.212303 0.243509 1.551476
v 0.222012 0.248568 1.551981
v 0.229963 0.252268 1.557081
v 0.204990 0.273404 1.552942
v 0.211554 0.278010 1.559795
v 0.213536 0.278129 1.570095
v 0.187079 0.298010 1.562677
v 0.188748 0.298586 1.572822
v 0.157904 0.312605 1.564766
v 0.182497 0.293578 1.555171
v 0.154766 0.308138 1.556782
v 0.176423 0.285560 1.552931
v 0.150776 0.299840 1.553367
v 0.170109 0.276628 1.552281
v 0.147411 0.289687 1.552342
v 0.121822 0.297078 1.551601
v 0.145117 0.277726 1.552330
v 0.124596 0.283925 1.551082
v 0.109708 0.282714 1.544233
v 0.126380 0.266498 1.550870
v 0.117430 0.265171 1.544703
v 0.113650 0.262552 1.536497
v 0.103847 0.280857 1.532287
v 0.111601 0.249824 1.551922
v 0.105864 0.246998 1.541005
v 0.106226 0.242456 1.528574
v 0.105287 0.233470 1.555219
v 0.103121 0.214551 1.555281
v 0.116118 0.204014 1.560805
v 0.105707 0.197473 1.554285
v 0.133018 0.199042 1.565885
v 0.130401 0.199618 1.579963
v 0.106420 0.214276 1.587957
v 0.118630 0.195814 1.586267
v 0.089368 0.210291 1.591477
v 0.105512 0.190337 1.589362
v 0.072427 0.203042 1.591339
v 0.093037 0.183073 1.589837
v 0.111660 0.164041 1.593749
v 0.078178 0.171561 1.589570
v 0.098106 0.152078 1.592914
v 0.115791 0.136330 1.588956
v 0.131985 0.149744 1.588881
v 0.082793 0.135677 1.589179
v 0.099034 0.120279 1.587585
v 0.066900 0.115508 1.589991
v 0.084655 0.100066 1.588510
v 0.101227 0.087634 1.586078
v 0.072485 0.075974 1.596032
v 0.095006 0.060849 1.596542
v 0.120577 0.047723 1.599195
v 0.092954 0.044213 1.600419
v 0.140574 0.038656 1.599900
v 0.066864 0.060661 1.600860
v 0.062073 0.046694 1.601268
v 0.043830 0.079442 1.601339
v 0.038374 0.069070 1.602908
v 0.032638 0.059568 1.601623
v 0.018148 0.092029 1.604467
v 0.011062 0.084233 1.602152
v 0.004271 0.076429 1.599330
v -0.006585 0.114110 1.601476
v -0.014846 0.109732 1.598353
v -0.023481 0.105119 1.601409
v -0.001015 0.069160 1.600858
v -0.030425 0.101197 1.604656
v -0.005069 0.062461 1.604364
v 0.021245 0.038393 1.601444
v -0.009176 0.057518 1.601551
v 0.019016 0.034376 1.595423
v 0.034500 0.011014 1.583121
v 0.043147 0.008336 1.592431
v 0.018147 0.032631 1.587670
v 0.032808 0.012126 1.579535
v 0.018362 0.031712 1.581191
v 0.031283 0.013128 1.575459
v 0.020620 0.031038 1.574597
v 0.030490 0.013649 1.572173
v 0.024841 0.028485 1.568774
v 0.031598 0.012921 1.567399
v 0.032814 0.021526 1.561615
v 0.033266 0.011825 1.560378
v 0.052980 0.050177 1.551458
v 0.060091 0.023126 1.552819
v 0.087977 0.038932 1.552612
v 0.112582 0.040348 1.553076
v 0.098050 0.016255 1.552490
v 0.072019 0.009737 1.549383
v 0.119605 0.018303 1.553691
v 0.115957 0.003958 1.554637
v 0.094615 0.001988 1.547802
v 0.133411 0.037618 1.552705
v 0.143535 0.069017 1.556140
v 0.157153 0.061957 1.553360
v 0.181699 0.085823 1.553019
v 0.190474 0.078193 1.552950
v 0.198849 0.071120 1.555948
v 0.210753 0.096413 1.552539
v 0.219036 0.088604 1.555840
v 0.225020 0.082500 1.562322
v 0.205703 0.064639 1.561622
v 0.239103 0.108372 1.555663
v 0.246601 0.103803 1.562733
v 0.257533 0.133945 1.565408
v 0.259037 0.133504 1.576753
v 0.249149 0.102079 1.574653
v 0.227114 0.080452 1.572241
v 0.245553 0.104067 1.586653
v 0.226260 0.080905 1.583139
v 0.210664 0.061396 1.580580
v 0.209576 0.061646 1.570204
v 0.196236 0.043002 1.577552
v 0.193824 0.043180 1.569925
v 0.187386 0.024169 1.578565
v 0.184726 0.022426 1.573288
v 0.207446 0.064341 1.590409
v 0.221937 0.084197 1.593715
v 0.212933 0.091018 1.600484
v 0.198624 0.071102 1.597665
v 0.201293 0.099955 1.600545
v 0.186574 0.081362 1.599901
v 0.187862 0.109942 1.592999
v 0.214934 0.119859 1.601503
v 0.201852 0.126680 1.595640
v 0.188076 0.134902 1.588349
v 0.211434 0.146886 1.597723
v 0.202142 0.151924 1.591952
v 0.214481 0.167855 1.598112
v 0.204993 0.170296 1.593214
v 0.211993 0.187520 1.598774
v 0.201566 0.187234 1.592874
v 0.206322 0.204781 1.599744
v 0.196459 0.201793 1.592386
v 0.187320 0.198869 1.583179
v 0.189590 0.216433 1.592210
v 0.182943 0.212214 1.582191
v 0.179395 0.209214 1.570553
v 0.181557 0.195587 1.570895
v 0.182916 0.208675 1.560033
v 0.184416 0.192622 1.560321
v 0.191166 0.209299 1.553235
v 0.192806 0.190593 1.554526
v 0.201677 0.211023 1.551435
v 0.184669 0.228874 1.554199
v 0.193618 0.233113 1.552138
v 0.202889 0.238163 1.551645
v 0.180062 0.252268 1.553567
v 0.187925 0.259326 1.552104
v 0.196396 0.266600 1.551899
v 0.163750 0.266356 1.553291
v 0.172272 0.245172 1.556577
v 0.157305 0.256561 1.557023
v 0.141188 0.264275 1.554585
v 0.164873 0.238069 1.562819
v 0.176227 0.225003 1.560873
v 0.172380 0.223417 1.571410
v 0.161275 0.235374 1.573029
v 0.173606 0.226251 1.582616
v 0.160524 0.237831 1.583146
v 0.177947 0.231388 1.592663
v 0.163198 0.243451 1.592938
v 0.146932 0.250284 1.594270
v 0.167743 0.251713 1.599477
v 0.149170 0.261609 1.600728
v 0.127010 0.265089 1.603694
v 0.129481 0.251562 1.596771
v 0.104701 0.262613 1.605380
v 0.110302 0.249234 1.599624
v 0.082809 0.257277 1.606562
v 0.089367 0.244678 1.601697
v 0.096974 0.230880 1.595095
v 0.067657 0.238044 1.602347
v 0.077202 0.225569 1.596592
v 0.046798 0.229367 1.602396
v 0.057582 0.218190 1.596554
v 0.026670 0.216351 1.600881
v 0.038631 0.207137 1.594485
v 0.056968 0.191620 1.590515
v 0.022020 0.189283 1.594368
v 0.041978 0.174467 1.588710
v 0.063486 0.154947 1.588733
v 0.048333 0.133473 1.589750
v 0.032044 0.110180 1.591202
v 0.051517 0.092118 1.594258
v 0.023999 0.099493 1.601006
v 0.002077 0.119147 1.605281
v -0.005152 0.146192 1.605316
v -0.014926 0.145807 1.602066
v -0.014183 0.175371 1.602576
v -0.023031 0.177989 1.599017
v -0.023853 0.145513 1.599547
v -0.004293 0.172221 1.605892
v 0.003476 0.199351 1.605463
v -0.005861 0.204046 1.602360
v 0.012728 0.194939 1.602245
v 0.017760 0.222883 1.606707
v 0.037862 0.239091 1.606202
v 0.028956 0.248436 1.605286
v 0.008858 0.229673 1.603919
v 0.021160 0.256746 1.601186
v 0.000347 0.235777 1.598315
v -0.014711 0.208496 1.598360
v -0.009342 0.243001 1.600654
v -0.024228 0.213299 1.600556
v -0.032977 0.180916 1.601460
v -0.033217 0.218298 1.603937
v -0.042274 0.183686 1.605274
v -0.042723 0.145915 1.605374
v -0.033531 0.145575 1.601867
v -0.048698 0.186006 1.601298
v -0.050476 0.146034 1.602609
v -0.036203 0.097844 1.602137
v -0.052718 0.147364 1.593342
v -0.039176 0.096081 1.594301
v -0.011040 0.054967 1.593793
v -0.039917 0.094552 1.586315
v -0.011204 0.053126 1.585786
v -0.038623 0.090630 1.579443
v -0.008850 0.051475 1.577092
v -0.055547 0.148971 1.574517
v -0.057436 0.141946 1.570442
v -0.060518 0.193687 1.570129
v -0.069001 0.197321 1.571401
v -0.072097 0.158049 1.569322
v -0.073532 0.121439 1.566873
v -0.056857 0.110245 1.565568
v -0.055090 0.190395 1.573614
v -0.044187 0.222897 1.568133
v -0.052335 0.227679 1.565185
v -0.053954 0.148700 1.584166
v -0.052666 0.189077 1.582595
v -0.042409 0.222843 1.577622
v -0.025651 0.253165 1.571844
v -0.027526 0.253214 1.561634
v -0.051408 0.187773 1.591957
v -0.041620 0.222764 1.588031
v -0.024977 0.254031 1.584368
v -0.002379 0.279329 1.582826
v -0.002585 0.278988 1.569166
v -0.039565 0.221705 1.598157
v -0.023584 0.253308 1.596357
v -0.000488 0.278928 1.595293
v 0.026713 0.297176 1.595006
v 0.024071 0.298583 1.583958
v -0.017369 0.248897 1.604208
v 0.005353 0.273703 1.604106
v 0.031503 0.291711 1.603224
v 0.060979 0.304562 1.602516
v 0.057088 0.311266 1.595566
v 0.012984 0.265510 1.602842
v 0.038100 0.282349 1.601849
v 0.065773 0.294010 1.601862
v 0.095262 0.300169 1.601575
v 0.093085 0.311259 1.602329
v 0.044942 0.272475 1.600361
v 0.070617 0.283480 1.600339
v 0.097962 0.289209 1.600804
v 0.126050 0.288929 1.599465
v 0.125984 0.299820 1.601707
v 0.076165 0.271689 1.604993
v 0.100870 0.277036 1.605500
v 0.126115 0.277328 1.604216
v 0.151544 0.272296 1.602298
v 0.153532 0.283014 1.599644
v 0.172943 0.261866 1.601865
v 0.183729 0.238010 1.600615
v 0.196949 0.221461 1.600490
v 0.052307 0.262112 1.605222
v 0.060046 0.249912 1.606368
v -0.006037 0.282247 1.558487
v -0.014771 0.289653 1.561839
v -0.035849 0.260008 1.563445
v -0.045494 0.268054 1.568215
v -0.060722 0.233697 1.569339
v -0.070758 0.240239 1.574070
v -0.080410 0.202217 1.572888
v -0.096944 0.253608 1.576455
v -0.105919 0.212272 1.574571
v -0.111430 0.171362 1.572304
v -0.086360 0.163782 1.570637
v -0.113834 0.132290 1.569521
v -0.089727 0.126447 1.568282
v -0.115832 0.098168 1.566908
v -0.092193 0.096230 1.566216
v -0.074861 0.094558 1.565509
v -0.093578 0.072212 1.564606
v -0.076978 0.071560 1.564135
v -0.065864 0.070933 1.559922
v -0.061732 0.092373 1.563739
v -0.079244 0.052090 1.562316
v -0.067681 0.051956 1.558249
v -0.080980 0.034840 1.560490
v -0.069349 0.034538 1.555865
v -0.081235 0.019740 1.559897
v -0.070481 0.020063 1.554929
v -0.082478 0.006817 1.560576
v -0.071044 0.006817 1.553847
v -0.096639 0.020142 1.560953
v -0.096977 0.006817 1.559530
v -0.119171 0.020666 1.561764
v -0.119418 0.006817 1.560863
v -0.151170 0.020243 1.562510
v -0.151805 0.006817 1.561074
v -0.150627 0.034931 1.564041
v -0.187169 0.035282 1.565269
v -0.118767 0.034888 1.562908
v -0.118108 0.052063 1.564000
v -0.149839 0.051656 1.565401
v -0.096186 0.034866 1.561971
v -0.094770 0.052423 1.563403
v -0.117371 0.072038 1.565284
v -0.146491 0.101272 1.568865
v -0.148495 0.073305 1.566848
v -0.182563 0.106225 1.570799
v -0.184137 0.075857 1.568374
v -0.185676 0.052720 1.566875
v -0.219723 0.077871 1.569691
v -0.220854 0.053623 1.567755
v -0.222136 0.036527 1.566041
v -0.254216 0.054841 1.567942
v -0.253837 0.038408 1.566495
v -0.289268 0.057717 1.568110
v -0.288534 0.040254 1.566288
v -0.288121 0.027436 1.565086
v -0.325800 0.042787 1.565019
v -0.325422 0.029116 1.563543
v -0.325180 0.017171 1.562377
v -0.287663 0.016384 1.564273
v -0.325110 0.006817 1.561114
v -0.287348 0.006817 1.564611
v -0.362756 0.019402 1.560451
v -0.362723 0.006817 1.560665
v -0.393942 0.006817 1.559090
v -0.436965 0.015143 1.555374
v -0.436878 0.006816 1.554945
v -0.395960 0.006817 1.564259
v -0.470109 0.019028 1.550644
v -0.470701 0.006817 1.548861
v -0.497729 0.017750 1.542928
v -0.497626 0.010920 1.542920
v -0.496570 0.006817 1.543380
v -0.473149 0.006817 1.552028
v -0.523819 0.006817 1.531636
v -0.524331 0.006817 1.533412
v -0.522603 0.006817 1.527415
v -0.498867 0.027926 1.542903
v -0.524228 0.024866 1.525144
v -0.526565 0.040617 1.525419
v -0.545681 0.043207 1.497326
v -0.544142 0.024311 1.496957
v -0.548859 0.006817 1.494866
v -0.500498 0.041396 1.544226
v -0.502165 0.058719 1.545787
v -0.528924 0.061982 1.526233
v -0.470004 0.029430 1.551895
v -0.470396 0.041737 1.553164
v -0.470888 0.057037 1.554591
v -0.471566 0.079648 1.556240
v -0.503602 0.083635 1.547154
v -0.437354 0.039519 1.557113
v -0.437346 0.054601 1.558387
v -0.437169 0.075591 1.560215
v -0.436760 0.105041 1.561941
v -0.472376 0.109528 1.558731
v -0.400009 0.050226 1.561560
v -0.400456 0.070644 1.563434
v -0.399999 0.099970 1.565206
v -0.398244 0.139459 1.568791
v -0.435777 0.143590 1.564750
v -0.363513 0.065705 1.565938
v -0.363114 0.094713 1.568008
v -0.361241 0.134287 1.571383
v -0.359020 0.175881 1.575233
v -0.396409 0.180179 1.571559
v -0.326111 0.089185 1.569960
v -0.324949 0.128500 1.573536
v -0.322746 0.171007 1.577079
v -0.320263 0.214757 1.579741
v -0.357088 0.218397 1.577501
v -0.289234 0.122883 1.574689
v -0.287358 0.165684 1.577948
v -0.284464 0.210135 1.580853
v -0.281337 0.255211 1.582859
v -0.317921 0.258717 1.581688
v -0.252325 0.159902 1.577944
v -0.249305 0.204370 1.580777
v -0.245288 0.250049 1.582481
v -0.241207 0.296239 1.585568
v -0.278339 0.300655 1.584346
v -0.214053 0.197373 1.579602
v -0.209697 0.243024 1.581866
v -0.204576 0.289706 1.583415
v -0.199195 0.336312 1.584825
v -0.237253 0.342375 1.587002
v -0.174176 0.234105 1.580762
v -0.168481 0.280529 1.582012
v -0.139442 0.223858 1.577665
v -0.132876 0.268791 1.579767
v -0.178170 0.189075 1.577768
v -0.142975 0.180075 1.575083
v -0.180827 0.146230 1.574583
v -0.144639 0.138943 1.571650
v -0.217033 0.153496 1.576592
v -0.218725 0.112081 1.572829
v -0.253996 0.117565 1.574272
v -0.254462 0.080395 1.570847
v -0.289675 0.084124 1.571430
v -0.326164 0.061549 1.567163
v -0.363217 0.045941 1.563140
v -0.399136 0.035427 1.559758
v -0.362957 0.031699 1.561614
v -0.397392 0.023163 1.558714
v -0.437255 0.027286 1.556078
v -0.232826 0.388749 1.588909
v -0.273217 0.391192 1.587933
v -0.275696 0.345927 1.586563
v -0.314131 0.391152 1.586004
v -0.314881 0.347076 1.584592
v -0.316023 0.302890 1.583303
v -0.354833 0.345998 1.582155
v -0.355180 0.303134 1.581113
v -0.355721 0.260876 1.579291
v -0.395183 0.302640 1.577252
v -0.394826 0.262005 1.575847
v -0.395367 0.221061 1.574546
v -0.434983 0.262252 1.571429
v -0.434456 0.222989 1.569648
v -0.434779 0.183246 1.567511
v -0.472619 0.223814 1.564745
v -0.472069 0.185272 1.562459
v -0.472323 0.146900 1.560223
v -0.506084 0.187083 1.552930
v -0.505469 0.149992 1.550310
v -0.504660 0.114196 1.548262
v -0.532860 0.153433 1.530635
v -0.532046 0.119336 1.528994
v -0.530744 0.088832 1.527598
v -0.550868 0.124660 1.500512
v -0.550003 0.094778 1.499291
v -0.548240 0.066918 1.498096
v -0.557782 0.100638 1.464685
v -0.557180 0.073074 1.463814
v -0.556194 0.048145 1.463406
v -0.558462 0.077780 1.425595
v -0.557061 0.052507 1.425061
v -0.555302 0.029458 1.424945
v -0.554206 0.028272 1.460212
v -0.552619 0.006817 1.425047
v -0.554749 0.006817 1.424314
v -0.556286 0.030507 1.383746
v -0.554131 0.006818 1.383450
v -0.557091 0.030564 1.341600
v -0.554946 0.006817 1.340104
v -0.557597 0.029927 1.298437
v -0.557857 0.006817 1.294632
v -0.558047 0.028721 1.262534
v -0.558222 0.006817 1.262688
v -0.558995 0.027359 1.225906
v -0.557416 0.006817 1.226757
v -0.559047 0.025545 1.189288
v -0.557837 0.006817 1.203427
v -0.558481 0.021140 1.152969
v -0.557402 0.006817 1.153436
v -0.557287 0.015978 1.121576
v -0.557249 0.006817 1.121319
v -0.558818 0.029377 1.120958
v -0.552930 0.023083 1.095334
v -0.559919 0.036629 1.152220
v -0.561185 0.054286 1.151394
v -0.560574 0.044739 1.120077
v -0.560315 0.043317 1.187400
v -0.561561 0.062644 1.186966
v -0.562488 0.085295 1.186533
v -0.562398 0.075421 1.150074
v -0.560516 0.047878 1.225358
v -0.561703 0.069476 1.225088
v -0.562511 0.093322 1.225068
v -0.562705 0.120455 1.225371
v -0.563138 0.111563 1.186243
v -0.561718 0.074254 1.263449
v -0.562044 0.099630 1.264210
v -0.561751 0.127391 1.265067
v -0.561500 0.157489 1.266056
v -0.562427 0.150942 1.225989
v -0.561549 0.104086 1.303947
v -0.561097 0.132058 1.305178
v -0.561175 0.162100 1.306436
v -0.561128 0.194041 1.307797
v -0.561697 0.189817 1.267243
v -0.560807 0.134758 1.345945
v -0.560768 0.164722 1.347260
v -0.561088 0.196556 1.348724
v -0.562516 0.229979 1.350274
v -0.563234 0.227662 1.309340
v -0.560566 0.165399 1.388493
v -0.561187 0.197352 1.390023
v -0.562252 0.230882 1.391593
v -0.564528 0.265785 1.393218
v -0.565323 0.264757 1.351987
v -0.560918 0.196687 1.431135
v -0.562145 0.230587 1.432793
v -0.564795 0.265920 1.434477
v -0.567832 0.302745 1.436047
v -0.568994 0.302046 1.394916
v -0.561263 0.229357 1.471458
v -0.563036 0.265534 1.473358
v -0.566410 0.303030 1.475481
v -0.567282 0.341692 1.477375
v -0.569878 0.340992 1.437515
v -0.553712 0.264854 1.507630
v -0.557854 0.302471 1.511122
v -0.557596 0.341590 1.513169
v -0.557927 0.380930 1.515394
v -0.567415 0.380690 1.478599
v -0.538386 0.301384 1.540225
v -0.538611 0.340668 1.542500
v -0.539007 0.380394 1.545367
v -0.539173 0.420187 1.547589
v -0.557811 0.420224 1.516878
v -0.511206 0.339864 1.563303
v -0.510931 0.380078 1.565691
v -0.510966 0.420535 1.567763
v -0.511526 0.461386 1.569934
v -0.538575 0.460399 1.549182
v -0.476571 0.380374 1.574381
v -0.476638 0.421603 1.576200
v -0.477433 0.463166 1.578467
v -0.478390 0.505243 1.580218
v -0.512194 0.502920 1.571903
v -0.438762 0.423476 1.580356
v -0.439229 0.465713 1.580982
v -0.439640 0.508023 1.583881
v -0.439408 0.550205 1.585459
v -0.478682 0.547585 1.581303
v -0.398098 0.468828 1.585000
v -0.398120 0.510846 1.587256
v -0.397622 0.552537 1.588874
v -0.396826 0.594898 1.590737
v -0.438739 0.592742 1.587225
v -0.355110 0.513967 1.589652
v -0.354503 0.555102 1.591802
v -0.353825 0.596826 1.593769
v -0.353008 0.639548 1.595121
v -0.395957 0.637647 1.592242
v -0.309738 0.558161 1.591504
v -0.309579 0.599283 1.593162
v -0.309117 0.641218 1.595173
v -0.308294 0.684419 1.596203
v -0.352176 0.682954 1.596602
v -0.263263 0.600912 1.595160
v -0.263133 0.642269 1.596600
v -0.262809 0.684812 1.597408
v -0.262442 0.728455 1.599293
v -0.307564 0.728639 1.598027
v -0.215508 0.642118 1.596662
v -0.215591 0.683860 1.597436
v -0.215499 0.726596 1.598866
v -0.215317 0.770726 1.600120
v -0.262200 0.773299 1.600410
v -0.165953 0.680938 1.596396
v -0.166347 0.723107 1.598128
v -0.166271 0.766158 1.599272
v -0.165399 0.809896 1.600403
v -0.214626 0.815415 1.601176
v -0.116392 0.718918 1.595477
v -0.116924 0.761817 1.597177
v -0.116751 0.805686 1.598695
v -0.116460 0.851159 1.600324
v -0.163992 0.854170 1.601482
v -0.069426 0.759035 1.594143
v -0.070524 0.803936 1.595826
v -0.071142 0.850144 1.597807
v -0.071572 0.896736 1.598789
v -0.116802 0.896885 1.601382
v -0.026106 0.803990 1.592871
v -0.027106 0.850328 1.594292
v -0.027167 0.896964 1.594976
v -0.027617 0.940889 1.596105
v -0.073213 0.938826 1.599599
v 0.016738 0.850657 1.589944
v 0.016947 0.896890 1.591092
v 0.016880 0.941634 1.592319
v 0.016062 0.972095 1.592389
v -0.028956 0.968408 1.596861
v 0.061564 0.896097 1.586193
v 0.061795 0.941065 1.587384
v 0.062113 0.973846 1.586447
v 0.061512 0.992307 1.583150
v 0.014734 0.989653 1.591304
v 0.106300 0.938540 1.580965
v 0.106664 0.974234 1.579922
v 0.107138 0.995296 1.576799
v 0.108040 1.009501 1.573929
v 0.060385 1.005771 1.579266
v 0.151646 0.973775 1.571548
v 0.152918 0.997849 1.571209
v 0.153550 1.011572 1.570807
v 0.154410 1.021917 1.571555
v 0.108599 1.020183 1.572117
v 0.187528 0.999804 1.548779
v 0.189108 1.012471 1.549281
v 0.192648 1.024335 1.551036
v 0.196142 1.032637 1.558282
v 0.156350 1.030322 1.575714
v 0.220048 1.020754 1.521669
v 0.224744 1.032922 1.538317
v 0.228291 1.037013 1.556202
v 0.199086 1.037678 1.569948
v 0.230063 1.041786 1.572248
v 0.250558 1.039445 1.565857
v 0.266356 1.038963 1.563571
v 0.279551 1.044000 1.562107
v 0.186380 0.973077 1.548472
v 0.150732 0.935648 1.571473
v 0.185980 0.934430 1.548472
v 0.208445 0.929529 1.516663
v 0.187657 0.891062 1.546258
v 0.207313 0.888401 1.513131
v 0.216115 0.887350 1.496428
v 0.217380 0.927354 1.497581
v 0.214998 0.887711 1.472823
v 0.216154 0.929190 1.469001
v 0.214869 0.890231 1.425514
v 0.215536 0.929684 1.424594
v 0.215346 0.970007 1.420937
v 0.215232 1.001222 1.415605
v 0.215254 0.930435 1.384258
v 0.215214 0.970749 1.385644
v 0.215293 1.001865 1.381311
v 0.215887 1.027567 1.377063
v 0.215499 1.025338 1.409416
v 0.218308 0.969889 1.364442
v 0.226164 1.001511 1.358700
v 0.231140 1.028200 1.358641
v 0.234388 1.049972 1.358497
v 0.216585 1.051648 1.374807
v 0.241419 0.998948 1.356537
v 0.230410 0.966952 1.356833
v 0.221211 0.969051 1.349863
v 0.232191 1.000228 1.352374
v 0.215008 0.970776 1.330049
v 0.214780 1.002679 1.334316
v 0.213642 0.970613 1.293715
v 0.213387 1.001518 1.301294
v 0.213162 1.022207 1.303034
v 0.214651 0.996036 1.263663
v 0.213372 1.015918 1.266813
v 0.213943 0.969379 1.255354
v 0.214825 0.931058 1.325464
v 0.219075 0.925942 1.350279
v 0.220988 0.894917 1.351351
v 0.214606 0.893770 1.323528
v 0.221633 0.848785 1.350500
v 0.214960 0.850673 1.320292
v 0.213375 0.853481 1.268486
v 0.219407 0.857464 1.230262
v 0.213591 0.806612 1.314580
v 0.213336 0.808740 1.266937
v 0.216420 0.809435 1.230539
v 0.212279 0.811577 1.206563
v 0.214114 0.856529 1.212170
v 0.212228 0.764507 1.267021
v 0.211508 0.766397 1.229916
v 0.210617 0.768458 1.199061
v 0.209660 0.771088 1.158396
v 0.211803 0.814419 1.164174
v 0.206911 0.723334 1.228372
v 0.206299 0.725654 1.192577
v 0.206804 0.727889 1.153751
v 0.206741 0.728798 1.115695
v 0.209460 0.771922 1.116207
v 0.203360 0.682783 1.188184
v 0.203403 0.684592 1.150345
v 0.203145 0.685588 1.114356
v 0.200591 0.685902 1.082340
v 0.203513 0.728404 1.083870
v 0.202209 0.641374 1.147714
v 0.202547 0.642447 1.112268
v 0.199389 0.643271 1.080856
v 0.187715 0.643652 1.053024
v 0.188791 0.685867 1.054418
v 0.201606 0.599228 1.109771
v 0.198009 0.600024 1.078884
v 0.186647 0.600859 1.052290
v 0.165862 0.601537 1.031809
v 0.166668 0.643397 1.031277
v 0.196378 0.556585 1.076433
v 0.184808 0.557805 1.051600
v 0.164225 0.559113 1.034009
v 0.137871 0.560040 1.022288
v 0.137496 0.602116 1.019707
v 0.137998 0.643982 1.018129
v 0.109232 0.560563 1.012763
v 0.107033 0.602675 1.010484
v 0.107049 0.645068 1.007147
v 0.109437 0.687880 1.004112
v 0.141390 0.686566 1.015134
v 0.071486 0.603144 1.003692
v 0.070730 0.645886 1.001203
v 0.071886 0.688920 1.000306
v 0.074198 0.731968 1.000871
v 0.113161 0.731372 1.005347
v 0.030491 0.646066 0.997795
v 0.030781 0.688893 0.997469
v 0.031963 0.731443 0.997347
v 0.033494 0.773274 0.997128
v 0.077131 0.774109 1.001571
v -0.011988 0.688052 0.994811
v -0.011602 0.730113 0.994525
v -0.010721 0.771857 0.993628
v -0.009545 0.813482 0.992353
v 0.035271 0.814889 0.996616
v -0.055872 0.728774 0.992191
v -0.055204 0.770601 0.991113
v -0.054045 0.812255 0.989525
v -0.052524 0.853907 0.987750
v -0.008131 0.855202 0.990915
v -0.099805 0.769871 0.988819
v -0.098516 0.811791 0.987487
v -0.096854 0.853193 0.985496
v -0.095167 0.894753 0.983049
v -0.050730 0.895736 0.985571
v -0.142657 0.812366 0.985755
v -0.140958 0.853898 0.984141
v -0.139332 0.894832 0.982121
v -0.138192 0.934868 0.981978
v -0.093662 0.935511 0.980803
v -0.184639 0.855888 0.983318
v -0.183223 0.896324 0.982884
v -0.182206 0.935725 0.983199
v -0.181679 0.974040 0.984104
v -0.137519 0.973287 0.984333
v -0.226951 0.898657 0.984394
v -0.226023 0.937401 0.984854
v -0.225190 0.975012 0.983595
v -0.225109 1.010863 0.973648
v -0.181563 1.009959 0.974569
v -0.269724 0.939577 0.986786
v -0.268463 0.977313 0.988171
v -0.268183 1.013720 0.978044
v -0.270198 1.042674 0.964246
v -0.225843 1.041514 0.961193
v -0.311501 0.978803 0.991566
v -0.311709 1.016160 0.983430
v -0.313532 1.042411 0.967284
v -0.314601 1.061762 0.962358
v -0.271309 1.062825 0.959211
v -0.356193 1.012501 0.981061
v -0.357181 1.041590 0.971236
v -0.358115 1.059274 0.966331
v -0.358732 1.074909 0.964019
v -0.315156 1.078078 0.959990
v -0.403693 1.039103 0.976369
v -0.403803 1.057524 0.971471
v -0.403524 1.072084 0.969085
v -0.404199 1.085027 0.969876
v -0.358430 1.089666 0.967173
v -0.450252 1.056613 0.975796
v -0.450103 1.070166 0.973416
v -0.450094 1.081916 0.972837
v -0.499251 1.066801 0.979171
v -0.498416 1.079116 0.977783
v -0.547393 1.061888 0.984247
v -0.546566 1.074298 0.983657
v -0.545928 1.084683 0.985218
v -0.543349 1.093907 0.992591
v -0.585760 1.066543 0.988527
v -0.585986 1.077605 0.987755
v -0.585998 1.087936 0.990562
v -0.618959 1.077930 0.988793
v -0.585845 1.090657 1.001418
v -0.542703 1.104329 0.996076
v -0.618987 1.067502 0.987696
v -0.643726 1.058071 1.004150
v -0.642899 1.069998 1.004753
v -0.617693 1.055103 0.986759
v -0.643175 1.043828 1.002026
v -0.651653 1.038719 1.035417
v -0.650941 1.053086 1.036987
v -0.632550 1.031021 1.004919
v -0.643995 1.028805 1.037126
v -0.651716 1.029586 1.076034
v -0.619695 1.039001 1.014807
v -0.631735 1.035695 1.041015
v -0.639691 1.038770 1.077280
v -0.617640 1.046655 1.045787
v -0.628569 1.051589 1.078705
v -0.612687 1.061694 1.080446
v -0.597252 1.060488 1.081472
v -0.598827 1.058353 1.114141
v -0.602029 1.047381 1.134540
v -0.591468 1.045869 1.082623
v -0.593732 1.044631 1.111079
v -0.596965 1.040391 1.132776
v -0.594357 1.046352 1.157130
v -0.599654 1.056512 1.155907
v -0.593327 1.028768 1.111371
v -0.595429 1.027527 1.133463
v -0.593207 1.034832 1.158154
v -0.591043 1.030431 1.083347
v -0.583251 1.042736 1.054788
v -0.580293 1.029110 1.054685
v -0.579667 1.006898 1.054390
v -0.568077 1.029384 1.035164
v -0.565885 1.006313 1.036754
v -0.564633 0.972796 1.036861
v -0.580619 0.976588 1.058318
v -0.562351 0.936698 1.035401
v -0.580817 0.940364 1.062118
v -0.590340 0.942052 1.101031
v -0.579267 0.899620 1.061447
v -0.560717 0.898539 1.034381
v -0.559857 0.857948 1.034047
v -0.557722 0.896843 1.014555
v -0.561975 0.934160 1.015517
v -0.547426 0.935837 1.014191
v -0.565923 0.967945 1.020821
v -0.553184 0.968532 1.014053
v -0.532361 0.974291 1.012633
v -0.561598 0.995607 1.005749
v -0.540064 1.001200 1.003866
v -0.498678 1.009893 1.001520
v -0.493785 0.982724 1.007533
v -0.448110 1.010427 0.995960
v -0.447659 0.983817 1.002132
v -0.401710 1.010787 0.986994
v -0.399904 0.979385 0.995950
v -0.355288 0.977776 0.988653
v -0.312152 0.941220 0.990233
v -0.270330 0.901380 0.985668
v -0.227965 0.858564 0.984553
v -0.186108 0.814242 0.984524
v -0.143951 0.770094 0.986201
v -0.100453 0.727748 0.989960
v -0.055880 0.686736 0.992867
v -0.011625 0.645508 0.994483
v 0.031607 0.603261 0.998941
v 0.074798 0.560981 1.006520
v -0.449939 1.035413 0.981989
v -0.500947 1.030933 0.985844
v -0.500640 1.052551 0.981697
v -0.546133 1.025053 0.992385
v -0.548619 1.046768 0.986610
v -0.570483 0.999783 1.018122
v -0.569952 1.043856 1.034412
v -0.599145 1.062180 1.193821
v -0.609569 1.064061 1.194370
v -0.610747 1.060403 1.237317
v -0.620522 1.057025 1.237391
v -0.619820 1.060890 1.194874
v -0.628128 1.051066 1.237316
v -0.627989 1.053975 1.194712
v -0.635751 1.044299 1.237292
v -0.634457 1.046773 1.194556
v -0.631920 1.042591 1.160657
v -0.640880 1.039806 1.194580
v -0.637883 1.036726 1.161001
v -0.647811 1.033719 1.195167
v -0.649918 1.030414 1.237215
v -0.656899 1.029513 1.237528
v -0.654519 1.029001 1.195807
v -0.642691 1.037165 1.237233
v -0.657801 1.037617 1.238214
v -0.658841 1.035776 1.196401
v -0.657389 1.047623 1.238716
v -0.658244 1.045917 1.196976
v -0.658987 1.041555 1.159220
v -0.655057 1.055126 1.197546
v -0.658535 1.052492 1.159194
v -0.660033 1.037610 1.129120
v -0.646976 1.060607 1.197910
v -0.650922 1.059763 1.159046
v -0.641329 1.069087 1.198111
v -0.642807 1.067473 1.159049
v -0.638885 1.079136 1.198148
v -0.639948 1.078547 1.159661
v -0.640952 1.077821 1.122571
v -0.632055 1.086132 1.160054
v -0.632291 1.086926 1.122138
v -0.632017 1.088583 1.080747
v -0.641685 1.077249 1.081630
v -0.645259 1.065499 1.039950
v -0.618967 1.087681 1.122078
v -0.619877 1.086877 1.160254
v -0.609246 1.090007 1.160693
v -0.607326 1.093137 1.121822
v -0.606460 1.101757 1.160118
v -0.601287 1.104997 1.119142
v -0.606177 1.101249 1.198618
v -0.599037 1.108195 1.198389
v -0.597297 1.108612 1.158888
v -0.594148 1.110691 1.123717
v -0.610487 1.090734 1.198669
v -0.609217 1.090126 1.239637
v -0.605281 1.101586 1.240116
v -0.620154 1.086295 1.198470
v -0.619533 1.085415 1.239647
v -0.619189 1.084643 1.281233
v -0.609715 1.090728 1.281253
v -0.630826 1.085634 1.198267
v -0.630202 1.084889 1.239696
v -0.629498 1.083505 1.281335
v -0.628456 1.083232 1.323441
v -0.618009 1.084900 1.323353
v -0.637887 1.079290 1.239588
v -0.637402 1.078069 1.281180
v -0.636983 1.078131 1.323611
v -0.637048 1.078408 1.367357
v -0.627445 1.084019 1.366613
v -0.639091 1.067943 1.280929
v -0.637931 1.067753 1.323907
v -0.637646 1.067570 1.367923
v -0.637330 1.066223 1.408708
v -0.636705 1.076333 1.408279
v -0.641894 1.058032 1.324261
v -0.641862 1.057583 1.368739
v -0.642456 1.057473 1.409430
v -0.643069 1.056675 1.446249
v -0.636527 1.064759 1.445815
v -0.651291 1.054200 1.369987
v -0.651175 1.053430 1.410535
v -0.652270 1.052255 1.446613
v -0.653240 1.050418 1.482209
v -0.643956 1.055340 1.482640
v -0.644542 1.054851 1.521150
v -0.636626 1.062857 1.520287
v -0.636798 1.063002 1.482950
v -0.653828 1.047641 1.522038
v -0.645107 1.045408 1.561160
v -0.641267 1.054734 1.558131
v -0.635583 1.054469 1.588389
v -0.634611 1.063847 1.586683
v -0.635129 1.063588 1.555304
v -0.636970 1.044919 1.590675
v -0.623740 1.055116 1.610484
v -0.635776 1.034801 1.591612
v -0.594794 1.064699 1.613838
v -0.624208 1.063671 1.608916
v -0.559697 1.064030 1.614177
v -0.560617 1.073528 1.613219
v -0.561327 1.081401 1.608176
v -0.523205 1.061088 1.616085
v -0.523076 1.070509 1.616780
v -0.523113 1.080046 1.613531
v -0.523263 1.082532 1.604924
v -0.562474 1.082294 1.596356
v -0.477463 1.066798 1.619387
v -0.476691 1.075431 1.619536
v -0.476110 1.081384 1.614572
v -0.422165 1.071313 1.624602
v -0.420792 1.079959 1.622609
v -0.367180 1.066879 1.626803
v -0.366322 1.075341 1.627490
v -0.364908 1.081262 1.620417
v -0.363111 1.091510 1.611159
v -0.316457 1.071984 1.630144
v -0.315694 1.081245 1.626082
v -0.314728 1.090276 1.614593
v -0.315346 1.115398 1.608547
v -0.363036 1.111313 1.605124
v -0.269489 1.079709 1.629032
v -0.270153 1.089201 1.617610
v -0.270834 1.116480 1.610624
v -0.270460 1.136824 1.604631
v -0.316253 1.135367 1.602938
v -0.224091 1.088913 1.618976
v -0.224535 1.114130 1.612246
v -0.222682 1.133386 1.607304
v -0.220312 1.149894 1.602949
v -0.269747 1.153480 1.598764
v -0.176022 1.109510 1.614326
v -0.174192 1.128643 1.609287
v -0.171748 1.144208 1.604382
v -0.169738 1.156799 1.600799
v -0.218675 1.162734 1.598715
v -0.126511 1.123865 1.610426
v -0.124339 1.138590 1.606078
v -0.122425 1.150633 1.601480
v -0.121603 1.156660 1.591148
v -0.168557 1.164513 1.591945
v -0.075967 1.149271 1.589647
v -0.029610 1.140762 1.575077
v -0.076307 1.149573 1.575392
v -0.121915 1.155967 1.576828
v -0.076677 1.147136 1.558912
v -0.122325 1.154439 1.560048
v -0.168364 1.163328 1.560222
v -0.168363 1.164594 1.577531
v -0.215975 1.171419 1.560716
v -0.216816 1.173003 1.577714
v -0.217322 1.172476 1.591127
v -0.265833 1.183173 1.577850
v -0.267303 1.179500 1.591271
v -0.268498 1.167657 1.596264
v -0.318512 1.177662 1.586612
v -0.318480 1.165798 1.593667
v -0.317353 1.151460 1.597769
v -0.366556 1.153660 1.590992
v -0.364332 1.141644 1.597351
v -0.363032 1.128103 1.600986
v -0.414005 1.129252 1.598854
v -0.416047 1.119879 1.603802
v -0.465283 1.125764 1.598719
v -0.412425 1.136325 1.590838
v -0.463232 1.132680 1.592103
v -0.498473 1.134167 1.590291
v -0.500291 1.125993 1.588749
v -0.536245 1.130128 1.581857
v -0.532150 1.124513 1.574793
v -0.528182 1.115985 1.568269
v -0.557228 1.113163 1.555608
v -0.557819 1.103378 1.560738
v -0.575622 1.113206 1.540486
v -0.580064 1.107703 1.542817
v -0.586175 1.103894 1.547519
v -0.560364 1.100294 1.571978
v -0.586805 1.103902 1.518201
v -0.597865 1.099581 1.519816
v -0.593175 1.103145 1.485276
v -0.600870 1.099471 1.484143
v -0.606647 1.091021 1.482072
v -0.602238 1.100501 1.445441
v -0.607045 1.091641 1.445112
v -0.615923 1.083256 1.445369
v -0.615830 1.082600 1.482076
v -0.627135 1.082690 1.445643
v -0.627083 1.081895 1.482579
v -0.635615 1.075050 1.445841
v -0.635706 1.074293 1.483049
v -0.634897 1.075301 1.519663
v -0.634249 1.075045 1.554098
v -0.626163 1.083393 1.407357
v -0.615098 1.084720 1.406477
v -0.616323 1.085001 1.365865
v -0.608190 1.093027 1.406155
v -0.608937 1.093230 1.365083
v -0.609495 1.091470 1.323119
v -0.604759 1.103937 1.364916
v -0.604869 1.102059 1.323175
v -0.604751 1.102254 1.281737
v -0.593859 1.104863 1.324314
v -0.595363 1.107792 1.282331
v -0.596716 1.106423 1.240261
v -0.593409 1.115855 1.281916
v -0.594824 1.116107 1.240305
v -0.597800 1.116772 1.198460
v -0.597374 1.126646 1.240304
v -0.600639 1.126606 1.198600
v -0.596077 1.117905 1.159267
v -0.594097 1.119344 1.127215
v -0.591537 1.120622 1.107543
v -0.591720 1.112051 1.105790
v -0.587240 1.123021 1.088623
v -0.587261 1.110241 1.093697
v -0.590789 1.134804 1.053234
v -0.582407 1.126916 1.059634
v -0.580076 1.115299 1.066384
v -0.570127 1.136235 1.020408
v -0.571948 1.142149 1.017204
v -0.537879 1.143308 1.002869
v -0.538275 1.136925 1.003652
v -0.597474 1.140028 1.048559
v -0.600498 1.135903 1.240577
v -0.602906 1.136820 1.198733
v -0.595118 1.140826 1.240870
v -0.594449 1.141271 1.199099
v -0.584345 1.141037 1.240873
v -0.583865 1.141678 1.199926
v -0.582408 1.142151 1.164434
v -0.572389 1.141820 1.200782
v -0.570333 1.142015 1.164831
v -0.571804 1.142337 1.138069
v -0.582476 1.142315 1.139000
v -0.575358 1.142925 1.111722
v -0.556470 1.142299 1.132603
v -0.560608 1.143800 1.103903
v -0.561715 1.144945 1.080593
v -0.577591 1.143705 1.089756
v -0.529117 1.141611 1.091628
v -0.529849 1.142171 1.067639
v -0.488916 1.147951 1.083362
v -0.491470 1.147963 1.060106
v -0.448975 1.162131 1.080122
v -0.451885 1.161183 1.058520
v -0.454975 1.158893 1.041592
v -0.407396 1.175969 1.058363
v -0.410886 1.174251 1.042157
v -0.413565 1.167375 1.027685
v -0.361757 1.190565 1.040288
v -0.364518 1.185234 1.025435
v -0.365797 1.176632 1.013472
v -0.413872 1.158135 1.015483
v -0.366012 1.166121 1.001089
v -0.409130 1.147611 1.000826
v -0.363561 1.150324 0.989783
v -0.317828 1.177621 0.995591
v -0.317936 1.161920 0.988163
v -0.317392 1.141870 0.981523
v -0.360584 1.129905 0.981926
v -0.316158 1.119793 0.975111
v -0.358949 1.107442 0.975181
v -0.314895 1.095313 0.965734
v -0.272025 1.128002 0.973680
v -0.272759 1.101041 0.963511
v -0.272218 1.080554 0.957463
v -0.228747 1.104149 0.961565
v -0.228043 1.083410 0.956225
v -0.226741 1.063390 0.958251
v -0.182399 1.084540 0.954117
v -0.181573 1.063321 0.956654
v -0.181351 1.040403 0.961479
v -0.136436 1.062737 0.957456
v -0.136786 1.040559 0.961892
v -0.137160 1.009187 0.974972
v -0.091688 1.040775 0.962767
v -0.092679 1.008646 0.974687
v -0.093313 0.973270 0.982903
v -0.048044 1.009892 0.978637
v -0.049021 0.975077 0.988901
v -0.049064 0.936952 0.983865
v -0.003245 0.976747 0.992127
v -0.004044 0.938326 0.986614
v -0.006013 0.896873 0.988451
v 0.041443 0.938653 0.995291
v 0.039357 0.897903 0.996038
v 0.037258 0.856429 0.995978
v 0.086537 0.899188 1.000774
v 0.083275 0.857454 1.001984
v 0.080161 0.815802 1.002298
v 0.126116 0.858223 1.010510
v 0.121799 0.816206 1.009907
v 0.118082 0.774009 1.005992
v 0.157875 0.816281 1.018977
v 0.152335 0.773426 1.017123
v 0.146142 0.729411 1.016064
v 0.180949 0.772026 1.035164
v 0.173805 0.728530 1.032474
v 0.168485 0.685980 1.031597
v 0.194761 0.728077 1.055236
v 0.197995 0.771048 1.060014
v 0.206519 0.771189 1.085922
v 0.201303 0.814461 1.065831
v 0.207648 0.814670 1.086861
v 0.210643 0.815459 1.118140
v 0.210316 0.857699 1.086118
v 0.210462 0.858355 1.117345
v 0.211586 0.857645 1.167907
v 0.212286 0.900610 1.162739
v 0.211870 0.938695 1.154230
v 0.211931 0.972670 1.146732
v 0.212386 0.971964 1.183683
v 0.211691 1.001493 1.142336
v 0.212338 0.999713 1.177705
v 0.212597 0.996591 1.205163
v 0.213096 0.970663 1.210993
v 0.212454 1.023890 1.176641
v 0.212798 1.021070 1.203927
v 0.212929 1.045837 1.179131
v 0.213406 1.044137 1.205795
v 0.220186 1.062942 1.182850
v 0.221000 1.061905 1.208425
v 0.224821 1.059816 1.222419
v 0.226949 1.073899 1.210563
v 0.231943 1.072199 1.223813
v 0.243403 1.069858 1.225630
v 0.236492 1.053137 1.225813
v 0.254908 1.066350 1.225539
v 0.247938 1.047552 1.226034
v 0.246327 1.084419 1.225228
v 0.257766 1.083590 1.224494
v 0.268790 1.082068 1.223994
v 0.256795 1.097776 1.223804
v 0.267341 1.098885 1.223553
v 0.274905 1.098624 1.230849
v 0.275657 1.080752 1.232809
v 0.253944 1.109465 1.222692
v 0.242942 1.105201 1.224996
v 0.245610 1.095838 1.224921
v 0.234473 1.093273 1.225185
v 0.234872 1.084300 1.224815
v 0.226796 1.083824 1.213202
v 0.222851 1.089575 1.216801
v 0.218850 1.092719 1.188165
v 0.226173 1.085154 1.185783
v 0.225833 1.085539 1.148317
v 0.218034 1.094127 1.148929
v 0.225853 1.073957 1.184078
v 0.225813 1.073861 1.147219
v 0.225806 1.074113 1.109775
v 0.225677 1.085057 1.109638
v 0.220330 1.063264 1.144761
v 0.212350 1.046036 1.141871
v 0.212215 1.025338 1.140616
v 0.232167 1.082931 1.085757
v 0.230385 1.092930 1.084043
v 0.218853 1.093435 1.110128
v 0.232997 1.071976 1.086074
v 0.247851 1.068354 1.084154
v 0.247291 1.082731 1.082630
v 0.260944 1.081613 1.084103
v 0.260835 1.096092 1.083662
v 0.246747 1.095051 1.081009
v 0.261356 1.064766 1.085219
v 0.272852 1.062041 1.081007
v 0.272610 1.080123 1.082155
v 0.260220 1.044763 1.084361
v 0.270521 1.041357 1.080201
v 0.270448 1.040530 1.070195
v 0.274583 1.060364 1.070348
v 0.274410 1.079702 1.070175
v 0.269167 1.041910 1.057954
v 0.269604 1.043407 1.038966
v 0.256802 1.037536 1.036666
v 0.237133 1.037619 1.010051
v 0.232737 1.046776 0.991420
v 0.231847 1.058873 0.983055
v 0.205597 1.060892 0.983856
v 0.206768 1.074466 0.980898
v 0.233142 1.071182 0.980134
v 0.173692 1.060079 0.981459
v 0.172452 1.073628 0.979198
v 0.132607 1.060054 0.976835
v 0.131899 1.074107 0.973922
v 0.132358 1.086062 0.974226
v 0.132109 1.094781 0.984067
v 0.090215 1.079043 0.970708
v 0.090253 1.090392 0.974809
v 0.090361 1.100269 0.981772
v 0.090796 1.111576 0.986336
v 0.132118 1.105202 0.989503
v 0.046760 1.097725 0.975599
v 0.047540 1.109224 0.980575
v 0.048503 1.120491 0.984465
v 0.049344 1.130066 0.990743
v 0.091337 1.121588 0.991380
v 0.003669 1.117375 0.978959
v 0.004914 1.128337 0.983272
v 0.005970 1.136881 0.990203
v 0.005941 1.138771 1.001471
v 0.049247 1.131953 1.002213
v -0.039245 1.134979 0.980809
v -0.038070 1.144320 0.988576
v -0.037984 1.146188 1.000654
v -0.038239 1.145231 1.013858
v 0.005512 1.137691 1.014033
v -0.082980 1.150355 0.988651
v -0.082547 1.153038 1.001431
v -0.082558 1.152521 1.015501
v -0.082677 1.151883 1.029932
v -0.038630 1.144034 1.028019
v -0.127679 1.161312 1.002790
v -0.127508 1.160904 1.017257
v -0.127431 1.159797 1.031947
v -0.127354 1.158446 1.048016
v -0.083068 1.150370 1.045908
v -0.172695 1.169510 1.018130
v -0.172243 1.168503 1.033348
v -0.171672 1.167316 1.049625
v -0.170958 1.165379 1.076470
v -0.127193 1.156259 1.075788
v -0.217280 1.178128 1.032689
v -0.216192 1.177008 1.049237
v -0.214651 1.175040 1.076701
v -0.214587 1.172920 1.115804
v -0.170988 1.162639 1.114490
v -0.261276 1.186204 1.050027
v -0.258660 1.184744 1.077966
v -0.258548 1.183502 1.117158
v -0.260735 1.182572 1.158211
v -0.216157 1.170904 1.157209
v -0.304809 1.192134 1.080173
v -0.305462 1.192294 1.116996
v -0.307310 1.191706 1.157197
v -0.309022 1.191763 1.199052
v -0.262907 1.181993 1.200067
v -0.354780 1.192517 1.114591
v -0.354902 1.193176 1.155074
v -0.354903 1.193555 1.197272
v -0.355631 1.193461 1.240823
v -0.310140 1.191277 1.241659
v -0.399226 1.179749 1.154291
v -0.397998 1.180977 1.196806
v -0.397655 1.181243 1.240743
v -0.398072 1.181206 1.284773
v -0.355962 1.193227 1.284547
v -0.439062 1.166625 1.198044
v -0.438132 1.166954 1.241621
v -0.438596 1.166551 1.285473
v -0.439473 1.164991 1.328919
v -0.398821 1.180765 1.328671
v -0.477396 1.152189 1.242587
v -0.478462 1.151204 1.285805
v -0.480569 1.149940 1.328795
v -0.482522 1.148137 1.370702
v -0.441228 1.163665 1.371714
v -0.519289 1.139346 1.284576
v -0.522549 1.138717 1.327358
v -0.525365 1.137896 1.368791
v -0.526203 1.136930 1.409249
v -0.484292 1.146576 1.412299
v -0.559570 1.139355 1.324562
v -0.563302 1.138760 1.366258
v -0.563270 1.138359 1.407544
v -0.561612 1.138191 1.448352
v -0.526847 1.137210 1.451696
v -0.578632 1.139353 1.364974
v -0.579346 1.139102 1.407287
v -0.577215 1.138499 1.447254
v -0.579181 1.137504 1.484762
v -0.563289 1.137294 1.488076
v -0.590008 1.139430 1.407381
v -0.589032 1.138797 1.446815
v -0.591330 1.137632 1.483097
v -0.594105 1.138661 1.517534
v -0.582800 1.138222 1.519339
v -0.599705 1.138792 1.446611
v -0.601393 1.137887 1.482719
v -0.601094 1.129617 1.446402
v -0.598341 1.129088 1.483410
v -0.596339 1.120150 1.446041
v -0.591798 1.120185 1.484193
v -0.593049 1.110868 1.445933
v -0.589584 1.111048 1.484231
v -0.581745 1.111761 1.516136
v -0.595778 1.101976 1.445878
v -0.591332 1.112013 1.406381
v -0.595163 1.102906 1.405890
v -0.604029 1.101950 1.405854
v -0.594480 1.103562 1.365338
v -0.587898 1.112878 1.365938
v -0.588941 1.113651 1.324893
v -0.594135 1.123731 1.365416
v -0.592947 1.123614 1.323260
v -0.595193 1.124624 1.281673
v -0.598547 1.132570 1.321305
v -0.598866 1.134238 1.281548
v -0.594907 1.139356 1.321001
v -0.593512 1.140007 1.281500
v -0.584381 1.139542 1.321862
v -0.582170 1.140449 1.281140
v -0.574422 1.139487 1.323024
v -0.571297 1.140542 1.281218
v -0.572700 1.140983 1.240501
v -0.556508 1.140543 1.282119
v -0.553747 1.141496 1.241140
v -0.552400 1.141314 1.201382
v -0.517109 1.140081 1.242596
v -0.516543 1.139764 1.200912
v -0.518706 1.140789 1.160236
v -0.552903 1.141783 1.164318
v -0.524777 1.141486 1.121888
v -0.480578 1.150987 1.156862
v -0.485234 1.149384 1.115933
v -0.441392 1.165192 1.155012
v -0.445083 1.163324 1.114149
v -0.401251 1.178339 1.113811
v -0.404240 1.177142 1.079521
v -0.355462 1.192002 1.079585
v -0.358249 1.191996 1.056023
v -0.307114 1.192677 1.053191
v -0.310717 1.192538 1.035239
v -0.263834 1.187622 1.031996
v -0.265857 1.188157 1.016256
v -0.314251 1.192531 1.019684
v -0.267289 1.186916 1.002280
v -0.316626 1.187864 1.006025
v -0.268880 1.178668 0.992069
v -0.219289 1.178662 1.002978
v -0.220598 1.174452 0.990799
v -0.222586 1.162455 0.983819
v -0.269952 1.165072 0.986873
v -0.224945 1.147115 0.977960
v -0.271042 1.148363 0.980458
v -0.227068 1.127773 0.970842
v -0.178782 1.140669 0.975449
v -0.180872 1.123727 0.967817
v -0.182477 1.103799 0.959704
v -0.134443 1.118228 0.967004
v -0.135810 1.100797 0.959686
v -0.136115 1.082621 0.954505
v -0.089515 1.097847 0.961708
v -0.090433 1.080428 0.956074
v -0.091394 1.061546 0.958532
v -0.044744 1.078577 0.959153
v -0.045506 1.061139 0.961435
v -0.046342 1.041094 0.965329
v -0.000112 1.059345 0.964640
v -0.001011 1.039983 0.968649
v -0.002055 1.011327 0.983083
v 0.044713 1.036933 0.973799
v 0.043868 1.010310 0.984401
v 0.043026 0.976310 0.992919
v 0.092623 1.009665 0.988154
v 0.091033 0.978538 0.998356
v 0.089161 0.940686 1.000093
v 0.138297 0.982075 1.006173
v 0.134865 0.944369 1.008144
v 0.130867 0.900920 1.008525
v 0.171039 0.948029 1.023799
v 0.166659 0.903065 1.022167
v 0.162599 0.859008 1.021099
v 0.190771 0.903517 1.044197
v 0.188614 0.859384 1.042834
v 0.185399 0.815576 1.040071
v 0.204214 0.858056 1.069307
v 0.194032 0.945940 1.047764
v 0.173828 0.982624 1.025480
v 0.091339 1.031821 0.978639
v 0.089801 1.050642 0.975247
v 0.045392 1.055846 0.969712
v 0.045803 1.072577 0.967091
v 0.089910 1.065377 0.971823
v 0.000907 1.076636 0.962296
v 0.001606 1.092381 0.967111
v 0.046497 1.087100 0.967341
v -0.043690 1.095675 0.965373
v -0.042092 1.110476 0.970592
v 0.002547 1.105432 0.974028
v -0.088061 1.113563 0.968431
v -0.086297 1.127586 0.974428
v -0.040515 1.123400 0.975081
v -0.132453 1.133508 0.974234
v -0.130349 1.147358 0.980534
v -0.084489 1.140409 0.980150
v -0.176368 1.155039 0.981978
v -0.174079 1.166313 0.990467
v -0.128457 1.158561 0.989244
v -0.173093 1.170033 1.003565
v -0.218363 1.178963 1.017268
v -0.477887 1.152256 1.199454
v -0.589096 1.139340 1.364114
v -0.598592 1.138962 1.363570
v -0.600024 1.139221 1.407483
v -0.600306 1.132231 1.364198
v -0.601475 1.131327 1.407141
v -0.595590 1.121823 1.406557
v -0.583642 1.138072 1.538515
v -0.566087 1.137241 1.544614
v -0.565434 1.137603 1.524366
v -0.530547 1.136901 1.552265
v -0.531849 1.137041 1.530162
v -0.529890 1.137242 1.494010
v -0.491315 1.141756 1.530848
v -0.488513 1.143346 1.497554
v -0.486246 1.145116 1.455370
v -0.447697 1.157818 1.499450
v -0.445627 1.159759 1.457426
v -0.443302 1.161790 1.414273
v -0.402835 1.175000 1.458058
v -0.401333 1.177568 1.415098
v -0.399769 1.179278 1.372101
v -0.357549 1.191117 1.414962
v -0.356699 1.192057 1.371822
v -0.356191 1.193237 1.328283
v -0.310606 1.189808 1.371119
v -0.310797 1.190390 1.327975
v -0.310645 1.190845 1.284748
v -0.265032 1.180577 1.327519
v -0.265151 1.180906 1.284853
v -0.264348 1.181565 1.242253
v -0.219841 1.167338 1.284547
v -0.219330 1.168020 1.242104
v -0.217959 1.169052 1.199590
v -0.174186 1.156317 1.241263
v -0.173242 1.157908 1.198381
v -0.171908 1.160248 1.155787
v -0.129176 1.147304 1.196738
v -0.128315 1.150107 1.153884
v -0.127487 1.153395 1.113086
v -0.084790 1.141675 1.152225
v -0.084113 1.144953 1.111347
v -0.083536 1.147961 1.073933
v -0.040891 1.137101 1.109274
v -0.039989 1.140201 1.071422
v -0.039204 1.142557 1.043824
v 0.003306 1.133605 1.069072
v 0.004415 1.135403 1.041532
v 0.004997 1.136477 1.027287
v 0.047103 1.128825 1.042205
v 0.047769 1.129764 1.028081
v 0.048534 1.131053 1.014745
v 0.089921 1.123906 1.027089
v 0.090564 1.124576 1.013808
v 0.091147 1.125069 1.001770
v 0.131492 1.121705 1.014201
v 0.132007 1.121236 1.002518
v 0.132301 1.115256 0.994156
v 0.169389 1.122765 1.004358
v 0.168811 1.124364 1.016106
v 0.198340 1.128320 1.018641
v 0.201103 1.126275 1.007870
v 0.214901 1.138627 1.020659
v 0.220181 1.135347 1.009681
v 0.229285 1.151011 1.020419
v 0.238000 1.145142 1.011399
v 0.245957 1.135565 1.007746
v 0.253093 1.125728 1.008927
v 0.196558 1.127201 1.031882
v 0.194826 1.124789 1.049215
v 0.168211 1.122912 1.028530
v 0.167708 1.122442 1.045333
v 0.166270 1.121389 1.070612
v 0.190881 1.123112 1.072966
v 0.131205 1.120829 1.027074
v 0.131202 1.119718 1.043123
v 0.131325 1.118370 1.067811
v 0.130633 1.117058 1.107405
v 0.163901 1.119886 1.108925
v 0.089376 1.123093 1.042561
v 0.088771 1.121619 1.066435
v 0.088078 1.119561 1.106413
v 0.087836 1.117741 1.149554
v 0.130554 1.115606 1.150117
v 0.046038 1.126983 1.067200
v 0.045028 1.124997 1.106388
v 0.044620 1.122355 1.149411
v 0.045015 1.120169 1.193563
v 0.088186 1.116237 1.193449
v 0.002206 1.130911 1.107494
v 0.001557 1.127638 1.149860
v 0.001679 1.125112 1.193907
v 0.002527 1.123727 1.237823
v 0.046248 1.119087 1.237409
v -0.041576 1.133774 1.150817
v -0.041672 1.131748 1.194522
v -0.041356 1.129550 1.238426
v -0.040481 1.128391 1.281901
v 0.003945 1.123000 1.281245
v -0.085317 1.138574 1.195391
v -0.085357 1.136848 1.239195
v -0.084964 1.135418 1.282550
v -0.084041 1.134829 1.325588
v -0.039204 1.128048 1.324960
v -0.129571 1.145833 1.240203
v -0.129568 1.144414 1.283252
v -0.128903 1.143768 1.326096
v -0.127582 1.144423 1.369007
v -0.082685 1.135408 1.368629
v -0.174347 1.155772 1.283963
v -0.174111 1.154361 1.326528
v -0.172801 1.154569 1.369158
v -0.171099 1.154864 1.412153
v -0.126032 1.145388 1.412371
v -0.219577 1.166694 1.327004
v -0.218454 1.166435 1.369394
v -0.216537 1.166305 1.411995
v -0.214360 1.166844 1.455042
v -0.169145 1.156860 1.456007
v -0.264188 1.180007 1.370145
v -0.262589 1.179062 1.412533
v -0.260051 1.178253 1.454494
v -0.257891 1.178063 1.496855
v -0.213159 1.168557 1.499310
v -0.310099 1.189166 1.413847
v -0.308814 1.188024 1.455456
v -0.305344 1.187054 1.494603
v -0.305974 1.187070 1.530890
v -0.260197 1.179910 1.535944
v -0.358047 1.189751 1.457411
v -0.356654 1.188960 1.498460
v -0.358808 1.187598 1.528610
v -0.364251 1.182751 1.551355
v -0.312215 1.187840 1.555951
v -0.404932 1.173035 1.498889
v -0.407473 1.171316 1.528041
v -0.410797 1.165988 1.550128
v -0.412393 1.153722 1.569922
v -0.366487 1.172318 1.567625
v -0.449656 1.156789 1.530495
v -0.450424 1.150381 1.551618
v -0.454591 1.138125 1.566563
v -0.460482 1.133916 1.579950
v -0.412271 1.144428 1.581653
v -0.493504 1.136803 1.550908
v -0.495511 1.134585 1.565892
v -0.496694 1.135628 1.579144
v -0.532311 1.137160 1.565979
v -0.535900 1.135699 1.577789
v -0.566980 1.137072 1.555607
v -0.367362 1.163173 1.579741
v -0.316678 1.186052 1.573755
v -0.263733 1.182202 1.560249
v -0.214472 1.170840 1.538038
v -0.168313 1.161394 1.538904
v -0.168189 1.158821 1.500869
v -0.122741 1.152691 1.539614
v -0.123036 1.150448 1.501475
v -0.124340 1.147509 1.456571
v -0.077940 1.142586 1.501192
v -0.079407 1.139599 1.456137
v -0.081113 1.136858 1.412046
v -0.034372 1.132322 1.454757
v -0.036083 1.129856 1.410961
v -0.037700 1.128437 1.367870
v 0.009175 1.123985 1.409143
v 0.007450 1.122544 1.366739
v 0.005663 1.122515 1.324165
v 0.053162 1.117868 1.365220
v 0.050710 1.117913 1.323252
v 0.048232 1.118613 1.280539
v 0.095928 1.114134 1.322061
v 0.092446 1.114913 1.279346
v 0.089701 1.115247 1.236871
v 0.134449 1.114507 1.277053
v 0.131864 1.114303 1.235707
v 0.130368 1.114671 1.193450
v 0.163473 1.117359 1.193576
v 0.162757 1.118556 1.150761
v 0.183128 1.119071 1.194221
v 0.180592 1.119924 1.151013
v 0.183694 1.121717 1.110030
v 0.195259 1.120856 1.151214
v 0.196676 1.118775 1.194157
v 0.206784 1.117576 1.151204
v 0.216244 1.112448 1.150853
v 0.220558 1.103396 1.149985
v 0.220329 1.103629 1.110032
v 0.138799 1.114133 1.319971
v 0.099604 1.113096 1.363495
v 0.143712 1.113707 1.361468
v 0.175743 1.116705 1.358445
v 0.147074 1.114159 1.399551
v 0.177323 1.116996 1.394907
v 0.196941 1.118044 1.356397
v 0.148211 1.114607 1.442458
v 0.178696 1.117388 1.439607
v 0.147381 1.114550 1.486282
v 0.181128 1.117805 1.487620
v 0.144554 1.115016 1.524089
v 0.179345 1.117377 1.525015
v 0.143250 1.115460 1.548818
v 0.176318 1.117897 1.550238
v 0.197881 1.121040 1.552104
v 0.176919 1.118553 1.565182
v 0.200398 1.122855 1.565400
v 0.213235 1.131243 1.564305
v 0.211467 1.129473 1.551549
v 0.224145 1.140442 1.564163
v 0.222727 1.138605 1.550476
v 0.236272 1.149623 1.566524
v 0.233947 1.148900 1.551060
v 0.243596 1.153906 1.530109
v 0.253593 1.161630 1.531186
v 0.252788 1.159684 1.505353
v 0.251781 1.158824 1.477206
v 0.264487 1.158121 1.530588
v 0.263804 1.158147 1.505667
v 0.262064 1.158252 1.477104
v 0.260513 1.158144 1.445795
v 0.251575 1.158072 1.445715
v 0.273145 1.151226 1.504798
v 0.271015 1.153296 1.476749
v 0.267998 1.153229 1.445690
v 0.267028 1.153177 1.414626
v 0.259779 1.158642 1.414563
v 0.269878 1.145531 1.445629
v 0.269832 1.145149 1.414679
v 0.265602 1.136899 1.445614
v 0.267220 1.136032 1.414735
v 0.270339 1.145006 1.386948
v 0.268899 1.154561 1.387157
v 0.269545 1.154665 1.362341
v 0.261449 1.160785 1.362684
v 0.260951 1.160878 1.387470
v 0.273047 1.144850 1.362506
v 0.273718 1.144624 1.339614
v 0.270575 1.155070 1.338614
v 0.269868 1.155159 1.313743
v 0.261925 1.162144 1.312603
v 0.262033 1.161850 1.338259
v 0.272886 1.145488 1.315132
v 0.271357 1.154285 1.287048
v 0.271168 1.150480 1.261657
v 0.264731 1.159861 1.262231
v 0.263385 1.161357 1.286364
v 0.254001 1.163852 1.262529
v 0.251868 1.163047 1.285660
v 0.251035 1.162876 1.311642
v 0.240960 1.157587 1.283664
v 0.240814 1.156411 1.311603
v 0.242530 1.158212 1.340274
v 0.251529 1.163075 1.338606
v 0.245146 1.154685 1.365073
v 0.252001 1.161698 1.363633
v 0.244574 1.152684 1.388299
v 0.251375 1.160281 1.387797
v 0.244323 1.152499 1.413800
v 0.250934 1.159245 1.414460
v 0.244475 1.152369 1.445346
v 0.240404 1.144642 1.367391
v 0.237172 1.147634 1.343673
v 0.232754 1.149338 1.311517
v 0.243711 1.159668 1.261002
v 0.245720 1.160214 1.242204
v 0.240041 1.152490 1.239546
v 0.254537 1.163416 1.242800
v 0.254222 1.162590 1.223382
v 0.246164 1.159882 1.223045
v 0.262243 1.156497 1.242250
v 0.261917 1.157229 1.223258
v 0.259873 1.157475 1.201342
v 0.253363 1.162211 1.200812
v 0.269478 1.147974 1.241572
v 0.269227 1.149829 1.223023
v 0.264314 1.150114 1.201887
v 0.264463 1.144024 1.176072
v 0.262841 1.151869 1.174065
v 0.259440 1.158774 1.172149
v 0.260120 1.160334 1.138044
v 0.253110 1.164076 1.135458
v 0.252925 1.162417 1.169988
v 0.261957 1.152638 1.140442
v 0.263639 1.145487 1.143227
v 0.267696 1.153230 1.107720
v 0.261792 1.159115 1.106117
v 0.263076 1.156288 1.080332
v 0.254795 1.161548 1.078864
v 0.253263 1.163536 1.104308
v 0.270128 1.150514 1.081876
v 0.270882 1.146553 1.061007
v 0.266567 1.154792 1.059888
v 0.258598 1.161752 1.058358
v 0.246882 1.165422 1.056099
v 0.245373 1.162179 1.077488
v 0.239992 1.154572 1.100356
v 0.244572 1.162276 1.102489
v 0.241209 1.155193 1.129626
v 0.245436 1.162029 1.132731
v 0.241441 1.154511 1.164203
v 0.246007 1.160575 1.167373
v 0.241034 1.153090 1.197367
v 0.245788 1.159896 1.199730
v 0.240608 1.152958 1.221797
v 0.239408 1.145490 1.194105
v 0.237296 1.143401 1.219049
v 0.239172 1.146904 1.160550
v 0.240169 1.138462 1.156499
v 0.242591 1.138994 1.123315
v 0.248055 1.133970 1.119892
v 0.246381 1.132568 1.152596
v 0.240801 1.147086 1.126540
v 0.239351 1.144693 1.098399
v 0.254975 1.132404 1.149068
v 0.261696 1.137800 1.146031
v 0.261532 1.136272 1.178386
v 0.259048 1.130607 1.445361
v 0.258678 1.129541 1.414374
v 0.273644 1.151321 1.528891
v 0.274214 1.151834 1.553317
v 0.273858 1.147880 1.573510
v 0.260153 1.140119 1.579289
v 0.241042 1.143090 1.576366
v 0.246138 1.134313 1.578231
v 0.228499 1.137020 1.574276
v 0.234897 1.129152 1.576779
v 0.217196 1.129722 1.574196
v 0.203180 1.123043 1.575496
v 0.178809 1.118713 1.576335
v 0.143384 1.116609 1.564698
v 0.144250 1.117128 1.576760
v 0.103327 1.117719 1.566529
v 0.102139 1.116761 1.550742
v 0.059388 1.123966 1.554230
v 0.059944 1.124954 1.570084
v 0.015645 1.132490 1.557116
v 0.016425 1.133669 1.573261
v -0.030158 1.140146 1.558310
v 0.014078 1.129171 1.536258
v -0.031070 1.138300 1.537364
v -0.077108 1.144984 1.538725
v -0.032640 1.135277 1.498888
v 0.012250 1.127683 1.496024
v 0.010680 1.125831 1.452234
v 0.056927 1.120919 1.492559
v 0.056158 1.119581 1.448797
v 0.055036 1.118232 1.406658
v 0.102989 1.113751 1.444996
v 0.102520 1.113117 1.403604
v 0.101949 1.114663 1.488106
v 0.101520 1.115715 1.528507
v 0.058265 1.122249 1.532889
v 0.257888 1.066706 0.980736
v 0.272042 1.066844 0.995237
v 0.273715 1.096419 1.069547
v 0.272305 1.096035 1.081240
v 0.273056 1.110492 1.068668
v 0.271448 1.109517 1.082392
v 0.271227 1.109068 1.053120
v 0.256220 1.106168 1.043692
v 0.244996 1.116004 1.034225
v 0.232072 1.105475 1.031063
v -0.423316 1.063358 1.623092
v -0.477795 1.057902 1.617759
v -0.651453 1.054474 1.324438
v -0.657031 1.046288 1.324706
v -0.651737 1.055689 1.280468
v -0.657096 1.047232 1.280074
v -0.657219 1.037009 1.279783
v -0.652685 1.055733 1.239036
v -0.642386 1.057696 1.280755
v -0.643768 1.059776 1.239184
v -0.639452 1.069197 1.239398
v -0.609705 1.058425 1.275439
v -0.541302 1.108299 1.008411
v -0.538742 1.110389 1.022815
v 0.193696 0.512139 1.073839
v 0.199910 0.555565 1.106607
v 0.199464 0.511138 1.102689
v 0.197737 0.465153 1.098497
v 0.199121 0.510695 1.137973
v 0.200279 0.554605 1.141759
v 0.200619 0.553777 1.180184
v 0.199327 0.510799 1.177289
v 0.200375 0.553005 1.219453
v 0.198649 0.511017 1.217283
v 0.200219 0.551991 1.259385
v 0.198888 0.510694 1.257516
v 0.200877 0.550569 1.299705
v 0.199155 0.509489 1.298066
v 0.201277 0.548537 1.340202
v 0.202074 0.592456 1.301156
v 0.202568 0.590713 1.341335
v 0.203187 0.588807 1.381491
v 0.204154 0.633288 1.342379
v 0.204611 0.631983 1.382146
v 0.204465 0.630742 1.421803
v 0.206108 0.675358 1.382415
v 0.206941 0.674803 1.422072
v 0.206972 0.673764 1.460442
v 0.208240 0.719181 1.421887
v 0.208617 0.718265 1.461291
v 0.206330 0.716581 1.494218
v 0.212885 0.761621 1.464651
v 0.210734 0.760523 1.493122
v 0.201639 0.759360 1.521118
v 0.214503 0.802660 1.494121
v 0.205681 0.801839 1.514389
v 0.185720 0.804074 1.546237
v 0.207480 0.846269 1.511508
v 0.188333 0.847700 1.545185
v 0.151671 0.848409 1.569349
v 0.150546 0.804839 1.567916
v 0.107442 0.849417 1.578041
v 0.107920 0.805553 1.576372
v 0.061750 0.850296 1.584802
v 0.062553 0.806012 1.583463
v 0.017704 0.805147 1.588637
v -0.024153 0.758678 1.590745
v -0.068035 0.715671 1.592369
v -0.115465 0.676414 1.594265
v -0.165775 0.639661 1.595079
v -0.215476 0.601194 1.595320
v -0.166246 0.598552 1.593725
v -0.216322 0.560407 1.593917
v -0.263630 0.560143 1.593157
v -0.265131 0.518879 1.592015
v -0.218645 0.519368 1.592257
v -0.267503 0.477441 1.590448
v -0.222582 0.477730 1.591517
v -0.270388 0.435199 1.589156
v -0.227639 0.434069 1.590007
v -0.311849 0.476059 1.588534
v -0.313086 0.434083 1.587022
v -0.355744 0.472545 1.588657
v -0.355771 0.430717 1.587878
v -0.355250 0.388373 1.584818
v -0.397799 0.426516 1.584377
v -0.396833 0.384701 1.583021
v -0.395681 0.343569 1.579108
v -0.438218 0.381766 1.579144
v -0.437252 0.341258 1.576315
v -0.435995 0.301694 1.573022
v -0.476541 0.340037 1.572884
v -0.475322 0.300964 1.568042
v -0.473945 0.262161 1.566095
v -0.510511 0.300599 1.560264
v -0.508445 0.262340 1.556359
v -0.507013 0.224342 1.554761
v -0.535803 0.263331 1.536492
v -0.534557 0.225859 1.534339
v -0.533254 0.189332 1.532402
v -0.552794 0.227654 1.505594
v -0.551917 0.191920 1.503963
v -0.551752 0.157229 1.502237
v -0.559803 0.194587 1.469636
v -0.558667 0.161151 1.467745
v -0.557973 0.129790 1.466046
v -0.559968 0.164227 1.429498
v -0.559462 0.133690 1.427969
v -0.558923 0.104903 1.426620
v -0.560280 0.135334 1.387093
v -0.560249 0.106898 1.385883
v -0.559375 0.079995 1.384896
v -0.561020 0.106580 1.344750
v -0.560299 0.079934 1.343615
v -0.559151 0.054734 1.342574
v -0.558127 0.054627 1.384221
v -0.561121 0.077884 1.302637
v -0.560214 0.053233 1.300983
v -0.560386 0.050888 1.262851
v -0.310540 0.517206 1.589472
v 0.106482 0.894202 1.580027
v 0.151017 0.892420 1.569783
v 0.217577 0.845044 1.496491
v 0.213510 0.805207 1.469996
v 0.214162 0.846366 1.473078
v 0.213442 0.805716 1.423769
v 0.214182 0.847891 1.425121
v 0.214460 0.805011 1.376179
v 0.215020 0.848351 1.374704
v 0.215451 0.903675 1.373475
v 0.218547 0.804338 1.347773
v 0.213049 0.762237 1.379455
v 0.213372 0.762208 1.345978
v 0.212771 0.762929 1.309405
v 0.207275 0.719185 1.344224
v 0.207791 0.719797 1.306140
v 0.207461 0.721247 1.266186
v 0.204191 0.677225 1.304100
v 0.204156 0.678686 1.264570
v 0.203824 0.680606 1.225863
v 0.202957 0.636292 1.262822
v 0.202512 0.637986 1.223704
v 0.202359 0.639781 1.185366
v 0.201978 0.595437 1.221657
v 0.201727 0.596851 1.182886
v 0.201295 0.598237 1.144979
v 0.202020 0.593979 1.261139
v 0.202916 0.634741 1.302562
v 0.205444 0.676055 1.343329
v 0.208146 0.719043 1.381585
v 0.212879 0.762611 1.421892
v 0.223041 0.930208 1.357448
v 0.216481 0.930101 1.366842
v 0.214581 1.046353 1.405400
v 0.237161 1.066111 1.360198
v 0.228262 1.065725 1.376483
v 0.223879 1.061302 1.404222
v 0.221211 1.057681 1.443930
v 0.215534 1.040154 1.445576
v 0.229515 1.078568 1.378403
v 0.229088 1.074472 1.403887
v 0.228957 1.069497 1.441458
v 0.229988 1.067714 1.475258
v 0.221424 1.055935 1.474522
v 0.226352 1.088319 1.403268
v 0.229136 1.082030 1.440983
v 0.230841 1.078730 1.476909
v 0.222313 1.090725 1.441539
v 0.226142 1.087989 1.479823
v 0.236245 1.089529 1.498915
v 0.236305 1.077734 1.495662
v 0.233765 1.066631 1.493808
v 0.249211 1.078889 1.498493
v 0.245701 1.062935 1.498429
v 0.236293 1.048561 1.499060
v 0.224410 1.054168 1.491879
v 0.217551 1.034987 1.491845
v 0.216520 1.036615 1.475422
v 0.258826 1.059899 1.498812
v 0.251370 1.043410 1.499136
v 0.271317 1.058418 1.499356
v 0.265740 1.039303 1.499097
v 0.279885 1.056474 1.508536
v 0.272296 1.077438 1.499034
v 0.279181 1.075707 1.508845
v 0.270813 1.094825 1.499824
v 0.278223 1.093830 1.508537
v 0.260511 1.094983 1.498491
v 0.260780 1.078507 1.498448
v 0.249098 1.093249 1.499091
v 0.221732 1.097119 1.481937
v 0.222167 1.099902 1.440930
v 0.221112 1.099281 1.403572
v 0.235888 1.080953 1.361739
v 0.254345 1.064133 1.358656
v 0.250516 1.082876 1.359498
v 0.271503 1.062571 1.355627
v 0.266398 1.083667 1.358909
v 0.223048 0.188292 1.600523
v 0.225345 0.166414 1.600290
v 0.237016 0.165689 1.598737
v 0.223588 0.142830 1.600694
v 0.235759 0.139978 1.599676
v 0.247790 0.137049 1.596410
v 0.248084 0.164875 1.595010
v 0.256442 0.134438 1.588360
v 0.256725 0.164485 1.588030
v 0.261076 0.164435 1.578292
v 0.238038 0.107998 1.595815
v 0.227513 0.113432 1.601006
v 0.070138 0.095185 1.550162
v 0.060398 0.098656 1.532966
v 0.091083 0.121823 1.535313
v 0.102856 0.119542 1.549802
v 0.126645 0.124105 1.320051
v 0.081543 0.103628 1.281768
v 0.055434 0.084766 1.282502
v 0.054353 0.086801 1.246836
v 0.033541 0.099776 1.076471
v 0.105199 0.146496 1.157428
v 0.133636 0.176935 1.182042
v -0.419372 0.692568 0.996444
v -0.418139 0.648394 0.996372
v -0.383332 0.647399 0.992190
v -0.383810 0.602609 0.991611
v -0.350041 0.600090 0.989947
v -0.350441 0.555229 0.990364
v -0.312341 0.553013 0.995453
v -0.309941 0.508217 0.995990
v -0.269038 0.508003 0.995088
v -0.265347 0.463501 0.995843
v -0.222511 0.465987 0.994556
v -0.247286 0.097601 1.012877
v 0.098915 0.209929 1.048740
v 0.270621 1.041058 1.320076
v 0.266186 1.040956 1.296588
v 0.261926 1.041171 1.269986
v 0.275371 1.047868 1.270003
v 0.250513 1.040805 1.297597
v 0.258535 1.081014 1.315272
v 0.244055 1.083594 1.294840
v 0.249212 1.118268 1.276562
v 0.115849 0.005109 0.975145
v -0.071009 0.006817 1.018620
v -0.071502 0.006817 1.010585
v 0.258070 1.102324 1.548724
v 0.230006 1.011662 1.226869
v -0.601074 0.986386 1.137072
v -0.593049 0.976155 1.465270
v -0.593210 0.970731 1.459372
v 0.135560 0.112659 1.577751
v 0.132726 0.098761 1.571934
v 0.227497 1.116466 1.358867
v 0.235501 1.114977 1.365691
v -0.596680 1.107429 1.107515
v -0.593100 1.106956 1.091956
v -0.071234 0.012488 1.034075
v -0.071122 0.013824 1.030187
v -0.070593 0.021547 1.034095
v -0.071098 0.014608 1.036655
v -0.071447 0.009213 1.034358
v -0.071390 0.010059 1.031735
v -0.071442 0.009820 1.037700
v -0.071359 0.010755 1.040557
v -0.071644 0.006817 1.041122
v -0.071645 0.006817 1.037927
v -0.071595 0.006817 1.034355
v -0.071002 0.015969 1.040281
v -0.070970 0.016329 1.044433
v -0.071302 0.011240 1.043687
v -0.070495 0.022565 1.039787
v -0.070486 0.022657 1.045637
v -0.070720 0.020215 1.050956
v -0.070979 0.016197 1.049628
v -0.071280 0.011533 1.048088
v -0.071584 0.006817 1.046530
v -0.071612 0.006817 1.043994
v -0.071590 0.006817 1.030803
vn 0.9716 -0.0358 -0.2339
vn 0.9968 0.0558 -0.0578
vn 0.0922 -0.1316 0.9870
vn 0.6238 -0.4605 0.6315
vn 0.8056 -0.2733 0.5257
vn 0.3545 -0.5006 0.7898
vn -0.4145 -0.8496 -0.3261
vn -0.6700 -0.7317 0.1256
vn 0.1276 -0.0288 -0.9914
vn 0.9409 -0.2644 -0.2118
vn -0.0382 -0.9526 -0.3018
vn 0.0045 -0.9865 0.1636
vn -0.8115 -0.5833 0.0344
vn -0.5074 -0.8596 -0.0604
vn 0.1015 -0.8347 0.5412
vn 0.5199 -0.8072 0.2795
vn -0.9985 0.0549 0.0086
vn -0.9905 -0.1343 0.0280
vn -0.9981 0.0046 0.0612
vn -0.9987 0.0302 0.0406
vn 0.8753 -0.4575 0.1566
vn 0.7820 -0.5820 -0.2230
vn 0.5864 -0.7942 -0.1594
vn 0.6820 -0.7312 -0.0149
vn 0.2626 -0.5330 0.8043
vn -0.3157 -0.0521 0.9474
vn 0.9896 0.1157 0.0855
vn 0.7450 -0.6522 0.1402
vn 0.6906 -0.6945 0.2020
vn 0.6663 -0.7398 0.0932
vn 0.7656 -0.5560 -0.3237
vn 0.6709 -0.7412 0.0234
vn 0.3792 -0.9231 0.0642
vn 0.1941 -0.9307 0.3100
vn 0.5885 -0.7509 0.2996
vn 0.7025 -0.6381 0.3153
vn 0.5249 -0.8312 -0.1833
vn 0.6020 -0.7644 -0.2307
vn 0.3652 -0.8964 -0.2512
vn -0.9935 0.0080 -0.1132
vn -0.9973 -0.0587 -0.0450
vn -0.9749 -0.1931 0.1105
vn -0.9990 -0.0436 0.0026
vn -0.9995 -0.0269 0.0188
vn -0.9776 -0.0255 -0.2090
vn -0.9834 -0.0351 -0.1780
vn 0.4382 -0.8020 -0.4058
vn 0.5094 -0.8458 -0.1585
vn 0.5689 -0.8179 -0.0861
vn 0.7023 -0.6575 -0.2729
vn -0.0200 -0.9048 0.4253
vn -0.6223 0.6319 0.4620
vn 0.1114 -0.9358 0.3345
vn 0.7539 -0.6563 0.0302
vn 0.4778 -0.8596 0.1810
vn 0.5044 -0.8568 -0.1071
vn 0.6104 -0.7721 -0.1767
vn 0.8749 0.3050 -0.3762
vn 0.4335 -0.4990 0.7504
vn 0.7648 0.6308 -0.1309
vn 0.5169 0.8497 -0.1043
vn 0.4156 0.9095 0.0093
vn 0.8781 0.4774 -0.0327
vn 0.9377 -0.3380 -0.0802
vn 0.9206 -0.0645 -0.3850
vn 0.7575 0.4022 -0.5142
vn 0.5344 -0.5858 0.6093
vn 0.4136 -0.7653 0.4932
vn 0.9262 -0.3008 0.2275
vn 0.8729 -0.4242 0.2412
vn 0.5055 -0.6938 0.5129
vn 0.3554 -0.8155 0.4567
vn 0.8345 -0.5258 0.1650
vn 0.6689 -0.6700 0.3221
vn 0.6896 -0.6974 0.1952
vn 0.6626 -0.7401 0.1147
vn 0.5989 -0.7042 -0.3814
vn 0.8296 0.1553 -0.5363
vn 0.3977 0.9122 0.0981
vn 0.8643 0.4977 -0.0730
vn 0.7173 -0.6870 -0.1166
vn 0.9796 0.0341 -0.1978
vn 0.9263 0.3712 0.0644
vn 0.7156 -0.4815 -0.5061
vn 0.9059 -0.3771 -0.1924
vn 0.3636 -0.8462 -0.3896
vn -0.4495 -0.4607 -0.7653
vn 0.1360 0.2091 -0.9684
vn -0.5668 0.5685 -0.5963
vn -0.9149 0.1863 -0.3581
vn -0.0487 -0.1442 -0.9884
vn 0.3907 0.0464 -0.9193
vn -0.9948 -0.0461 -0.0908
vn -0.7179 -0.6778 -0.1588
vn 0.0144 -0.6949 -0.7190
vn 0.0561 -0.1430 -0.9881
vn -0.1310 -0.9752 -0.1787
vn 0.9987 -0.0187 0.0473
vn 0.9907 0.0349 0.1312
vn 0.9099 0.0539 -0.4113
vn 0.8572 -0.2550 -0.4475
vn 0.8434 -0.3196 0.4319
vn 0.8047 -0.1412 0.5767
vn 0.9960 -0.0800 0.0394
vn 0.8540 -0.4335 0.2877
vn 0.9920 -0.0045 -0.1265
vn 0.9937 0.1032 -0.0440
vn 0.9910 0.1337 0.0040
vn 0.3255 -0.5816 -0.7455
vn 0.3257 -0.9163 -0.2330
vn 0.7649 -0.6087 -0.2107
vn 0.3875 -0.0978 -0.9167
vn 0.9839 -0.1218 -0.1307
vn 0.8845 -0.1989 0.4219
vn 0.3183 -0.6835 0.6568
vn 0.4909 -0.6813 0.5430
vn 0.4092 -0.5361 0.7383
vn 0.2073 -0.5514 0.8081
vn 0.4112 -0.6040 0.6827
vn 0.5214 -0.5627 0.6416
vn 0.3131 -0.4485 0.8372
vn -0.6958 0.6547 -0.2954
vn -0.7776 0.5969 -0.1975
vn -0.7888 0.6100 -0.0755
vn -0.8378 0.5453 -0.0278
vn 0.6399 -0.7620 0.0993
vn 0.4579 -0.8756 0.1536
vn 0.8616 -0.5062 -0.0380
vn 0.8660 -0.4995 0.0227
vn 0.8082 -0.5826 -0.0855
vn 0.9756 -0.0421 -0.2157
vn 0.9756 0.0119 -0.2191
vn 0.7861 -0.0440 -0.6166
vn 0.9968 0.0133 0.0788
vn 0.9937 0.0295 0.1078
vn 0.7825 -0.0560 -0.6201
vn 0.7677 -0.2494 -0.5903
vn 0.9577 -0.0713 -0.2789
vn 0.9954 -0.0215 0.0929
vn 0.9989 -0.0355 0.0311
vn 0.9703 -0.0674 -0.2325
vn 0.8512 -0.0478 -0.5226
vn 0.7962 -0.0525 -0.6027
vn 0.9766 -0.2149 0.0115
vn 0.5989 -0.0370 0.8000
vn 0.9238 -0.0179 0.3825
vn 0.8807 -0.1139 0.4599
vn 0.9928 -0.1149 -0.0330
vn 0.8415 -0.1782 -0.5100
vn 0.9739 -0.0482 -0.2217
vn 0.5875 -0.0543 0.8074
vn 0.6637 0.0093 -0.7479
vn 0.8892 -0.4567 -0.0254
vn 0.9714 -0.1555 0.1797
vn 0.5591 -0.7062 -0.4343
vn 0.9301 -0.0768 0.3593
vn -0.0222 -0.0037 -0.9997
vn 0.2643 -0.1155 -0.9575
vn 0.1655 -0.0823 -0.9828
vn 0.1539 0.0166 -0.9879
vn -0.0048 -0.0287 -0.9996
vn 0.3661 -0.1683 -0.9152
vn 0.1457 -0.0428 -0.9884
vn 0.7437 0.0153 -0.6683
vn 0.5883 -0.8044 0.0827
vn 0.8015 -0.5930 0.0771
vn 0.0053 -0.1463 0.9892
vn 0.7353 -0.1345 -0.6643
vn 0.2985 -0.2555 0.9196
vn 0.7212 -0.4635 0.5149
vn 0.2293 -0.0085 -0.9733
vn 0.0474 -0.0322 -0.9984
vn 0.0759 -0.0588 -0.9954
vn 0.2925 -0.2029 -0.9345
vn 0.0136 -0.0056 -0.9999
vn 0.0064 -0.0528 -0.9986
vn 0.5948 -0.3821 -0.7072
vn 0.6345 -0.1691 -0.7542
vn 0.2875 0.1486 -0.9462
vn -0.0125 -0.0142 -0.9998
vn 0.6780 -0.4779 -0.5585
vn -0.0039 -0.0648 -0.9979
vn -0.2498 -0.9621 -0.1090
vn 0.4625 -0.8335 -0.3023
vn 0.5542 -0.7698 -0.3167
vn -0.0138 0.0872 0.9961
vn 0.3030 -0.4308 0.8501
vn -0.3654 -0.7886 0.4945
vn -0.6388 -0.7098 0.2970
vn -0.4861 -0.7514 -0.4463
vn -0.2268 -0.6051 0.7631
vn -0.7917 -0.2103 0.5736
vn -0.9961 -0.0674 0.0567
vn -0.9435 -0.0566 0.3266
vn -0.9468 -0.0604 0.3160
vn -0.9878 -0.1313 -0.0838
vn -0.9995 -0.0313 0.0066
vn 0.8935 -0.3624 -0.2650
vn -0.7850 -0.2745 -0.5553
vn -0.9879 -0.1073 -0.1120
vn -0.7586 -0.0264 0.6510
vn -0.9500 -0.0830 0.3011
vn -0.8870 -0.2674 0.3765
vn -0.4887 -0.8715 0.0402
vn -0.1894 -0.6809 -0.7075
vn -0.6864 -0.4515 0.5701
vn -0.9237 -0.3621 -0.1255
vn -0.9652 -0.1862 -0.1835
vn -0.9979 -0.0549 -0.0336
vn -0.9968 -0.0791 -0.0072
vn -0.9988 -0.0392 0.0299
vn -0.9895 -0.0699 0.1264
vn -0.7127 -0.1391 0.6876
vn -0.8379 0.3800 0.3919
vn -0.9333 0.3354 -0.1285
vn -0.5847 -0.0897 -0.8063
vn -0.6274 -0.3822 -0.6785
vn -0.6188 -0.4080 -0.6713
vn -0.9892 -0.1073 -0.0996
vn -0.9927 -0.0474 -0.1113
vn 0.3479 -0.4783 -0.8064
vn 0.3030 -0.5586 -0.7721
vn 0.3999 -0.6281 -0.6675
vn -0.9916 0.0666 0.1107
vn -0.9946 -0.0717 0.0755
vn -0.9996 0.0278 -0.0080
vn -0.9972 -0.0161 -0.0734
vn -0.9881 0.0812 -0.1309
vn -0.9892 0.0376 0.1413
vn -0.9744 -0.0249 -0.2233
vn 0.1380 -0.9819 0.1300
vn 0.0862 -0.9567 -0.2780
vn -0.6883 -0.7253 0.0087
vn -0.6977 -0.7163 -0.0133
vn 0.0662 -0.9936 -0.0913
vn 0.4969 -0.8236 -0.2734
vn 0.1296 -0.2562 -0.9579
vn 0.0766 -0.2429 -0.9670
vn 0.0322 -0.1417 -0.9894
vn 0.1320 -0.2439 -0.9608
vn 0.2017 -0.2538 -0.9460
vn 0.1443 -0.2475 -0.9581
vn 0.0807 -0.2576 -0.9629
vn 0.2019 -0.6440 -0.7379
vn 0.3579 -0.3089 -0.8812
vn 0.2095 -0.3000 -0.9306
vn -0.0386 -0.4188 -0.9073
vn -0.1117 -0.4690 -0.8761
vn -0.1554 -0.7476 -0.6458
vn 0.7363 -0.2871 -0.6128
vn 0.5692 -0.0741 -0.8189
vn -0.1399 -0.9635 -0.2283
vn 0.3256 -0.8917 -0.3143
vn 0.8505 -0.5158 0.1035
vn -0.2359 0.5169 -0.8229
vn -0.3303 0.3471 -0.8777
vn -0.2484 0.2338 -0.9400
vn -0.1632 0.3260 -0.9312
vn -0.0227 0.5268 -0.8497
vn -0.0874 0.6289 -0.7726
vn -0.3116 0.5454 -0.7781
vn -0.0087 -0.4432 0.8964
vn 0.5226 -0.6321 0.5722
vn 0.3861 -0.8887 0.2471
vn 0.0485 -0.9757 0.2137
vn -0.4885 -0.8662 0.1049
vn -0.5193 -0.2260 0.8242
vn -0.0254 -0.0211 0.9995
vn -0.2116 -0.2658 0.9405
vn 0.0619 -0.3287 0.9424
vn 0.2040 -0.8301 0.5189
vn -0.3155 -0.8693 0.3806
vn -0.0728 -0.0000 0.9973
vn -0.0350 -0.0640 0.9973
vn -0.8179 -0.5236 0.2387
vn -0.7270 -0.0313 0.6860
vn 0.4927 0.4052 0.7701
vn 0.6346 0.1388 0.7603
vn 0.0191 0.8414 0.5401
vn 0.8267 -0.3597 0.4327
vn 0.8013 -0.0284 0.5976
vn 0.9962 -0.0744 0.0450
vn 0.9907 -0.0950 0.0973
vn 0.9873 -0.0924 0.1294
vn 0.9974 0.0468 -0.0553
vn 0.9794 -0.1436 0.1418
vn 0.7643 -0.6340 0.1178
vn 0.2642 -0.9629 0.0544
vn 0.6646 -0.6879 -0.2916
vn 0.4708 -0.7984 -0.3753
vn -0.3206 -0.8465 -0.4250
vn -0.7976 -0.6032 -0.0033
vn -0.9271 -0.3720 -0.0455
vn -0.2101 -0.9770 -0.0367
vn 0.3099 -0.7756 -0.5499
vn 0.1933 -0.6952 0.6923
vn 0.2192 -0.8171 0.5332
vn 0.6810 -0.5379 0.4969
vn 0.3871 -0.5006 0.7743
vn 0.1660 -0.4567 0.8740
vn 0.0991 -0.7031 0.7041
vn 0.0484 -0.8500 0.5246
vn 0.8609 0.4217 0.2846
vn 0.7703 0.6376 0.0116
vn 0.9983 0.0546 0.0207
vn 0.9999 0.0123 0.0083
vn 0.8081 0.0755 0.5841
vn 0.5896 0.1465 0.7943
vn 0.5376 0.7091 0.4562
vn 0.9883 0.1073 0.1080
vn 0.9878 0.0428 0.1499
vn 0.9961 -0.0850 0.0226
vn 0.3695 0.9262 0.0749
vn 0.7569 0.6420 0.1222
vn 0.4803 0.8385 0.2575
vn 0.5977 0.1590 0.7858
vn 0.9440 0.0721 0.3218
vn 0.4454 0.1106 0.8884
vn 0.4984 0.5418 0.6768
vn 0.6141 0.6422 0.4588
vn 0.7141 0.0730 0.6962
vn 0.5154 -0.2262 0.8265
vn 0.1084 0.2291 0.9673
vn 0.0708 0.4058 0.9112
vn 0.5777 -0.3773 0.7238
vn 0.0488 0.6104 0.7906
vn 0.1393 0.2562 0.9565
vn 0.1681 0.4808 0.8606
vn 0.4053 -0.8015 0.4396
vn 0.0873 -0.8467 0.5249
vn 0.1001 -0.6099 0.7861
vn 0.4065 -0.6801 0.6101
vn 0.2566 -0.9448 0.2037
vn 0.0215 -0.9626 0.2702
vn 0.7935 -0.5925 0.1392
vn 0.7762 -0.6280 0.0554
vn 0.7104 -0.6580 -0.2498
vn 0.8323 -0.4665 -0.2994
vn 0.6240 -0.6033 -0.4966
vn -0.2479 0.3350 0.9090
vn -0.7737 0.4260 0.4689
vn -0.1586 0.7251 0.6701
vn -0.0406 0.5026 0.8635
vn -0.1664 0.2433 0.9556
vn -0.0913 0.2715 0.9581
vn -0.2051 0.2798 0.9379
vn 0.0075 0.2179 0.9759
vn -0.7985 -0.4378 -0.4131
vn 0.1978 0.6734 -0.7123
vn 0.1719 0.8202 -0.5457
vn -0.3967 0.9159 -0.0608
vn -0.6303 0.1401 -0.7636
vn -0.3579 0.1480 -0.9220
vn 0.2274 0.9663 0.1209
vn -0.3664 0.2337 -0.9006
vn 0.0083 0.0388 0.9992
vn 0.0151 0.0014 0.9999
vn -0.0208 0.0837 0.9963
vn 0.0114 0.0305 0.9995
vn 0.1610 0.0335 0.9864
vn 0.2112 0.0962 0.9727
vn 0.6154 -0.0203 0.7879
vn 0.1796 -0.0429 0.9828
vn -0.1123 0.0633 0.9917
vn -0.0564 0.0070 0.9984
vn -0.0359 0.0670 0.9971
vn -0.0983 -0.9848 -0.1433
vn 0.5563 -0.7130 -0.4269
vn 0.7256 -0.6319 0.2723
vn 0.4299 -0.8953 0.1173
vn 0.1669 -0.9670 -0.1924
vn 0.4508 -0.8588 -0.2432
vn -0.3280 -0.4631 0.8234
vn 0.4490 -0.7499 0.4859
vn -0.2616 -0.7400 0.6197
vn 0.0579 -0.2724 0.9604
vn 0.4629 -0.1977 0.8641
vn 0.9025 -0.3467 0.2556
vn 0.9249 -0.2598 0.2775
vn -0.0612 -0.0830 0.9947
vn 0.4247 0.9007 0.0908
vn 0.7966 0.5939 0.1128
vn -0.0068 0.9822 0.1879
vn 0.1396 0.9884 0.0593
vn -0.6632 0.6514 0.3685
vn -0.3320 0.8894 0.3142
vn -0.4817 -0.8423 -0.2420
vn 0.2338 -0.9722 0.0142
vn -0.0055 -0.6340 -0.7733
vn -0.0335 -0.2683 -0.9628
vn -0.7419 -0.4195 0.5231
vn -0.1401 -0.8316 0.5374
vn -0.5886 -0.4303 -0.6844
vn -0.9368 -0.2612 0.2326
vn -0.4308 0.8992 -0.0764
vn -0.7618 0.5311 -0.3709
vn -0.8774 0.4798 0.0022
vn -0.4272 0.9039 0.0200
vn -0.2828 0.9575 -0.0575
vn -0.1951 0.9678 -0.1591
vn -0.2670 0.7894 -0.5528
vn 0.0474 -0.9989 -0.0064
vn 0.3858 -0.8968 0.2165
vn -0.6360 -0.7717 -0.0054
vn -0.5606 -0.7897 -0.2493
vn 0.1724 -0.9782 0.1158
vn -0.9851 0.0445 -0.1660
vn -0.8615 0.2701 -0.4300
vn -0.7853 0.4964 -0.3701
vn -0.9555 0.1662 -0.2437
vn -0.9940 0.1021 -0.0388
vn -0.9889 -0.0740 -0.1285
vn -0.9157 0.1047 -0.3880
vn -0.5492 0.7335 -0.4005
vn -0.5666 0.5740 -0.5912
vn -0.6108 -0.0170 -0.7916
vn -0.3283 0.6040 -0.7262
vn -0.4686 -0.7590 -0.4521
vn -0.1744 -0.4350 -0.8834
vn -0.9439 -0.2845 -0.1676
vn -0.6027 0.7342 -0.3125
vn -0.7425 0.6667 -0.0648
vn -0.8273 0.5436 -0.1415
vn -0.3687 -0.9264 -0.0766
vn 0.2856 -0.9572 -0.0461
vn 0.3026 -0.8964 -0.3240
vn -0.8979 -0.4331 -0.0795
vn 0.3262 -0.5319 -0.7815
vn -0.2612 -0.8406 -0.4745
vn 0.8969 -0.3413 0.2811
vn 0.1674 -0.6138 0.7715
vn 0.1853 -0.9181 0.3504
vn 0.1604 -0.8574 0.4890
vn 0.3744 -0.8182 0.4364
vn 0.0200 -0.9972 0.0720
vn 0.2576 -0.9585 0.1222
vn 0.8196 -0.5597 0.1222
vn 0.0549 -0.9830 -0.1751
vn 0.3754 -0.8325 -0.4074
vn 0.6802 -0.7300 -0.0660
vn 0.1343 -0.9899 -0.0460
vn 0.0656 -0.9871 -0.1463
vn 0.2224 -0.9299 -0.2928
vn 0.5534 -0.7452 -0.3720
vn 0.7694 -0.4642 0.4388
vn 0.2574 -0.2252 0.9397
vn 0.5543 -0.4056 0.7268
vn 0.7593 -0.4031 -0.5109
vn 0.7492 -0.6597 -0.0591
vn -0.3306 0.7797 0.5317
vn 0.0338 0.2591 0.9653
vn -0.2979 0.1337 0.9452
vn -0.4680 0.1193 0.8757
vn -0.0625 0.5608 -0.8256
vn 0.4680 0.6516 -0.5970
vn 0.5361 0.6966 0.4768
vn -0.9243 0.3327 0.1867
vn -0.6535 0.2615 -0.7103
vn -0.6583 0.0339 0.7520
vn 0.8302 -0.4098 0.3780
vn 0.8737 -0.2309 -0.4281
vn 0.4574 -0.7386 -0.4952
vn 0.4095 -0.6933 0.5930
vn 0.7225 -0.0604 0.6887
vn 0.8270 0.3337 -0.4524
vn 0.3270 -0.3916 0.8601
vn 0.5669 -0.0215 0.8235
vn 0.5134 0.0196 0.8580
vn 0.4860 0.1897 0.8531
vn 0.4648 0.1346 0.8751
vn 0.1669 -0.0198 0.9858
vn 0.4929 -0.0969 0.8647
vn 0.4503 -0.0837 0.8889
vn 0.1769 0.0217 0.9840
vn -0.0974 0.0815 0.9919
vn 0.3084 0.2718 0.9116
vn 0.1709 0.1127 0.9788
vn 0.0954 -0.5263 -0.8449
vn -0.1680 -0.5811 -0.7963
vn -0.1032 -0.9544 -0.2803
vn -0.0192 -0.8836 0.4678
vn 0.5099 -0.3213 -0.7980
vn 0.3805 -0.4784 -0.7914
vn 0.5778 0.0102 -0.8161
vn -0.2126 -0.1650 0.9631
vn -0.0518 0.3330 0.9415
vn -0.0003 0.2792 0.9602
vn -0.0401 -0.0191 0.9990
vn -0.0543 -0.0848 0.9949
vn 0.1208 -0.0062 0.9927
vn 0.1176 -0.1401 0.9831
vn 0.0238 0.3260 0.9451
vn -0.0652 0.2170 0.9740
vn -0.2025 0.2831 0.9375
vn 0.0236 0.1794 0.9835
vn -0.1157 0.0293 0.9929
vn 0.1075 -0.1951 0.9749
vn 0.1833 -0.0703 0.9805
vn 0.2179 0.0215 0.9757
vn -0.3018 0.2133 0.9292
vn -0.2094 0.0888 0.9738
vn 0.0254 -0.0830 0.9962
vn -0.1201 -0.3889 -0.9134
vn -0.1231 0.0430 -0.9915
vn 0.3206 -0.1778 -0.9304
vn 0.3373 -0.4292 -0.8378
vn 0.2797 -0.3028 -0.9111
vn -0.0236 -0.2142 -0.9765
vn -0.2683 0.0893 -0.9592
vn -0.1253 -0.9889 -0.0796
vn -0.2946 -0.7195 -0.6289
vn -0.5896 -0.7970 -0.1311
vn -0.6483 -0.7001 0.2994
vn 0.3850 -0.8217 -0.4202
vn 0.2298 -0.4794 -0.8470
vn 0.3178 -0.9427 0.1015
vn 0.4916 -0.8708 0.0074
vn -0.2093 0.1605 -0.9646
vn -0.2191 0.3109 -0.9248
vn 0.9496 -0.2824 -0.1361
vn 0.7370 -0.4436 -0.5100
vn 0.8504 -0.5214 -0.0704
vn 0.4284 -0.8755 -0.2235
vn 0.9480 -0.0793 -0.3083
vn 0.6329 -0.5250 -0.5691
vn 0.2238 0.1664 -0.9603
vn 0.7114 0.3613 -0.6028
vn 0.8586 0.4863 0.1619
vn 0.9892 0.0194 0.1454
vn 0.0043 -0.9858 -0.1679
vn -0.6797 -0.6476 -0.3444
vn -0.2418 -0.6172 -0.7488
vn 0.3427 -0.8250 -0.4493
vn 0.5078 -0.8528 -0.1223
vn 0.0390 -0.9940 0.1025
vn -0.7979 -0.5463 0.2546
vn -0.0281 -0.9034 0.4280
vn 0.5200 -0.7340 0.4368
vn -0.7671 -0.5300 0.3613
vn -0.0268 -0.9786 0.2039
vn 0.5818 -0.8133 0.0076
vn 0.2411 -0.9104 0.3363
vn -0.0165 -0.9776 -0.2098
vn 0.6165 -0.7873 0.0029
vn 0.3107 -0.9505 -0.0025
vn -0.1499 -0.9862 0.0709
vn -0.4856 -0.8742 0.0058
vn -0.9778 -0.1402 -0.1559
vn -0.8675 -0.4598 -0.1899
vn -0.5062 -0.5974 -0.6220
vn -0.9393 -0.1575 -0.3049
vn -0.9714 -0.1180 0.2060
vn -0.9367 -0.2979 0.1839
vn -0.9521 -0.0742 0.2967
vn 0.6482 -0.3433 0.6797
vn 0.6274 0.0483 0.7772
vn 0.0479 -0.2099 0.9766
vn 0.3230 -0.7041 0.6324
vn -0.4217 0.8780 0.2263
vn -0.1207 0.9841 0.1302
vn -0.0221 0.9996 -0.0189
vn -0.6875 0.7238 0.0586
vn -0.5888 0.7923 0.1599
vn -0.3883 0.9132 0.1237
vn -0.9457 0.3218 0.0456
vn -0.8486 0.4598 0.2616
vn -0.7425 0.6589 0.1203
vn 0.6798 -0.7138 0.1682
vn 0.9501 -0.2718 0.1528
vn 0.9560 0.2266 0.1865
vn -0.1163 0.9876 -0.1055
vn 0.0410 0.9992 0.0036
vn -0.0868 0.9962 0.0040
vn -0.0946 0.9955 0.0094
vn -0.2148 0.9754 0.0487
vn -0.4207 0.8662 -0.2697
vn -0.0937 0.9954 0.0196
vn -0.1899 0.8397 -0.5087
vn 0.1899 0.9655 -0.1779
vn 0.2867 0.9579 0.0140
vn 0.2928 -0.2284 0.9285
vn 0.2940 -0.7236 0.6245
vn 0.0038 0.6564 -0.7544
vn 0.0143 0.1177 -0.9929
vn 0.0027 0.1122 -0.9937
vn -0.0302 0.4629 -0.8859
vn -0.0532 0.8213 -0.5680
vn 0.0028 0.9829 -0.1841
vn -0.0065 0.9867 -0.1623
vn -0.0320 0.7077 -0.7058
vn 0.0014 0.5057 -0.8627
vn -0.0154 0.1577 -0.9874
vn -0.0113 0.9884 -0.1512
vn -0.0118 0.4603 -0.8877
vn -0.0086 0.1103 -0.9939
vn -0.0560 0.0754 -0.9956
vn -0.0339 0.3678 -0.9293
vn 0.0496 0.0145 -0.9987
vn 0.0237 -0.0630 -0.9977
vn 0.0241 -0.0689 -0.9973
vn 0.0341 -0.0055 -0.9994
vn 0.0317 0.0327 -0.9990
vn 0.0633 0.0211 -0.9978
vn 0.0803 -0.0312 -0.9963
vn 0.0781 0.0623 -0.9950
vn 0.0406 0.1128 -0.9928
vn 0.0130 0.0045 -0.9999
vn 0.0096 -0.0667 -0.9977
vn 0.2396 0.6709 -0.7017
vn 0.1990 0.0474 -0.9789
vn 0.3605 0.0499 -0.9314
vn 0.4553 0.2905 -0.8416
vn 0.3908 0.8504 -0.3524
vn 0.1087 0.9866 -0.1216
vn 0.1284 0.9774 -0.1679
vn 0.6017 0.5553 -0.5741
vn 0.5412 -0.1515 0.8272
vn 0.8316 -0.2879 0.4748
vn 0.7170 -0.4189 0.5571
vn 0.3711 -0.2604 0.8914
vn 0.0209 0.0283 0.9994
vn 0.1304 0.0103 0.9914
vn -0.3582 0.0038 -0.9336
vn -0.1901 0.0723 -0.9791
vn 0.1588 0.1865 -0.9695
vn 0.2860 0.2803 -0.9163
vn -0.0143 0.0648 -0.9978
vn 0.5109 0.2128 -0.8329
vn 0.5467 -0.2683 -0.7932
vn 0.8318 -0.4306 -0.3503
vn 0.9097 0.2636 -0.3210
vn 0.7875 0.5625 -0.2520
vn 0.5056 0.4228 -0.7521
vn 0.2560 0.0774 -0.9636
vn 0.3303 0.3456 -0.8783
vn 0.3509 0.9326 -0.0844
vn -0.0254 0.9508 -0.3087
vn 0.5436 0.7786 -0.3134
vn 0.4440 0.8960 -0.0041
vn 0.0697 0.2577 -0.9637
vn 0.7793 0.3169 -0.5406
vn 0.7925 0.6098 0.0043
vn 0.4334 0.9009 0.0253
vn 0.9890 0.1421 -0.0419
vn 0.8013 -0.0241 0.5977
vn -0.8567 -0.3433 0.3850
vn -0.9369 0.3490 0.0209
vn -0.5740 0.8132 0.0961
vn 0.3525 0.9249 0.1424
vn 0.9108 0.4048 0.0815
vn 0.3669 -0.8787 0.3053
vn -0.0333 -0.9832 0.1795
vn 0.0120 0.9998 0.0130
vn 0.1025 0.9946 0.0169
vn -0.9679 0.2437 0.0613
vn -0.9209 0.3886 0.0308
vn -0.2155 -0.9761 0.0277
vn -0.8396 -0.5402 0.0578
vn -0.9968 0.0737 0.0308
vn 0.9625 -0.2627 0.0678
vn -0.3881 0.8069 0.4454
vn -0.0571 0.8960 0.4404
vn -0.0314 0.9984 0.0480
vn -0.4125 0.9066 0.0893
vn -0.9003 0.3967 0.1794
vn -0.6066 0.3764 0.7002
vn -0.0993 0.3997 0.9113
vn -0.0385 -0.2264 0.9733
vn -0.0469 -0.2707 0.9615
vn 0.0064 -0.2517 0.9678
vn 0.0033 -0.2397 0.9709
vn -0.0168 -0.1988 0.9799
vn -0.0082 -0.1593 0.9872
vn 0.0072 -0.1706 0.9853
vn -0.0584 -0.3084 0.9495
vn -0.3952 -0.4003 0.8268
vn -0.2876 -0.2798 0.9160
vn -0.4820 -0.6643 0.5713
vn -0.5851 0.8109 0.0108
vn -0.6508 0.7582 0.0397
vn -0.7884 0.6148 0.0191
vn -0.8035 0.5941 -0.0375
vn -0.9162 0.3844 -0.1129
vn -0.8867 0.4617 -0.0257
vn -0.9423 0.3306 0.0531
vn -0.9366 -0.3293 -0.1200
vn -0.9451 -0.3265 -0.0139
vn 0.0361 -0.0275 0.9990
vn -0.0249 0.0764 0.9968
vn 0.0223 0.0160 0.9996
vn 0.0453 0.0941 0.9945
vn 0.1320 0.3710 0.9192
vn 0.2487 0.1741 0.9528
vn -0.0924 -0.0694 0.9933
vn -0.0071 0.1951 0.9808
vn 0.4103 -0.0301 0.9115
vn 0.2120 -0.2237 0.9513
vn 0.1020 -0.3589 0.9278
vn 0.0745 0.2645 0.9615
vn 0.5129 -0.7076 -0.4861
vn 0.5681 -0.6796 -0.4641
vn 0.5775 -0.5611 -0.5931
vn 0.4922 -0.6191 -0.6119
vn 0.4807 -0.6590 -0.5785
vn 0.4902 -0.8348 -0.2505
vn 0.6107 -0.7808 -0.1318
vn 0.9195 0.0808 -0.3847
vn 0.8282 0.5604 -0.0073
vn 0.9277 0.1652 -0.3348
vn 0.9318 0.0772 -0.3546
vn 0.9503 -0.1060 -0.2928
vn 0.9953 -0.0319 0.0914
vn 0.7109 -0.4308 -0.5559
vn 0.7494 -0.3927 -0.5330
vn 0.7683 -0.3637 -0.5267
vn 0.6112 -0.6926 0.3831
vn 0.5579 -0.7380 0.3795
vn 0.7053 -0.6951 -0.1395
vn 0.7797 -0.6256 -0.0256
vn 0.8690 -0.4853 0.0967
vn 0.6543 -0.6914 0.3063
vn 0.5306 -0.7764 0.3401
vn 0.5897 -0.3904 0.7070
vn 0.8267 0.1585 0.5399
vn 0.8805 0.3378 -0.3326
vn 0.5865 -0.8068 0.0712
vn 0.6373 -0.7116 0.2958
vn 0.3641 -0.9292 -0.0627
vn 0.9038 -0.4219 0.0712
vn 0.7429 -0.6693 -0.0119
vn 0.9594 -0.1595 -0.2324
vn 0.8626 -0.4843 -0.1464
vn 0.8713 -0.4905 -0.0143
vn 0.9169 -0.2378 -0.3206
vn 0.5002 -0.8659 0.0016
vn 0.6454 -0.7634 -0.0278
vn 0.5392 -0.8227 -0.1800
vn 0.5497 -0.8351 -0.0217
vn 0.6280 -0.6481 -0.4308
vn 0.0252 0.0967 0.9950
vn 0.0202 0.0354 0.9992
vn 0.0133 0.0454 0.9989
vn 0.0274 0.0880 0.9957
vn 0.0384 0.1936 0.9803
vn 0.0383 0.0881 0.9954
vn 0.0168 0.0421 0.9990
vn 0.2440 0.4542 -0.8569
vn 0.0108 0.9903 -0.1387
vn -0.1910 0.9432 -0.2719
vn -0.1993 0.7411 -0.6411
vn -0.2446 0.4369 -0.8656
vn -0.2663 0.1835 -0.9463
vn -0.3718 0.8030 -0.4658
vn -0.5617 0.4836 -0.6713
vn -0.2855 0.6550 -0.6997
vn -0.2855 0.5139 -0.8089
vn -0.6176 0.1241 -0.7766
vn -0.3213 0.8010 -0.5052
vn -0.4383 0.1398 -0.8879
vn -0.1723 0.8111 -0.5590
vn -0.7404 0.4665 -0.4839
vn -0.5612 0.6682 -0.4884
vn -0.5327 -0.3903 -0.7509
vn -0.3100 -0.8395 -0.4462
vn 0.1468 -0.9377 -0.3149
vn 0.9473 -0.0068 -0.3203
vn 0.2955 0.9531 0.0651
vn -0.0526 0.9970 -0.0567
vn 0.0608 0.9981 -0.0126
vn 0.5050 0.1807 0.8440
vn 0.6688 0.0337 0.7427
vn 0.4669 -0.0199 0.8841
vn 0.4021 -0.2224 0.8882
vn 0.7328 0.3186 0.6013
vn 0.9019 0.0435 0.4297
vn 0.5870 -0.2510 0.7697
vn 0.2894 0.7303 0.6188
vn -0.0297 0.9990 0.0323
vn 0.1178 0.9679 -0.2218
vn 0.1226 0.7648 -0.6325
vn 0.1276 0.3043 -0.9440
vn 0.4676 0.5184 -0.7159
vn 0.5271 -0.0432 0.8487
vn 0.2163 -0.0786 0.9732
vn 0.3438 -0.4533 0.8224
vn 0.1961 -0.2359 0.9518
vn 0.1628 -0.1733 0.9713
vn 0.1338 -0.1118 0.9847
vn 0.5341 0.3805 -0.7550
vn 0.9641 0.2563 0.0692
vn 0.4874 -0.0503 0.8717
vn 0.5181 -0.3180 0.7940
vn -0.1517 0.5929 0.7908
vn -0.2352 0.6367 0.7344
vn -0.1731 0.7726 0.6109
vn -0.0686 0.7954 0.6021
vn -0.3109 0.3488 0.8841
vn -0.3060 0.4941 0.8138
vn -0.1195 0.9052 0.4078
vn -0.0466 0.7970 0.6022
vn -0.1008 0.4490 0.8878
vn -0.1283 0.1772 0.9758
vn -0.2642 -0.2465 0.9324
vn -0.3360 -0.3899 0.8573
vn -0.2751 0.6235 0.7318
vn -0.1787 0.8754 0.4492
vn -0.3821 0.8824 0.2744
vn -0.2490 0.8213 0.5132
vn -0.3876 0.5473 0.7418
vn -0.6272 0.6139 0.4793
vn -0.7695 0.6305 0.1013
vn -0.4671 0.8824 0.0561
vn -0.3490 0.9368 0.0226
vn -0.3602 0.9329 0.0075
vn 0.1996 -0.9795 -0.0269
vn 0.1698 -0.6818 0.7116
vn 0.4962 -0.3913 -0.7750
vn 0.1223 -0.0566 -0.9909
vn 0.4298 -0.5019 -0.7505
vn 0.9641 -0.1444 0.2228
vn 0.0031 -0.0183 -0.9998
vn 0.2784 -0.0533 -0.9590
vn 0.2973 -0.1148 -0.9478
vn -0.0060 -0.0212 -0.9998
vn 0.0769 -0.0613 -0.9952
vn 0.2064 -0.1283 -0.9700
vn 0.5382 -0.4515 0.7117
vn 0.7806 -0.1645 0.6029
vn 0.8418 -0.0149 0.5395
vn 0.9765 -0.0225 0.2145
vn 0.9954 0.0131 -0.0953
vn 0.8152 -0.0287 -0.5784
vn 0.9989 0.0137 -0.0457
vn 0.9997 0.0071 -0.0231
vn 0.9983 -0.0106 -0.0581
vn 0.2841 -0.9336 -0.2183
vn 0.2196 -0.9601 -0.1733
vn 0.3324 -0.6855 -0.6477
vn 0.1794 -0.5191 -0.8357
vn 0.0752 -0.6673 -0.7409
vn 0.1585 -0.8749 -0.4576
vn 0.5609 -0.3891 -0.7308
vn 0.2460 -0.4813 -0.8413
vn 0.1463 -0.3134 -0.9383
vn 0.3423 -0.4015 -0.8495
vn 0.6987 -0.7147 -0.0318
vn 0.0234 -0.2722 0.9619
vn 0.7859 -0.6085 0.1098
vn 0.7222 -0.6912 0.0248
vn 0.4098 -0.2116 -0.8873
vn 0.8965 -0.2425 -0.3709
vn 0.9923 -0.1171 -0.0414
vn 0.4409 -0.1646 -0.8824
vn 0.9439 -0.2244 0.2421
vn 0.9960 0.0288 -0.0851
vn 0.9925 0.0928 -0.0796
vn 0.9913 0.1280 -0.0293
vn 0.9866 0.1624 -0.0132
vn 0.9490 -0.3141 0.0270
vn 0.4694 -0.7156 0.5172
vn 0.3877 -0.2598 0.8844
vn 0.8883 -0.0514 0.4563
vn 0.5213 -0.8528 0.0309
vn 0.9959 0.0846 -0.0334
vn 0.8116 0.4743 0.3412
vn 0.8280 0.0830 0.5545
vn 0.2868 0.2608 0.9218
vn 0.2741 0.8668 0.4165
vn 0.9962 0.0430 0.0757
vn 0.9986 0.0287 0.0440
vn 0.6020 0.7960 -0.0636
vn 0.9622 0.2688 -0.0439
vn 0.9943 0.1062 0.0115
vn 0.2239 0.9746 -0.0105
vn 0.5902 0.2086 0.7799
vn 0.2454 0.3175 0.9160
vn 0.2406 -0.4289 0.8707
vn 0.5606 -0.4755 0.6779
vn 0.9212 -0.1591 0.3551
vn 0.6707 0.6435 0.3688
vn 0.2560 0.8979 0.3581
vn 0.7883 -0.2959 -0.5395
vn 0.7176 -0.6562 -0.2333
vn 0.9768 -0.1220 -0.1759
vn 0.9743 -0.0146 -0.2249
vn 0.8336 0.0607 -0.5491
vn 0.3106 -0.0888 -0.9464
vn 0.0240 0.9476 0.3184
vn -0.3659 0.8139 0.4513
vn -0.0962 0.3989 0.9119
vn 0.3662 0.7491 0.5520
vn 0.0149 0.9992 0.0368
vn -0.4781 0.8776 0.0360
vn 0.5004 0.8654 0.0273
vn 0.2330 0.9296 -0.2854
vn -0.3906 0.8794 -0.2723
vn 0.8322 0.4554 -0.3163
vn 0.1116 0.9936 -0.0182
vn -0.0666 0.9903 -0.1222
vn 0.7588 -0.4150 0.5020
vn 0.9533 -0.2256 0.2008
vn 0.8645 -0.4775 0.1569
vn 0.5085 -0.8332 0.2171
vn 0.8619 -0.0227 0.5065
vn 0.9982 -0.0402 0.0441
vn 0.9978 -0.0633 0.0213
vn 0.9934 0.0760 -0.0856
vn -0.5463 -0.7661 0.3386
vn -0.5963 0.0065 0.8027
vn -0.7568 0.0076 0.6537
vn -0.7844 -0.6086 0.1197
vn -0.4577 -0.5726 0.6802
vn -0.4488 0.4766 0.7559
vn -0.7449 -0.4599 0.4833
vn -0.4713 -0.5784 0.6658
vn -0.6980 -0.6987 0.1571
vn -0.8639 -0.4404 0.2443
vn -0.9908 0.0450 0.1274
vn -0.0433 0.9791 0.1986
vn -0.8620 0.4984 0.0924
vn -0.5332 0.8449 0.0430
vn 0.7051 -0.1827 0.6852
vn 0.5747 -0.2035 0.7926
vn 0.7234 -0.2070 0.6587
vn 0.7817 -0.0055 0.6236
vn 0.5644 -0.3592 0.7432
vn 0.5328 -0.1903 0.8246
vn 0.9046 0.2672 0.3320
vn 0.9255 0.2676 0.2680
vn 0.9517 -0.1296 0.2785
vn 0.7421 -0.2631 0.6165
vn 0.6120 -0.4057 0.6789
vn 0.9940 0.1079 -0.0197
vn 0.8831 -0.4677 0.0369
vn 0.9544 0.0181 0.2979
vn 0.9009 -0.1801 0.3949
vn 0.9713 0.0181 -0.2371
vn 0.8946 0.3568 -0.2692
vn 0.9525 -0.2704 -0.1402
vn -0.6705 -0.7408 -0.0414
vn -0.7193 -0.6945 0.0191
vn -0.0007 -0.0427 -0.9991
vn -0.0866 -0.0678 -0.9939
vn -0.2680 -0.1981 -0.9428
vn -0.1761 -0.1582 -0.9716
vn 0.0040 -0.0405 -0.9992
vn -0.0079 -0.0503 -0.9987
vn 0.0303 -0.0172 -0.9994
vn -0.0390 -0.0909 -0.9951
vn -0.1285 0.0528 -0.9903
vn -0.0970 -0.0312 -0.9948
vn -0.0211 -0.0412 -0.9989
vn -0.8693 0.4944 -0.0027
vn -0.1191 0.9929 0.0069
vn -0.2461 0.9691 0.0160
vn -0.9781 0.2076 -0.0171
vn -0.8950 0.4459 0.0140
vn -0.1747 0.9842 0.0286
vn -0.9330 -0.3537 -0.0671
vn -0.9539 -0.2971 -0.0424
vn -0.8856 -0.4531 -0.1021
vn -0.9215 0.3835 -0.0618
vn -0.4781 0.8742 0.0846
vn -0.7718 -0.6228 -0.1285
vn -0.0762 0.9967 0.0263
vn -0.1735 0.9848 -0.0067
vn -0.0422 0.9988 0.0259
vn -0.0478 0.9988 -0.0092
vn -0.2209 0.9681 -0.1182
vn -0.0413 0.9991 0.0095
vn 0.0184 0.9997 -0.0159
vn 0.2598 -0.9571 -0.1282
vn 0.6024 -0.7673 -0.2200
vn -0.6321 -0.7744 -0.0278
vn 0.8820 -0.3441 -0.3220
vn 0.9217 -0.1636 -0.3517
vn 0.8015 -0.1003 -0.5895
vn 0.6851 -0.2590 -0.6809
vn 0.8828 -0.4689 0.0290
vn 0.9678 -0.1945 0.1598
vn 0.9750 -0.1709 -0.1422
vn 0.6647 -0.4866 0.5669
vn 0.6617 -0.4698 0.5843
vn 0.8162 -0.3406 0.4667
vn 0.7305 -0.5498 0.4051
vn 0.5954 -0.4524 0.6639
vn 0.6080 -0.4279 0.6687
vn 0.5574 -0.5425 0.6285
vn 0.7251 -0.6805 -0.1056
vn 0.6820 -0.7041 0.1978
vn 0.5008 -0.3826 -0.7764
vn 0.6008 -0.2255 -0.7669
vn 0.7198 -0.2284 -0.6555
vn 0.3842 -0.2360 -0.8926
vn 0.4610 -0.3815 -0.8012
vn 0.4313 -0.2181 -0.8754
vn 0.4099 -0.1623 -0.8976
vn 0.5433 -0.1793 -0.8201
vn 0.9441 -0.0252 -0.3286
vn 0.5417 0.0181 -0.8404
vn 0.1615 -0.1124 -0.9805
vn 0.8179 -0.1720 -0.5490
vn 0.9502 -0.2244 -0.2164
vn 0.6023 -0.0947 -0.7927
vn 0.2073 -0.0871 -0.9744
vn -0.6756 0.7181 0.1673
vn -0.5388 0.8204 0.1913
vn -0.7873 0.5996 0.1439
vn -0.5917 0.8061 -0.0081
vn -0.9395 0.2138 0.2675
vn -0.8888 0.4475 0.0988
vn 0.3153 0.9490 -0.0088
vn 0.1437 0.2944 -0.9448
vn 0.8357 0.5452 -0.0657
vn 0.3548 0.4221 0.8342
vn 0.0233 0.5781 -0.8156
vn -0.0223 0.2915 -0.9563
vn 0.1151 0.9925 0.0416
vn -0.0518 0.9205 -0.3873
vn 0.8287 -0.3949 -0.3967
vn 0.9899 -0.1343 -0.0454
vn 0.2555 -0.7449 -0.6163
vn 0.2741 -0.9617 -0.0045
vn 0.7529 0.0394 -0.6569
vn 0.2045 -0.0583 -0.9771
vn 0.9024 0.0202 -0.4304
vn 0.5716 -0.5757 -0.5847
vn 0.4469 -0.1381 -0.8839
vn 0.6051 0.6064 -0.5159
vn 0.9985 0.0372 -0.0404
vn 0.6589 -0.7442 -0.1093
vn 0.5883 0.8083 0.0242
vn 0.1745 -0.0899 -0.9805
vn 0.2328 0.7880 -0.5700
vn 0.2459 -0.7631 -0.5977
vn 0.6492 -0.7059 0.2831
vn 0.4067 -0.8244 0.3937
vn 0.3425 -0.9385 -0.0436
vn 0.9696 0.1855 -0.1599
vn 0.9571 0.0271 0.2885
vn 0.9928 -0.0435 0.1116
vn 0.9880 -0.1490 -0.0409
vn 0.6649 0.5370 -0.5191
vn 0.9377 -0.3471 -0.0173
vn 0.3479 0.5026 -0.7914
vn 0.2466 0.9403 -0.2347
vn 0.3963 0.9058 -0.1499
vn 0.6112 0.4107 -0.6766
vn 0.4380 -0.2402 -0.8663
vn 0.2336 0.2730 -0.9332
vn 0.3184 0.8613 -0.3960
vn 0.4220 0.0908 -0.9020
vn 0.3469 0.6742 -0.6520
vn 0.1057 0.6066 -0.7880
vn 0.1191 0.3749 -0.9194
vn 0.3997 -0.3949 -0.8272
vn 0.5407 -0.7854 -0.3013
vn 0.7999 -0.3704 -0.4722
vn 0.7140 0.5799 -0.3924
vn 0.0439 0.3969 -0.9168
vn 0.0179 0.2768 -0.9608
vn 0.0688 0.5212 -0.8507
vn 0.2954 0.9507 -0.0947
vn 0.2414 0.9396 -0.2426
vn 0.1415 0.6140 -0.7765
vn 0.0974 0.5589 -0.8235
vn 0.0966 0.4205 -0.9021
vn 0.0601 0.8892 -0.4535
vn 0.4614 0.6797 -0.5702
vn -0.0202 0.4053 -0.9140
vn -0.3233 0.7616 -0.5616
vn -0.0519 0.9984 0.0202
vn 0.5722 0.8102 0.1275
vn 0.2654 0.9634 -0.0383
vn 0.3520 0.9322 -0.0836
vn 0.7965 0.4034 -0.4504
vn 0.8424 0.4523 -0.2929
vn 0.5386 0.1953 -0.8196
vn 0.9368 0.3479 -0.0363
vn 0.5513 0.8326 -0.0531
vn 0.9307 0.1090 -0.3492
vn 0.9767 0.1262 -0.1736
vn 0.9933 -0.1044 -0.0496
vn 0.9968 -0.0761 -0.0255
vn 0.5287 -0.8381 0.1343
vn 0.5793 -0.7934 0.1868
vn 0.6354 -0.7712 0.0403
vn 0.5486 -0.8361 0.0032
vn 0.5728 -0.8010 0.1742
vn 0.7010 -0.6308 0.3327
vn 0.7393 -0.6217 0.2588
vn 0.8055 -0.5872 0.0794
vn 0.5262 -0.8474 0.0709
vn 0.5318 -0.8330 0.1525
vn 0.7562 -0.6331 -0.1652
vn -0.2182 -0.2015 -0.9549
vn -0.1974 -0.2430 -0.9497
vn -0.1188 -0.1582 -0.9802
vn -0.1311 -0.1247 -0.9835
vn -0.2096 -0.1171 -0.9708
vn -0.3019 -0.2133 -0.9292
vn -0.2464 -0.2632 -0.9327
vn -0.2197 -0.2346 -0.9469
vn -0.2137 0.0174 -0.9767
vn -0.3181 -0.6718 -0.6690
vn -0.0880 -0.4259 -0.9005
vn -0.0034 -0.1656 -0.9862
vn -0.1606 -0.1083 -0.9811
vn 0.0493 -0.1742 -0.9835
vn 0.3026 0.9292 -0.2121
vn 0.4731 0.5612 -0.6792
vn 0.3073 0.9468 -0.0959
vn 0.7198 0.6416 -0.2650
vn 0.5970 -0.6627 -0.4521
vn 0.7973 -0.2750 -0.5373
vn 0.9879 -0.1418 -0.0635
vn 0.7081 -0.6907 -0.1467
vn 0.2036 -0.7647 -0.6114
vn 0.2447 -0.3915 -0.8870
vn 0.2621 -0.9360 -0.2348
vn -0.3811 0.9067 -0.1805
vn -0.5661 0.8237 -0.0317
vn -0.5730 0.8171 -0.0635
vn -0.3222 0.9466 0.0114
vn -0.2521 0.9377 -0.2389
vn 0.7168 0.6924 0.0822
vn 0.8678 0.2256 -0.4428
vn 0.5397 0.5588 0.6297
vn 0.2980 0.5622 0.7714
vn 0.7119 -0.0571 -0.6999
vn 0.7311 -0.0491 -0.6805
vn 0.8634 0.1230 -0.4893
vn 0.8883 -0.1209 -0.4431
vn 0.7096 -0.1247 -0.6935
vn 0.6709 -0.0956 -0.7353
vn 0.8577 -0.3590 -0.3679
vn -0.0624 0.1078 0.9922
vn 0.2800 0.2826 0.9175
vn 0.0189 0.1579 0.9873
vn 0.0219 0.0147 0.9997
vn -0.0378 0.0269 0.9989
vn 0.2106 -0.0589 0.9758
vn 0.4926 -0.1673 -0.8540
vn 0.6606 -0.2101 -0.7208
vn 0.6096 -0.0932 -0.7872
vn 0.5035 -0.4451 -0.7405
vn 0.6395 -0.4217 -0.6428
vn 0.5017 -0.1787 -0.8464
vn 0.4868 -0.4565 -0.7447
vn 0.4236 -0.0488 -0.9045
vn 0.5356 -0.0469 -0.8432
vn 0.7608 -0.6424 0.0922
vn 0.1752 0.1613 0.9712
vn -0.2541 0.2101 -0.9441
vn -0.2194 0.4759 -0.8517
vn -0.2205 0.7712 -0.5973
vn -0.0978 0.8415 -0.5313
vn -0.1486 0.3246 -0.9341
vn -0.1262 0.4402 -0.8890
vn -0.0917 0.4827 -0.8710
vn -0.1507 0.3757 -0.9144
vn -0.0856 0.6052 -0.7915
vn -0.0967 0.4507 -0.8874
vn 0.7397 -0.5935 0.3171
vn 0.8633 -0.3669 0.3465
vn 0.6075 -0.7702 0.1943
vn 0.0181 0.5788 0.8153
vn 0.0076 -0.0615 0.9981
vn 0.0016 -0.0874 0.9962
vn 0.0075 0.1067 0.9943
vn 0.0213 0.5278 0.8491
vn 0.0543 0.6088 0.7915
vn 0.0235 0.0267 0.9994
vn 0.0299 -0.0614 0.9977
vn 0.9994 -0.0111 -0.0317
vn 0.9939 -0.0301 0.1064
vn 0.9998 0.0177 0.0049
vn 0.9995 0.0074 0.0295
vn 0.9947 -0.0021 -0.1031
vn 0.9979 0.0054 -0.0644
vn 0.9899 -0.0718 -0.1223
vn 0.6667 -0.6455 -0.3726
vn 0.6570 -0.6185 -0.4311
vn 0.6836 -0.7092 -0.1726
vn 0.5603 -0.8156 -0.1445
vn 0.6125 -0.7901 -0.0266
vn 0.7039 -0.7021 -0.1079
vn 0.7534 -0.6544 -0.0643
vn 0.8173 -0.5754 0.0321
vn 0.6654 -0.7414 0.0870
vn 0.6737 -0.7259 0.1385
vn 0.7975 -0.6004 0.0589
vn 0.7202 -0.5740 -0.3897
vn 0.7452 -0.6438 -0.1739
vn 0.7566 -0.6462 0.1002
vn 0.6924 -0.6492 -0.3147
vn 0.7000 -0.6935 -0.1703
vn 0.6155 -0.7790 -0.1193
vn 0.6694 -0.6825 -0.2933
vn 0.0948 -0.0429 0.9946
vn 0.0784 -0.0424 0.9960
vn 0.0697 -0.0322 0.9970
vn 0.0985 -0.0337 0.9946
vn 0.1025 -0.0401 0.9939
vn 0.0904 -0.0384 0.9952
vn 0.1151 -0.0377 0.9926
vn 0.1031 -0.0696 0.9922
vn 0.1096 -0.0354 0.9933
vn -0.4794 0.8434 -0.2426
vn -0.3070 0.9458 -0.1061
vn -0.7081 0.6916 -0.1424
vn -0.9100 0.3551 -0.2142
vn -0.8469 0.1867 -0.4979
vn -0.6020 0.3338 -0.7253
vn -0.5422 0.4928 -0.6806
vn 0.2226 -0.0000 -0.9749
vn -0.0000 1.0000 -0.0000
vn 0.0317 0.9858 -0.1650
vn -0.3634 0.3814 -0.8500
vn -0.3389 0.2448 -0.9084
vn -0.1611 0.3793 -0.9111
vn -0.1709 0.5198 -0.8370
vn -0.6037 0.0493 -0.7957
vn -0.5254 -0.1532 -0.8370
vn -0.3132 -0.0204 -0.9495
vn -0.8086 -0.1166 -0.5767
vn -0.7837 -0.1969 -0.5891
vn -0.7976 -0.1349 -0.5879
vn -0.4790 -0.1924 -0.8565
vn -0.9417 -0.1603 -0.2957
vn -0.9534 -0.1284 -0.2730
vn -0.9612 -0.0557 -0.2701
vn -0.9571 -0.0229 -0.2888
vn -0.8064 -0.0472 -0.5894
vn -0.9959 -0.0674 -0.0605
vn -0.9974 -0.0296 -0.0662
vn -0.9971 -0.0167 -0.0744
vn -0.9967 -0.0125 -0.0798
vn -0.9506 -0.0100 -0.3101
vn -0.9997 -0.0231 0.0077
vn -0.9999 -0.0117 0.0083
vn -0.9998 -0.0150 0.0105
vn -0.9998 -0.0211 0.0073
vn -0.9965 -0.0154 -0.0827
vn -0.9998 -0.0064 0.0187
vn -0.9996 -0.0174 0.0217
vn -0.9994 -0.0300 0.0184
vn -0.9965 -0.0824 0.0129
vn -0.9979 -0.0648 0.0021
vn -0.9995 -0.0216 0.0227
vn -0.9990 -0.0408 0.0180
vn -0.9951 -0.0979 0.0142
vn -0.9935 -0.1133 0.0053
vn -0.9952 -0.0981 -0.0017
vn -0.9985 -0.0537 0.0137
vn -0.9945 -0.1040 0.0126
vn -0.9929 -0.1175 0.0162
vn -0.9979 -0.0632 0.0169
vn -0.9980 -0.0636 -0.0069
vn -0.9945 -0.1035 0.0145
vn -0.9937 -0.1101 0.0209
vn -0.9980 -0.0564 0.0273
vn -0.9992 -0.0286 0.0293
vn -0.9992 -0.0322 0.0219
vn -0.9947 -0.1001 0.0229
vn -0.9984 -0.0497 0.0280
vn -0.9991 -0.0310 0.0281
vn -0.9992 -0.0306 0.0255
vn -0.9993 -0.0274 0.0262
vn -0.9985 -0.0444 0.0325
vn -0.9988 -0.0326 0.0354
vn -0.9988 -0.0286 0.0387
vn -0.9987 -0.0241 0.0454
vn -0.9993 -0.0275 0.0248
vn -0.9976 -0.0284 0.0624
vn -0.9973 -0.0240 0.0690
vn -0.9972 -0.0203 0.0721
vn -0.9971 -0.0269 0.0717
vn -0.9988 -0.0191 0.0448
vn -0.9834 -0.0201 0.1805
vn -0.9823 -0.0264 0.1856
vn -0.9818 -0.0343 0.1870
vn -0.9815 -0.0332 0.1883
vn -0.9977 -0.0165 0.0653
vn -0.9108 -0.0370 0.4112
vn -0.9089 -0.0474 0.4142
vn -0.9083 -0.0462 0.4157
vn -0.9030 -0.0550 0.4261
vn -0.9823 -0.0457 0.1814
vn -0.7233 -0.0540 0.6884
vn -0.7124 -0.0456 0.7003
vn -0.7002 -0.0446 0.7126
vn -0.6839 -0.0450 0.7282
vn -0.8952 -0.0562 0.4421
vn -0.4044 -0.0344 0.9139
vn -0.3939 -0.0297 0.9187
vn -0.3821 -0.0273 0.9237
vn -0.3709 -0.0360 0.9280
vn -0.6677 -0.0461 0.7430
vn -0.1721 -0.0255 0.9847
vn -0.1742 -0.0191 0.9845
vn -0.1708 -0.0258 0.9850
vn -0.1642 -0.0304 0.9860
vn -0.3662 -0.0440 0.9295
vn -0.1071 -0.0223 0.9940
vn -0.1083 -0.0201 0.9939
vn -0.1061 -0.0231 0.9941
vn -0.1101 -0.0174 0.9938
vn -0.1722 -0.0159 0.9849
vn -0.0831 -0.0220 0.9963
vn -0.0877 -0.0233 0.9959
vn -0.0908 -0.0212 0.9956
vn -0.0935 -0.0183 0.9954
vn -0.1192 -0.0155 0.9927
vn -0.0392 -0.0257 0.9989
vn -0.0406 -0.0207 0.9990
vn -0.0399 -0.0142 0.9991
vn -0.0320 -0.0029 0.9995
vn -0.0919 -0.0207 0.9956
vn -0.0166 -0.0186 0.9997
vn -0.0165 -0.0113 0.9998
vn -0.0208 0.0056 0.9998
vn -0.0205 0.0106 0.9997
vn -0.0182 -0.0027 0.9998
vn -0.0188 -0.0147 0.9997
vn -0.0309 -0.0096 0.9995
vn -0.0478 0.0044 0.9988
vn -0.0530 0.0304 0.9981
vn -0.0105 0.0209 0.9997
vn -0.0012 -0.0223 0.9998
vn -0.0060 -0.0096 0.9999
vn -0.0105 0.0291 0.9995
vn -0.0132 0.0546 0.9984
vn -0.0472 0.0450 0.9979
vn 0.0157 -0.0169 0.9997
vn 0.0120 0.0178 0.9998
vn 0.0057 0.0465 0.9989
vn 0.0002 0.0420 0.9991
vn -0.0147 0.0466 0.9988
vn 0.0363 0.0062 0.9993
vn 0.0274 0.0311 0.9991
vn 0.0210 0.0345 0.9992
vn 0.0199 0.0430 0.9989
vn 0.0035 0.0178 0.9998
vn 0.0533 0.0152 0.9985
vn 0.0482 0.0376 0.9981
vn 0.0525 0.0701 0.9962
vn 0.0687 0.0206 0.9974
vn 0.0243 -0.0286 0.9993
vn 0.0841 0.0746 0.9937
vn 0.1007 0.1525 0.9832
vn 0.1369 0.1312 0.9819
vn 0.1696 -0.3712 0.9129
vn 0.0845 -0.3622 0.9282
vn 0.1463 0.2426 0.9590
vn 0.1528 0.1737 0.9729
vn 0.1404 -0.4502 0.8818
vn 0.0699 -0.9126 0.4028
vn 0.1044 -0.8503 0.5159
vn 0.1163 0.0323 0.9927
vn 0.0932 -0.6192 0.7797
vn 0.0475 -0.9414 0.3339
vn 0.0484 -0.9502 0.3077
vn 0.0423 -0.9522 0.3024
vn 0.0565 -0.7277 0.6836
vn 0.0499 -0.9468 0.3180
vn 0.0544 -0.9387 0.3405
vn 0.0847 -0.7360 0.6716
vn 0.0938 -0.7480 0.6570
vn 0.1244 -0.9300 0.3457
vn 0.1378 -0.9202 0.3665
vn 0.1481 -0.7193 0.6788
vn 0.1340 -0.3994 0.9069
vn 0.1020 -0.3687 0.9239
vn 0.1624 -0.9008 0.4026
vn 0.1882 -0.7563 0.6265
vn 0.1528 -0.5410 0.8270
vn 0.1083 -0.3513 0.9300
vn 0.1167 -0.2811 0.9526
vn 0.0760 -0.8258 0.5588
vn 0.0954 -0.6810 0.7260
vn 0.1198 -0.4332 0.8933
vn 0.2037 0.1176 0.9719
vn 0.1149 -0.0422 0.9925
vn 0.3331 0.2538 0.9081
vn 0.3269 0.8757 0.3554
vn 0.2411 0.7965 0.5544
vn 0.2852 0.9002 0.3292
vn 0.1087 0.8386 0.5337
vn 0.1117 0.6030 0.7899
vn 0.3564 0.9216 0.1536
vn 0.0779 0.7476 0.6595
vn 0.0973 0.4453 0.8901
vn 0.1142 -0.1596 0.9805
vn 0.1033 0.3781 0.9200
vn 0.0958 -0.1816 0.9787
vn 0.0995 -0.2565 0.9614
vn 0.0602 -0.1058 0.9926
vn 0.0897 -0.1926 0.9772
vn 0.1091 -0.3474 0.9313
vn 0.0620 -0.1003 0.9930
vn 0.0762 -0.2962 0.9521
vn 0.0631 -0.7387 0.6710
vn 0.0715 -0.2596 0.9631
vn 0.0507 -0.6562 0.7529
vn 0.0472 -0.9078 0.4168
vn 0.0408 -0.5505 0.8339
vn 0.0363 -0.8285 0.5588
vn 0.0594 -0.7851 0.6166
vn 0.0260 -0.7681 0.6398
vn 0.0337 -0.7715 0.6353
vn 0.0331 -0.4011 0.9154
vn 0.0426 -0.7614 0.6469
vn 0.0495 -0.4525 0.8904
vn 0.0251 -0.0913 0.9955
vn -0.0436 -0.5220 0.8519
vn -0.0302 -0.1564 0.9872
vn -0.0193 -0.0019 0.9998
vn -0.0608 -0.1823 0.9814
vn -0.0408 0.0038 0.9992
vn -0.0409 0.0309 0.9987
vn 0.0227 -0.0483 0.9986
vn 0.0060 0.0017 1.0000
vn -0.0017 0.0330 0.9995
vn 0.0381 -0.0686 0.9969
vn 0.0052 0.0026 1.0000
vn -0.0094 -0.0001 1.0000
vn -0.0416 -0.0788 0.9960
vn -0.0835 -0.0264 0.9962
vn -0.0910 -0.0177 0.9957
vn -0.1154 -0.0597 0.9915
vn -0.1324 -0.0211 0.9910
vn -0.1251 -0.0267 0.9918
vn -0.1083 -0.0288 0.9937
vn -0.1539 -0.0494 0.9868
vn -0.1810 -0.0204 0.9833
vn -0.1570 -0.1039 0.9821
vn -0.2820 -0.0785 0.9562
vn -0.3581 -0.0416 0.9327
vn -0.6430 -0.1146 0.7572
vn -0.6468 -0.0727 0.7592
vn -0.6585 -0.0481 0.7511
vn -0.8696 -0.0573 0.4905
vn -0.8791 -0.0421 0.4749
vn -0.8878 -0.0495 0.4575
vn -0.9821 -0.0359 0.1847
vn -0.9837 -0.0416 0.1747
vn -0.9833 -0.0494 0.1749
vn -0.9987 -0.0315 0.0405
vn -0.9983 -0.0361 0.0461
vn -0.9981 -0.0274 0.0548
vn -0.9989 -0.0330 0.0339
vn -0.9992 -0.0213 0.0325
vn -0.9993 -0.0046 0.0364
vn -0.9993 -0.0200 0.0331
vn -0.9995 -0.0041 0.0313
vn -0.9995 -0.0150 0.0262
vn -0.9998 -0.0103 0.0165
vn -0.9998 -0.0134 0.0159
vn -0.9995 -0.0250 0.0212
vn -0.9999 -0.0088 0.0131
vn -0.9996 -0.0201 0.0182
vn -0.9995 -0.0225 0.0231
vn -0.9999 -0.0139 -0.0046
vn -0.9998 -0.0183 0.0011
vn -0.9991 -0.0433 -0.0026
vn -0.9995 -0.0230 -0.0209
vn -0.9984 -0.0500 -0.0252
vn -0.9982 -0.0569 -0.0197
vn -0.9988 -0.0430 -0.0241
vn -0.9986 -0.0511 -0.0140
vn -0.9963 -0.0859 -0.0050
vn -0.9953 -0.0483 -0.0839
vn -0.9931 -0.0816 -0.0841
vn -0.9952 -0.0507 -0.0840
vn -0.9438 -0.0794 -0.3208
vn -0.9431 -0.0413 -0.3299
vn -0.9456 -0.0114 -0.3252
vn -0.7964 -0.0366 -0.6037
vn -0.7918 -0.0182 -0.6105
vn -0.7964 -0.0156 -0.6045
vn -0.5705 -0.0526 -0.8196
vn -0.5315 -0.0581 -0.8450
vn -0.4956 -0.1086 -0.8617
vn -0.2709 -0.1245 -0.9545
vn -0.2332 -0.1534 -0.9603
vn -0.2567 -0.1545 -0.9541
vn -0.1807 -0.1487 -0.9722
vn -0.1982 -0.0853 -0.9764
vn -0.1989 0.0616 -0.9781
vn -0.1585 -0.0513 -0.9860
vn -0.1628 0.1222 -0.9791
vn -0.1467 0.4193 -0.8959
vn -0.1009 0.2037 -0.9738
vn -0.1276 0.3956 -0.9095
vn -0.0650 0.1982 -0.9780
vn -0.0565 0.3588 -0.9317
vn -0.0683 -0.0413 -0.9968
vn -0.0217 -0.0191 -0.9996
vn -0.1068 -0.0466 -0.9932
vn -0.1257 -0.1546 -0.9800
vn -0.0668 -0.1650 -0.9840
vn -0.1669 -0.1412 -0.9758
vn -0.1723 -0.1607 -0.9719
vn -0.1472 -0.1760 -0.9733
vn -0.1772 -0.1571 -0.9716
vn -0.1827 -0.1342 -0.9740
vn -0.1622 -0.1336 -0.9777
vn -0.3279 -0.1030 -0.9391
vn -0.3557 -0.0656 -0.9323
vn -0.1922 -0.0875 -0.9775
vn -0.5963 -0.0443 -0.8016
vn -0.5945 -0.0523 -0.8024
vn -0.3616 -0.0333 -0.9317
vn -0.7993 -0.0717 -0.5966
vn -0.7861 -0.0144 -0.6180
vn -0.5963 -0.0029 -0.8027
vn -0.9492 -0.0426 -0.3119
vn -0.9481 -0.0056 -0.3180
vn -0.7612 0.0295 -0.6479
vn -0.9959 -0.0292 -0.0856
vn -0.9953 -0.0279 -0.0925
vn -0.9480 -0.0328 -0.3165
vn -0.9990 -0.0298 -0.0323
vn -0.9993 -0.0186 -0.0313
vn -0.9943 -0.0134 -0.1058
vn -0.9998 -0.0135 -0.0118
vn -0.9998 -0.0166 -0.0071
vn -0.9994 -0.0189 -0.0290
vn -0.9999 -0.0111 -0.0036
vn -1.0000 -0.0088 0.0017
vn -0.9999 -0.0098 -0.0066
vn -0.9999 -0.0107 0.0086
vn -0.9998 -0.0195 0.0075
vn -0.9998 -0.0200 0.0028
vn -0.9996 -0.0182 0.0202
vn -0.9997 -0.0176 0.0164
vn -0.9998 -0.0177 0.0127
vn -0.9993 -0.0283 0.0258
vn -0.9994 -0.0270 0.0206
vn -0.9995 -0.0271 0.0129
vn -0.9990 -0.0281 0.0346
vn -0.9992 -0.0273 0.0300
vn -0.9994 -0.0258 0.0233
vn -0.9987 -0.0320 0.0385
vn -0.9988 -0.0299 0.0379
vn -0.9992 -0.0292 0.0272
vn -0.9783 -0.0373 0.2040
vn -0.9718 -0.0370 0.2330
vn -0.9987 -0.0324 0.0400
vn -0.8810 -0.0699 0.4679
vn -0.9062 -0.0450 0.4204
vn -0.9625 -0.0385 0.2684
vn -0.6200 -0.1055 0.7774
vn -0.6019 -0.0579 0.7964
vn -0.9128 -0.0272 0.4075
vn -0.0817 -0.0548 0.9952
vn -0.0617 -0.0666 0.9959
vn -0.6485 -0.0621 0.7587
vn -0.0750 -0.0775 0.9942
vn -0.0527 -0.2274 0.9724
vn -0.1369 -0.1989 0.9704
vn -0.0457 -0.1799 0.9826
vn 0.0243 -0.1835 0.9827
vn 0.0564 -0.2756 0.9596
vn 0.0824 -0.1945 0.9774
vn 0.0907 -0.3870 0.9176
vn 0.0348 -0.3195 0.9470
vn 0.0304 -0.2812 0.9592
vn -0.0082 -0.7008 0.7133
vn 0.0314 -0.5668 0.8233
vn -0.0821 -0.6435 0.7610
vn -0.0630 -0.8433 0.5338
vn -0.0574 -0.8050 0.5905
vn -0.0359 -0.7804 0.6243
vn -0.0188 -0.6589 0.7520
vn -0.0361 -0.6225 0.7818
vn 0.0239 -0.7043 0.7095
vn 0.0120 -0.4119 0.9111
vn -0.0123 -0.3601 0.9328
vn 0.0234 -0.4715 0.8816
vn 0.0204 -0.2514 0.9677
vn 0.0057 -0.2275 0.9738
vn 0.0531 -0.2625 0.9635
vn 0.0771 -0.1242 0.9893
vn 0.0190 -0.1598 0.9870
vn 0.0891 -0.0705 0.9935
vn 0.0883 0.1633 0.9826
vn 0.0952 0.2597 0.9610
vn 0.0294 0.0380 0.9988
vn 0.0169 0.3242 0.9458
vn 0.0601 0.3853 0.9208
vn 0.0643 0.3328 0.9408
vn 0.0987 0.5481 0.8306
vn 0.0383 0.4241 0.9048
vn 0.1073 0.6535 0.7493
vn 0.1198 0.4750 0.8718
vn 0.1287 0.4074 0.9041
vn 0.1210 0.3473 0.9299
vn 0.1473 0.4747 0.8677
vn 0.0885 0.4247 0.9010
vn 0.0550 0.3021 0.9517
vn 0.1394 0.4751 0.8688
vn 0.1171 0.4027 0.9078
vn 0.0736 0.7985 0.5975
vn 0.1363 0.8723 0.4696
vn 0.1783 0.8701 0.4595
vn 0.1003 0.9947 0.0208
vn 0.1711 0.9845 0.0378
vn 0.1713 0.9809 0.0920
vn 0.1529 0.8227 0.5476
vn 0.1632 0.9760 0.1444
vn 0.1200 0.7509 0.6495
vn 0.0502 0.3604 0.9315
vn 0.1111 0.6788 0.7259
vn 0.0585 0.3292 0.9424
vn 0.0538 0.2837 0.9574
vn 0.0344 0.2838 0.9583
vn 0.0555 0.3549 0.9333
vn 0.0376 0.3616 0.9316
vn 0.0734 0.4901 0.8685
vn 0.0143 0.3369 0.9414
vn 0.0151 0.5566 0.8306
vn 0.0216 0.3190 0.9475
vn -0.0109 0.5700 0.8216
vn -0.0020 0.3657 0.9307
vn 0.0014 -0.1420 0.9899
vn -0.0238 0.4436 0.8959
vn -0.0202 -0.0853 0.9962
vn -0.0140 -0.2192 0.9756
vn -0.0318 0.0200 0.9993
vn -0.0256 -0.2096 0.9775
vn -0.0242 -0.3139 0.9491
vn -0.0490 -0.1978 0.9790
vn -0.0584 -0.2972 0.9530
vn -0.0696 -0.5364 0.8411
vn -0.0632 -0.2982 0.9524
vn -0.0641 -0.4058 0.9117
vn -0.0402 -0.5557 0.8304
vn -0.0434 -0.2812 0.9587
vn -0.0275 -0.3076 0.9511
vn -0.0025 -0.3225 0.9466
vn -0.0500 -0.2180 0.9747
vn -0.0373 -0.1936 0.9804
vn -0.0263 -0.1394 0.9899
vn -0.0088 -0.1413 0.9899
vn -0.0098 -0.0389 0.9992
vn 0.0075 -0.0924 0.9957
vn -0.0605 0.0497 0.9969
vn -0.0387 -0.0325 0.9987
vn -0.0255 -0.2472 0.9686
vn -0.4993 -0.0360 0.8657
vn -0.3744 -0.4481 0.8118
vn -0.0922 -0.9244 0.3701
vn -0.0680 -0.6487 0.7580
vn 0.1519 -0.9394 -0.3073
vn -0.2579 -0.9662 0.0035
vn 0.1210 -0.7252 -0.6778
vn 0.4110 -0.8720 -0.2658
vn 0.4967 -0.7479 -0.4403
vn 0.5208 -0.8451 -0.1206
vn 0.6340 -0.7535 -0.1739
vn -0.1996 -0.9664 0.1622
vn -0.2837 -0.9497 0.1329
vn -0.6210 -0.7788 0.0879
vn -0.9259 -0.2671 0.2672
vn -0.9870 -0.1026 0.1240
vn -0.9994 0.0317 0.0104
vn -0.8784 -0.4771 0.0270
vn -0.9927 0.1209 0.0037
vn -0.9687 -0.2478 0.0122
vn -0.9829 0.1838 0.0106
vn -0.9929 -0.1178 0.0137
vn -0.9739 0.2263 0.0196
vn -0.9970 -0.0758 0.0174
vn -0.6520 -0.7582 0.0076
vn -0.9972 -0.0719 0.0188
vn 0.3666 -0.9304 0.0030
vn 0.6948 -0.7191 -0.0094
vn 0.7077 -0.7060 -0.0261
vn 0.6765 -0.6845 -0.2715
vn 0.6556 -0.7545 -0.0306
vn 0.4362 -0.8981 0.0556
vn 0.4510 -0.8920 -0.0299
vn -0.1613 -0.9860 0.0423
vn 0.4110 -0.9114 -0.0177
vn -0.2335 -0.9721 -0.0245
vn -0.8798 -0.4748 -0.0223
vn -0.8327 -0.5508 0.0567
vn -0.3244 -0.9415 -0.0913
vn -0.9007 -0.4286 -0.0710
vn -0.4081 -0.9120 -0.0404
vn -0.9156 -0.4020 -0.0091
vn -0.9977 -0.0676 0.0015
vn -0.9362 -0.3490 0.0407
vn -0.9972 -0.0706 0.0256
vn -0.9990 -0.0375 0.0257
vn -0.9993 -0.0379 -0.0017
vn -0.9998 -0.0175 -0.0009
vn -0.9998 -0.0147 0.0096
vn -0.9998 -0.0142 0.0146
vn -0.9998 -0.0180 0.0114
vn -0.9997 -0.0183 0.0174
vn -0.9996 -0.0270 0.0048
vn -0.9996 -0.0199 0.0205
vn -0.9997 -0.0155 0.0168
vn -0.9995 -0.0261 0.0160
vn -0.9997 -0.0197 0.0108
vn -0.9997 -0.0201 0.0113
vn -0.9992 -0.0325 0.0235
vn -0.9995 -0.0246 0.0203
vn -0.9988 -0.0354 0.0325
vn -0.9977 -0.0351 0.0588
vn -0.9970 -0.0405 0.0662
vn -0.9540 -0.0341 0.2979
vn -0.9469 -0.0364 0.3196
vn -0.9204 -0.0354 0.3893
vn -0.9453 -0.0761 0.3172
vn -0.9694 -0.1165 0.2161
vn -0.7301 -0.1637 0.6634
vn -0.8625 -0.2542 0.4376
vn -0.9982 -0.0362 0.0477
vn -0.9985 -0.0406 0.0370
vn -0.9987 -0.0397 0.0327
vn -0.9989 -0.0383 0.0279
vn -0.9985 -0.0451 0.0303
vn -0.9991 -0.0327 0.0281
vn -0.9990 -0.0420 0.0174
vn -0.9992 -0.0342 0.0207
vn -0.9993 -0.0329 0.0175
vn -0.9993 -0.0336 0.0166
vn -0.9992 -0.0341 0.0194
vn -0.9993 -0.0306 0.0199
vn -0.9993 -0.0331 0.0148
vn -0.9993 -0.0357 0.0103
vn -0.9997 -0.0247 0.0051
vn -0.9994 -0.0351 -0.0037
vn -0.9996 -0.0272 -0.0010
vn -0.9998 -0.0218 -0.0033
vn -0.9993 -0.0353 -0.0155
vn -0.9993 -0.0269 -0.0271
vn -0.9995 -0.0091 -0.0303
vn -0.9953 -0.0388 -0.0888
vn -0.9938 -0.0196 -0.1095
vn -0.9929 -0.0186 -0.1177
vn -0.9573 -0.0451 -0.2857
vn -0.9522 -0.0211 -0.3046
vn -0.9515 -0.0243 -0.3068
vn -0.8385 -0.0438 -0.5432
vn -0.8075 -0.0806 -0.5843
vn -0.7711 -0.0582 -0.6340
vn -0.6510 -0.1131 -0.7506
vn -0.6518 -0.0751 -0.7547
vn -0.6225 0.0301 -0.7821
vn -0.4743 -0.0593 -0.8784
vn -0.4480 -0.0307 -0.8935
vn -0.3862 -0.0313 -0.9219
vn -0.1987 -0.0711 -0.9775
vn -0.2004 -0.0388 -0.9790
vn -0.2007 -0.0312 -0.9792
vn -0.1305 -0.0218 -0.9912
vn -0.1384 -0.0353 -0.9897
vn -0.1473 -0.0948 -0.9845
vn -0.1115 -0.0341 -0.9932
vn -0.1300 -0.0831 -0.9880
vn -0.1493 -0.1240 -0.9810
vn -0.0857 -0.0751 -0.9935
vn -0.0822 -0.1268 -0.9885
vn -0.0741 -0.1976 -0.9775
vn 0.0011 -0.1441 -0.9896
vn 0.0050 -0.2007 -0.9796
vn -0.0058 -0.1515 -0.9884
vn 0.0344 -0.1985 -0.9795
vn 0.0331 -0.1260 -0.9915
vn 0.0189 0.0116 -0.9998
vn 0.0108 -0.1134 -0.9935
vn 0.0111 0.0327 -0.9994
vn -0.0437 -0.1117 -0.9928
vn -0.0292 0.0247 -0.9993
vn -0.0882 -0.1066 -0.9904
vn -0.0799 -0.0048 -0.9968
vn -0.1024 -0.0914 -0.9905
vn -0.0986 -0.0313 -0.9946
vn -0.0769 0.0295 -0.9966
vn -0.0625 -0.0539 -0.9966
vn -0.0477 -0.0179 -0.9987
vn -0.0076 0.0695 -0.9976
vn -0.0316 0.2755 -0.9608
vn 0.0064 0.6695 -0.7428
vn -0.0015 0.6644 -0.7474
vn -0.0205 0.9796 -0.1997
vn -0.0383 0.9877 -0.1515
vn -0.0014 0.6178 -0.7863
vn -0.0017 0.9680 -0.2511
vn 0.0117 0.0119 -0.9999
vn 0.0181 -0.0443 -0.9989
vn 0.1451 -0.0636 -0.9874
vn 0.1050 -0.1370 -0.9850
vn 0.1750 -0.1719 -0.9695
vn 0.2514 -0.0753 -0.9650
vn 0.0043 -0.0818 -0.9966
vn -0.0146 -0.0954 -0.9953
vn 0.0368 -0.1658 -0.9855
vn -0.0646 -0.0832 -0.9944
vn -0.0513 -0.0926 -0.9944
vn -0.0336 -0.0938 -0.9950
vn -0.0777 -0.1278 -0.9888
vn -0.0331 -0.1127 -0.9931
vn -0.0305 -0.0850 -0.9959
vn -0.0721 -0.1695 -0.9829
vn -0.0382 -0.1438 -0.9889
vn -0.0036 -0.0983 -0.9951
vn 0.0003 -0.0858 -0.9963
vn -0.0402 -0.1957 -0.9798
vn -0.0208 -0.1648 -0.9861
vn 0.0046 -0.1122 -0.9937
vn 0.0059 -0.1707 -0.9853
vn 0.0117 -0.1168 -0.9931
vn 0.0261 -0.1613 -0.9866
vn 0.0133 -0.1088 -0.9940
vn -0.0005 -0.0655 -0.9979
vn -0.0134 -0.0051 -0.9999
vn -0.0194 -0.0888 -0.9959
vn -0.0441 -0.0482 -0.9979
vn -0.0588 0.0014 -0.9983
vn -0.0479 0.0053 -0.9988
vn -0.0140 0.0264 -0.9996
vn -0.0878 -0.0348 -0.9955
vn -0.0845 0.0001 -0.9964
vn -0.0669 -0.0229 -0.9975
vn -0.0406 -0.0494 -0.9980
vn -0.0099 -0.0156 -0.9998
vn -0.1011 -0.0086 -0.9948
vn -0.0879 -0.0488 -0.9949
vn -0.0828 -0.0590 -0.9948
vn -0.1051 -0.0294 -0.9940
vn -0.0267 -0.0360 -0.9990
vn -0.1237 -0.0660 -0.9901
vn -0.1262 -0.0511 -0.9907
vn -0.1366 -0.0135 -0.9905
vn -0.1467 0.0387 -0.9884
vn -0.1478 0.0107 -0.9890
vn -0.2031 -0.0438 -0.9782
vn -0.2032 -0.0188 -0.9790
vn -0.1762 0.0257 -0.9840
vn -0.1451 0.0317 -0.9889
vn -0.1703 0.0231 -0.9851
vn -0.4435 -0.0703 -0.8935
vn -0.3867 -0.0273 -0.9218
vn -0.3329 0.0015 -0.9430
vn -0.3096 -0.0386 -0.9501
vn -0.1548 -0.0516 -0.9866
vn -0.6509 -0.0606 -0.7567
vn -0.6426 -0.0426 -0.7650
vn -0.6248 -0.0471 -0.7794
vn -0.6247 -0.0287 -0.7804
vn -0.3322 -0.0360 -0.9425
vn -0.8515 -0.0599 -0.5209
vn -0.8535 -0.0580 -0.5178
vn -0.8486 -0.0407 -0.5274
vn -0.8407 -0.0264 -0.5409
vn -0.6253 -0.0084 -0.7803
vn -0.9637 -0.0548 -0.2611
vn -0.9642 -0.0548 -0.2593
vn -0.9635 -0.0343 -0.2657
vn -0.9631 -0.0321 -0.2671
vn -0.8335 -0.0330 -0.5515
vn -0.9962 -0.0513 -0.0705
vn -0.9976 -0.0306 -0.0615
vn -0.9977 -0.0297 -0.0613
vn -0.9971 -0.0300 -0.0697
vn -0.9592 -0.0295 -0.2811
vn -0.9995 -0.0297 -0.0102
vn -0.9993 -0.0341 -0.0160
vn -0.9993 -0.0327 -0.0194
vn -0.9995 -0.0268 -0.0169
vn -0.9961 -0.0275 -0.0836
vn -0.9993 -0.0365 -0.0056
vn -0.9995 -0.0319 -0.0033
vn -0.9996 -0.0274 -0.0056
vn -0.9996 -0.0261 -0.0084
vn -0.9995 -0.0307 -0.0106
vn -0.9993 -0.0326 0.0156
vn -0.9993 -0.0354 0.0103
vn -0.9996 -0.0277 0.0039
vn -0.9997 -0.0231 0.0017
vn -0.9996 -0.0281 -0.0034
vn -0.9991 -0.0396 0.0173
vn -0.9994 -0.0307 0.0169
vn -0.9996 -0.0217 0.0167
vn -0.9993 -0.0338 0.0132
vn -0.9997 -0.0195 0.0131
vn -0.9994 -0.0340 0.0055
vn -0.9993 -0.0385 -0.0005
vn -0.9993 -0.0369 -0.0033
vn -0.9912 -0.0374 -0.1270
vn -0.9926 -0.0372 -0.1154
vn -0.9945 -0.0324 -0.1000
vn -0.9191 -0.0277 -0.3932
vn -0.9320 -0.0282 -0.3613
vn -0.9478 -0.0259 -0.3177
vn -0.8730 -0.0525 -0.4850
vn -0.8240 -0.0455 -0.5648
vn -0.8220 -0.0338 -0.5684
vn -0.6071 -0.0655 -0.7919
vn -0.6178 -0.0318 -0.7857
vn -0.6214 -0.0234 -0.7831
vn -0.3816 -0.0166 -0.9242
vn -0.3697 -0.0089 -0.9291
vn -0.3569 0.0026 -0.9341
vn -0.1895 0.0001 -0.9819
vn -0.1856 0.0048 -0.9826
vn -0.1790 -0.0492 -0.9826
vn -0.1299 0.0083 -0.9915
vn -0.1538 -0.0358 -0.9875
vn -0.1816 -0.0585 -0.9816
vn -0.1305 -0.0077 -0.9914
vn -0.1697 -0.0332 -0.9849
vn -0.1835 0.0026 -0.9830
vn -0.0844 -0.0124 -0.9964
vn -0.0710 -0.0104 -0.9974
vn -0.0403 -0.0149 -0.9991
vn 0.0567 -0.0193 -0.9982
vn 0.0586 -0.0145 -0.9982
vn 0.0338 -0.0134 -0.9993
vn 0.0265 -0.0094 -0.9996
vn 0.0163 0.0037 -0.9999
vn 0.0016 0.0137 -0.9999
vn -0.0082 -0.0066 -0.9999
vn 0.0150 0.0123 -0.9998
vn -0.0047 -0.0305 -0.9995
vn 0.0328 -0.0203 -0.9993
vn -0.0120 -0.0544 -0.9984
vn 0.0286 -0.0792 -0.9964
vn 0.0134 -0.0707 -0.9974
vn 0.0560 -0.1366 -0.9890
vn 0.1105 -0.1260 -0.9859
vn 0.1696 -0.1401 -0.9755
vn 0.1769 -0.1704 -0.9694
vn 0.1612 -0.0636 -0.9849
vn 0.1306 0.0164 -0.9913
vn 0.0738 0.1727 -0.9822
vn 0.1070 0.1805 -0.9777
vn -0.0647 0.3565 -0.9320
vn 0.0652 0.2301 -0.9710
vn 0.0483 0.0792 -0.9957
vn -0.0267 0.2192 -0.9753
vn 0.0592 0.0440 -0.9973
vn 0.0233 -0.0485 -0.9985
vn 0.0091 -0.0309 -0.9995
vn -0.0068 -0.0712 -0.9974
vn 0.0081 -0.0745 -0.9972
vn -0.0151 -0.0755 -0.9970
vn -0.1260 -0.0411 -0.9912
vn -0.1095 -0.0786 -0.9909
vn -0.0664 -0.0908 -0.9937
vn -0.3944 -0.1339 -0.9091
vn -0.2392 -0.1746 -0.9551
vn -0.0747 -0.1720 -0.9823
vn -0.3733 -0.2396 -0.8963
vn -0.1148 -0.2384 -0.9644
vn 0.0697 -0.2233 -0.9723
vn -0.5579 -0.2315 -0.7970
vn -0.4468 -0.0047 -0.8946
vn -0.6492 -0.0256 -0.7602
vn -0.4755 0.1407 -0.8684
vn -0.7039 0.1699 -0.6897
vn -0.5467 0.0902 -0.8324
vn -0.4923 -0.0624 -0.8682
vn -0.4278 -0.2190 -0.8770
vn -0.3250 -0.2760 -0.9045
vn -0.4520 -0.3430 -0.8235
vn -0.1353 -0.0980 -0.9859
vn -0.0913 -0.1357 -0.9865
vn 0.0426 -0.0146 -0.9990
vn 0.0354 -0.0344 -0.9988
vn 0.0309 -0.0385 -0.9988
vn 0.2768 0.1791 -0.9441
vn 0.2093 0.2211 -0.9525
vn 0.0961 0.2344 -0.9674
vn 0.0144 -0.0193 -0.9997
vn -0.0108 0.2075 -0.9782
vn 0.3993 0.5346 -0.7448
vn 0.1925 0.5843 -0.7884
vn 0.4338 0.6292 -0.6450
vn 0.5396 0.4137 -0.7332
vn 0.5874 0.4305 -0.6853
vn 0.6295 0.3856 -0.6746
vn 0.4670 0.6996 -0.5408
vn 0.6265 0.7776 -0.0528
vn 0.5312 0.5177 0.6707
vn 0.2101 0.6922 0.6904
vn 0.5983 0.0860 -0.7966
vn 0.5597 0.1637 -0.8124
vn 0.4485 -0.0490 -0.8924
vn 0.4776 -0.1398 -0.8674
vn 0.3369 -0.1206 -0.9338
vn 0.3718 -0.1935 -0.9079
vn 0.2484 -0.1653 -0.9544
vn 0.2800 -0.2295 -0.9322
vn 0.1448 -0.2405 -0.9598
vn -0.0343 -0.1909 -0.9810
vn 0.0357 -0.0584 -0.9977
vn -0.0237 -0.1554 -0.9876
vn 0.0394 -0.0787 -0.9961
vn -0.0508 -0.2473 -0.9676
vn -0.1527 -0.2608 -0.9533
vn -0.0571 -0.1667 -0.9844
vn 0.0212 -0.2390 -0.9708
vn 0.0086 -0.2737 -0.9618
vn -0.0757 -0.2868 -0.9550
vn -0.0608 -0.1914 -0.9796
vn -0.1006 -0.1804 -0.9784
vn -0.1560 -0.2795 -0.9474
vn 0.0054 -0.1898 -0.9818
vn -0.0001 -0.1019 -0.9948
vn -0.0247 -0.0824 -0.9963
vn 0.0729 -0.1888 -0.9793
vn 0.0513 -0.0911 -0.9945
vn 0.0322 -0.0418 -0.9986
vn -0.0061 -0.0662 -0.9978
vn 0.1227 -0.1936 -0.9734
vn 0.0731 -0.1041 -0.9919
vn 0.0306 -0.0388 -0.9988
vn -0.0606 0.0567 -0.9965
vn -0.0095 0.0176 -0.9998
vn 0.0846 -0.1064 -0.9907
vn 0.0132 -0.0449 -0.9989
vn -0.1232 0.0662 -0.9902
vn -0.4265 0.3180 -0.8467
vn -0.2818 0.3312 -0.9005
vn 0.0230 -0.0349 -0.9991
vn -0.1584 0.0473 -0.9862
vn -0.5367 0.2288 -0.8121
vn -0.7067 0.3482 -0.6159
vn -0.6159 0.5223 -0.5898
vn -0.1800 0.0010 -0.9837
vn 0.0243 -0.0319 -0.9992
vn 0.0398 -0.0223 -0.9990
vn -0.1669 -0.0441 -0.9850
vn 0.1616 -0.0633 -0.9848
vn 0.2240 -0.0198 -0.9744
vn 0.2842 0.0885 -0.9547
vn 0.1243 -0.0864 -0.9885
vn 0.1723 -0.1899 -0.9666
vn -0.5656 0.5474 -0.6168
vn -0.5150 0.7214 -0.4630
vn -0.4816 0.6151 -0.6243
vn -0.5303 0.3141 -0.7875
vn -0.1440 0.1402 -0.9796
vn -0.2875 0.3593 -0.8878
vn -0.1117 0.0205 -0.9935
vn -0.1793 0.4134 -0.8927
vn -0.3806 0.6143 -0.6912
vn -0.1563 0.6329 -0.7583
vn -0.3146 0.8519 -0.4186
vn -0.3818 0.8493 -0.3646
vn -0.1416 0.9766 -0.1619
vn -0.1685 0.9380 -0.3030
vn -0.1427 0.7319 -0.6663
vn -0.3353 0.6891 -0.6424
vn -0.0672 0.2785 -0.9581
vn -0.1625 0.3139 -0.9354
vn -0.0153 -0.0233 -0.9996
vn 0.0479 0.2584 -0.9648
vn 0.0051 -0.0369 -0.9993
vn -0.0022 -0.0529 -0.9986
vn 0.0086 -0.0255 -0.9996
vn 0.0030 -0.0110 -0.9999
vn -0.0256 -0.0435 -0.9987
vn -0.0093 0.0070 -0.9999
vn -0.0310 -0.0347 -0.9989
vn -0.0078 -0.0137 -0.9999
vn -0.0439 -0.0461 -0.9980
vn 0.0050 -0.0214 -0.9998
vn -0.0784 -0.0478 -0.9958
vn 0.0142 -0.0131 -0.9998
vn -0.1747 -0.0270 -0.9842
vn -0.3781 -0.0983 -0.9205
vn -0.2604 0.0358 -0.9649
vn -0.4884 0.0586 -0.8706
vn -0.4041 -0.0141 -0.9146
vn -0.3881 -0.1934 -0.9011
vn -0.2125 -0.2264 -0.9506
vn -0.4567 0.1967 -0.8676
vn -0.3704 0.1741 -0.9124
vn -0.3654 0.2080 -0.9073
vn -0.2228 0.0597 -0.9730
vn -0.1171 0.1045 -0.9876
vn -0.2819 0.0630 -0.9574
vn -0.0164 -0.0991 -0.9949
vn 0.0010 -0.1113 -0.9938
vn 0.0112 -0.0348 -0.9993
vn 0.2334 -0.1283 -0.9639
vn 0.2461 -0.2733 -0.9299
vn 0.1723 -0.0318 -0.9845
vn 0.5285 -0.0471 -0.8476
vn 0.5386 -0.2497 -0.8047
vn 0.1180 0.0031 -0.9930
vn 0.4816 0.1088 -0.8696
vn 0.8514 0.2255 -0.4736
vn 0.8889 -0.0481 -0.4556
vn 0.0625 0.0225 -0.9978
vn 0.3773 0.2164 -0.9004
vn 0.7200 0.4477 -0.5303
vn 0.8247 0.5277 -0.2035
vn 0.9522 0.2561 -0.1664
vn 0.2327 0.2548 -0.9386
vn 0.5181 0.5978 -0.6117
vn 0.6244 0.7356 -0.2625
vn 0.6384 0.7689 -0.0359
vn 0.8342 0.5514 -0.0088
vn 0.3112 0.6695 -0.6744
vn 0.3794 0.8659 -0.3258
vn 0.3873 0.9194 -0.0683
vn 0.3731 0.9088 0.1868
vn 0.6041 0.7538 0.2586
vn 0.0993 0.9434 -0.3166
vn 0.0988 0.9923 -0.0753
vn 0.0877 0.7115 -0.6972
vn 0.1395 0.2586 -0.9559
vn 0.0091 0.0109 -0.9999
vn 0.3987 0.5437 0.7385
vn 0.4841 0.3743 0.7909
vn 0.7870 0.5387 0.3008
vn 0.2768 0.7064 0.6515
vn 0.1143 0.2160 0.9697
vn 0.0853 0.1324 0.9875
vn 0.0307 0.0391 0.9988
vn 0.0101 0.0424 0.9990
vn 0.0398 0.0805 0.9960
vn 0.0524 0.0335 0.9981
vn 0.0118 -0.0395 0.9992
vn 0.0054 0.0142 0.9999
vn 0.3195 0.0561 0.9459
vn 0.2436 -0.1337 0.9606
vn 0.1348 -0.2690 0.9537
vn -0.0463 -0.1593 0.9861
vn 0.9055 0.1182 0.4075
vn 0.8095 -0.2484 0.5320
vn 0.6717 -0.5013 0.5454
vn 0.6924 -0.5121 0.5082
vn 0.1315 -0.2356 0.9629
vn 0.8801 -0.3905 -0.2701
vn 0.7432 -0.1737 -0.6461
vn -0.0415 -0.0934 0.9948
vn 0.8818 -0.1577 0.4444
vn 0.8828 0.3757 0.2818
vn -0.0510 -0.1281 0.9904
vn -0.0913 -0.1393 0.9860
vn -0.1616 -0.1377 0.9772
vn -0.1490 -0.0838 0.9853
vn 0.0317 0.0587 0.9978
vn -0.1905 -0.0284 0.9813
vn 0.0777 0.0506 0.9957
vn 0.0288 0.0232 0.9993
vn 0.0712 0.0337 0.9969
vn 0.0825 0.0343 0.9960
vn 0.1062 0.0107 0.9943
vn 0.0461 0.0190 0.9988
vn 0.5597 -0.0284 0.8282
vn 0.5560 0.1598 0.8157
vn 0.9320 -0.0475 0.3593
vn 0.9121 0.2528 0.3228
vn 0.9984 -0.0481 0.0282
vn 0.9645 0.2642 0.0018
vn 0.9899 -0.0440 -0.1349
vn 0.9354 -0.3462 0.0718
vn 0.9295 -0.3476 -0.1229
vn 0.8257 -0.3336 -0.4549
vn 0.7942 -0.5929 -0.1326
vn 0.7010 -0.5546 -0.4483
vn 0.4964 -0.4420 -0.7472
vn 0.6713 -0.5979 -0.4380
vn 0.5170 -0.4621 -0.7206
vn 0.2785 -0.2995 -0.9125
vn 0.3606 -0.1208 -0.9249
vn 0.0547 0.0033 -0.9985
vn 0.3044 0.0782 -0.9493
vn -0.0024 0.1451 -0.9894
vn -0.0891 0.1825 -0.9792
vn -0.0139 0.2158 -0.9763
vn -0.1084 0.1618 -0.9809
vn 0.7947 -0.5949 0.1201
vn 0.6866 -0.5280 0.4998
vn 0.5392 -0.6188 0.5712
vn 0.8532 -0.3050 0.4231
vn 0.5017 -0.1550 0.8510
vn 0.3750 -0.2942 0.8791
vn 0.1016 -0.0639 0.9928
vn 0.1074 -0.1256 0.9863
vn 0.2994 -0.3668 0.8808
vn 0.1373 0.0068 0.9905
vn 0.0693 0.0350 0.9970
vn 0.0289 0.0027 0.9996
vn -0.0547 0.0887 0.9946
vn 0.0514 -0.0327 0.9981
vn -0.0164 0.0504 0.9986
vn -0.2581 0.1502 0.9544
vn -0.2261 0.0370 0.9734
vn -0.3520 0.0511 0.9346
vn -0.2900 0.1973 0.9365
vn -0.2956 -0.0784 0.9521
vn 0.0271 -0.0130 0.9995
vn 0.0825 -0.0828 0.9931
vn 0.1613 -0.1740 0.9714
vn 0.1701 -0.0240 0.9851
vn 0.2522 -0.1642 0.9536
vn 0.4028 -0.3207 0.8573
vn 0.3433 -0.3586 0.8680
vn 0.3441 -0.1190 0.9314
vn 0.4234 -0.2969 0.8559
vn 0.2263 0.0714 0.9714
vn 0.0425 0.0526 0.9977
vn 0.0425 0.1410 0.9891
vn 0.0070 0.0401 0.9992
vn 0.0165 0.2473 0.9688
vn 0.0223 0.0899 0.9957
vn 0.0564 0.4660 0.8830
vn 0.0688 0.4241 0.9030
vn 0.0691 0.7618 0.6442
vn -0.0575 0.4802 -0.8753
vn 0.0235 0.2527 -0.9673
vn 0.1370 -0.0488 -0.9894
vn -0.0022 0.0270 -0.9996
vn 0.0556 -0.1526 -0.9867
vn -0.0763 -0.0705 -0.9946
vn -0.0587 0.0235 -0.9980
vn 0.1847 -0.1641 -0.9690
vn 0.1878 -0.1439 -0.9716
vn 0.0801 -0.1826 -0.9799
vn 0.0754 -0.1291 -0.9888
vn 0.0375 -0.1347 -0.9902
vn -0.0138 -0.1603 -0.9870
vn 0.1726 -0.0790 -0.9818
vn 0.1522 -0.0250 -0.9880
vn 0.0532 -0.0764 -0.9957
vn 0.1522 -0.0607 -0.9865
vn 0.1317 -0.0044 -0.9913
vn 0.1068 0.0001 -0.9943
vn 0.1244 -0.0370 -0.9915
vn -0.0081 -0.0135 -0.9999
vn -0.0145 0.0020 -0.9999
vn -0.0047 -0.0123 -0.9999
vn 0.0704 -0.0185 -0.9973
vn -0.0222 -0.0120 -0.9997
vn -0.0146 -0.0047 -0.9999
vn -0.0002 -0.0291 -0.9996
vn 0.0206 -0.0506 -0.9985
vn 0.0154 -0.0271 -0.9995
vn -0.0155 -0.0161 -0.9997
vn -0.0044 -0.0419 -0.9991
vn 0.0108 -0.0729 -0.9973
vn 0.0232 -0.0286 -0.9993
vn 0.0338 -0.0252 -0.9991
vn -0.0292 -0.0445 -0.9986
vn -0.0433 -0.0739 -0.9963
vn -0.0572 -0.0263 -0.9980
vn -0.0555 0.0065 -0.9984
vn 0.0146 0.0008 -0.9999
vn 0.0079 -0.0465 -0.9989
vn -0.0227 -0.0155 -0.9996
vn -0.0296 -0.0016 -0.9996
vn -0.0256 -0.0093 -0.9996
vn -0.0548 -0.0127 -0.9984
vn 0.0008 -0.0014 -1.0000
vn -0.0105 -0.0020 -0.9999
vn -0.0194 -0.0087 -0.9998
vn -0.0201 -0.0077 -0.9998
vn -0.0174 0.0024 -0.9998
vn -0.0932 -0.0013 -0.9956
vn -0.0960 -0.0043 -0.9954
vn -0.1067 -0.0094 -0.9942
vn -0.1120 -0.0194 -0.9935
vn -0.0175 -0.0156 -0.9997
vn -0.1228 -0.0017 -0.9924
vn -0.1229 -0.0060 -0.9924
vn -0.1251 -0.0186 -0.9920
vn -0.1496 -0.0116 -0.9887
vn -0.1771 0.0188 -0.9840
vn -0.1381 -0.0030 -0.9904
vn -0.1089 -0.0085 -0.9940
vn -0.1390 -0.0076 -0.9903
vn -0.2243 -0.0110 -0.9745
vn -0.2373 -0.0201 -0.9712
vn -0.1360 -0.0012 -0.9907
vn -0.1999 -0.0029 -0.9798
vn -0.1305 -0.0000 -0.9914
vn -0.3606 -0.0359 -0.9320
vn -0.6060 -0.0943 -0.7899
vn -0.2502 -0.0649 -0.9660
vn -0.6573 -0.0666 -0.7506
vn -0.1390 -0.0476 -0.9892
vn -0.1850 0.0038 -0.9827
vn -0.0652 0.0023 -0.9979
vn -0.1114 0.0314 -0.9933
vn -0.1925 0.0391 -0.9805
vn -0.0760 -0.0130 -0.9970
vn -0.1666 -0.0056 -0.9860
vn -0.1516 0.0350 -0.9878
vn -0.1549 0.0349 -0.9873
vn -0.1219 0.0409 -0.9917
vn -0.1090 0.0277 -0.9937
vn -0.0412 0.0245 -0.9989
vn -0.0297 0.0172 -0.9994
vn -0.0209 -0.0079 -0.9998
vn -0.0208 0.0078 -0.9998
vn -0.0140 -0.0157 -0.9998
vn -0.0102 -0.0116 -0.9999
vn -0.0679 -0.0176 -0.9975
vn -0.0729 -0.0089 -0.9973
vn -0.0663 -0.0004 -0.9978
vn -0.0351 -0.0101 -0.9993
vn -0.0251 -0.0160 -0.9996
vn -0.0071 -0.0276 -0.9996
vn 0.0096 -0.0244 -0.9997
vn 0.0116 -0.0407 -0.9991
vn 0.0245 -0.0187 -0.9995
vn 0.0333 -0.0382 -0.9987
vn 0.0283 -0.0289 -0.9992
vn 0.0275 -0.0227 -0.9994
vn 0.0408 -0.0237 -0.9989
vn 0.0336 -0.0192 -0.9993
vn 0.0408 -0.0236 -0.9989
vn 0.0340 -0.0151 -0.9993
vn 0.0443 -0.0449 -0.9980
vn 0.0818 -0.0650 -0.9945
vn 0.0488 -0.0534 -0.9974
vn 0.0389 -0.0878 -0.9954
vn 0.0357 -0.0731 -0.9967
vn 0.0841 -0.0658 -0.9943
vn 0.0678 -0.0663 -0.9955
vn 0.0589 -0.0898 -0.9942
vn 0.1240 -0.0447 -0.9913
vn 0.0994 -0.0664 -0.9928
vn 0.0530 -0.0941 -0.9942
vn 0.1975 -0.0264 -0.9800
vn 0.0216 -0.1109 -0.9936
vn 0.2295 -0.0147 -0.9732
vn 0.3500 0.0082 -0.9367
vn 0.3427 -0.0008 -0.9394
vn 0.5463 0.0098 -0.8376
vn 0.5670 -0.0001 -0.8237
vn 0.8048 -0.0074 -0.5935
vn 0.8030 -0.0086 -0.5959
vn 0.7734 -0.1494 -0.6160
vn 0.9464 -0.0137 -0.3227
vn 0.9360 -0.1055 -0.3357
vn 0.8938 -0.2300 -0.3850
vn 0.6878 -0.3341 -0.6444
vn 0.8327 -0.1704 -0.5269
vn 0.6078 -0.2208 -0.7628
vn 0.7748 -0.0542 -0.6298
vn 0.9590 -0.0833 -0.2710
vn 0.9446 -0.0446 -0.3251
vn 0.9357 -0.1095 -0.3353
vn 0.7464 -0.1468 -0.6491
vn 0.8953 -0.3335 -0.2952
vn 0.7090 -0.3926 -0.5858
vn 0.9931 -0.0769 -0.0883
vn 0.9487 -0.3056 -0.0804
vn 0.7584 -0.6493 -0.0572
vn 0.9609 -0.2744 -0.0364
vn 0.9986 -0.0504 -0.0180
vn 0.9998 -0.0184 -0.0088
vn 0.9773 -0.2094 -0.0315
vn 1.0000 0.0057 -0.0012
vn 0.9886 -0.1506 -0.0070
vn 0.9999 0.0132 -0.0036
vn 0.9926 -0.1212 -0.0027
vn 0.8671 -0.4981 -0.0062
vn 0.9930 -0.1150 -0.0251
vn 0.8931 -0.4477 -0.0439
vn 0.6816 -0.7234 -0.1100
vn 0.6086 -0.7934 -0.0152
vn 0.5735 -0.7821 -0.2440
vn 0.4911 -0.8705 -0.0337
vn 0.6892 -0.6123 -0.3874
vn 0.6375 -0.7675 -0.0672
vn 0.5533 -0.8266 0.1034
vn 0.8986 -0.4377 0.0306
vn 0.8556 -0.5021 0.1256
vn 0.8068 -0.5876 -0.0617
vn 0.9235 0.3835 -0.0126
vn 0.4516 0.8919 -0.0220
vn 0.9016 0.4304 -0.0428
vn 0.9831 0.1827 0.0084
vn 0.5319 -0.8452 0.0525
vn 0.6721 -0.7373 -0.0687
vn 0.3020 -0.9497 0.0827
vn 0.2945 -0.9532 -0.0691
vn 0.2836 -0.9509 -0.1237
vn 0.3268 -0.9424 -0.0706
vn 0.3450 -0.9311 -0.1185
vn 0.4392 -0.8963 -0.0612
vn 0.4575 -0.8834 -0.1015
vn 0.5095 -0.8343 -0.2107
vn 0.5779 -0.7718 -0.2652
vn 0.5537 -0.8280 -0.0892
vn 0.5750 -0.8016 -0.1637
vn 0.6308 -0.7537 -0.1842
vn 0.6762 -0.7346 0.0570
vn 0.6246 -0.7809 0.0061
vn 0.6691 -0.7318 -0.1295
vn 0.6857 -0.7137 -0.1434
vn 0.6759 -0.7365 0.0279
vn 0.7978 -0.5911 -0.1188
vn 0.8202 -0.5717 -0.0228
vn 0.8015 -0.5978 0.0138
vn 0.6185 -0.7737 0.1374
vn 0.6053 -0.7366 0.3017
vn 0.5712 -0.7275 0.3800
vn 0.5839 -0.8054 -0.1015
vn 0.5549 -0.8285 0.0759
vn 0.5932 -0.7578 0.2718
vn 0.6290 -0.7393 -0.2406
vn 0.5058 -0.8003 -0.3221
vn 0.5229 -0.7475 -0.4097
vn 0.4613 -0.7104 -0.5315
vn 0.4667 -0.7464 -0.4744
vn 0.6019 -0.6395 -0.4782
vn 0.6884 -0.5420 -0.4819
vn 0.4535 -0.7891 -0.4144
vn 0.5936 -0.7299 -0.3389
vn 0.6976 -0.6538 -0.2931
vn 0.7950 -0.5433 -0.2700
vn 0.7734 -0.4614 -0.4348
vn 0.5112 -0.8481 -0.1393
vn 0.6066 -0.7949 0.0128
vn 0.4140 -0.9094 -0.0407
vn 0.4456 -0.8547 -0.2663
vn 0.4775 -0.8729 -0.1003
vn 0.4961 -0.8075 -0.3192
vn 0.5695 -0.8196 -0.0624
vn 0.6814 -0.6525 -0.3316
vn 0.7348 -0.6782 0.0112
vn 0.7006 -0.6070 0.3751
vn 0.8162 -0.5745 0.0620
vn 0.7207 -0.5735 0.3895
vn 0.4411 -0.5363 0.7196
vn 0.4983 -0.4351 0.7500
vn 0.7856 -0.5333 -0.3137
vn 0.6048 -0.5501 -0.5758
vn 0.6826 -0.4004 -0.6114
vn 0.6039 -0.4950 -0.6248
vn 0.6725 -0.3472 -0.6536
vn 0.6764 -0.5324 -0.5090
vn 0.7389 -0.3917 -0.5482
vn 0.7654 -0.6005 -0.2313
vn 0.8399 -0.4664 -0.2775
vn 0.8961 -0.4428 -0.0295
vn 0.9071 -0.4188 -0.0415
vn 0.8616 -0.4997 -0.0891
vn 0.7655 -0.6385 -0.0794
vn 0.8012 -0.5967 -0.0452
vn 0.7422 -0.6687 -0.0447
vn 0.7829 -0.6211 -0.0368
vn 0.7363 -0.6763 -0.0222
vn 0.7882 -0.6151 -0.0183
vn 0.7408 -0.6717 0.0038
vn 0.7912 -0.6116 -0.0030
vn 0.7664 -0.6416 0.0330
vn 0.8237 -0.5671 0.0009
vn 0.8753 -0.4827 0.0301
vn 0.9161 -0.4004 0.0213
vn 0.9288 -0.3579 0.0960
vn 0.6379 -0.7700 0.0142
vn 0.6555 -0.7513 0.0766
vn 0.5503 -0.8346 0.0263
vn 0.5956 -0.7928 0.1289
vn 0.4552 -0.8891 0.0470
vn 0.5339 -0.8127 0.2336
vn 0.6634 -0.7005 0.2629
vn 0.4223 -0.8350 0.3527
vn 0.5453 -0.7467 0.3809
vn 0.6293 -0.7770 0.0143
vn 0.5598 -0.7242 -0.4027
vn 0.6589 -0.7157 -0.2315
vn 0.7571 -0.6125 0.2273
vn 0.7152 -0.6668 0.2093
vn 0.7778 -0.5893 0.2185
vn 0.8345 -0.4101 0.3680
vn 0.7138 -0.4493 0.5372
vn 0.7478 -0.5402 0.3859
vn 0.7515 -0.6507 0.1089
vn 0.7881 -0.4496 0.4205
vn 0.8802 -0.4581 0.1240
vn 0.9454 -0.1966 0.2599
vn 0.7433 -0.3139 0.5908
vn 0.7007 -0.7132 0.0196
vn 0.7498 -0.6592 0.0578
vn 0.9029 -0.4296 0.0128
vn 0.5836 -0.8069 0.0913
vn 0.9160 -0.4012 -0.0023
vn 0.9919 -0.1257 -0.0186
vn 0.9896 -0.1386 0.0386
vn 0.8293 -0.5552 0.0628
vn 0.8123 -0.5733 -0.1075
vn 0.9157 -0.4002 -0.0370
vn 0.7544 -0.5645 -0.3350
vn 0.7586 -0.2849 -0.5860
vn 0.9916 -0.1253 -0.0332
vn 0.9996 0.0136 -0.0243
vn 0.9993 0.0155 -0.0333
vn 0.9996 0.0105 -0.0253
vn 0.9995 -0.0014 -0.0316
vn 0.9996 -0.0000 -0.0275
vn 0.9964 -0.0081 0.0842
vn 0.9980 -0.0049 0.0633
vn 0.9244 -0.0326 0.3800
vn 0.9380 -0.0549 0.3423
vn 0.7196 -0.0536 0.6924
vn 0.7311 -0.1422 0.6673
vn 0.9276 -0.1211 0.3534
vn 0.7422 -0.2427 0.6247
vn 0.9434 -0.2040 0.2617
vn 0.7761 -0.3725 0.5088
vn 0.5513 -0.4744 0.6863
vn 0.8261 -0.2011 0.5264
vn 0.5894 -0.2525 0.7673
vn 0.3310 -0.2583 0.9076
vn 0.3441 -0.5063 0.7907
vn 0.5932 -0.0687 0.8021
vn 0.3074 -0.0661 0.9493
vn 0.1396 -0.0564 0.9886
vn 0.3041 -0.0330 0.9521
vn 0.1338 -0.0294 0.9906
vn 0.1000 -0.0314 0.9945
vn 0.1051 -0.0482 0.9933
vn 0.1362 -0.0216 0.9904
vn 0.1025 -0.0250 0.9944
vn 0.0738 -0.0318 0.9968
vn 0.0948 -0.0658 0.9933
vn 0.1006 -0.0736 0.9922
vn 0.1048 -0.0431 0.9936
vn 0.1148 -0.0424 0.9925
vn 0.1285 -0.0706 0.9892
vn 0.1091 -0.0720 0.9914
vn 0.1382 -0.0331 0.9899
vn 0.1500 -0.0587 0.9869
vn 0.3243 -0.0406 0.9451
vn 0.3360 -0.0581 0.9401
vn 0.1650 -0.0569 0.9846
vn 0.1225 -0.0511 0.9912
vn 0.3141 -0.0319 0.9488
vn 0.6045 -0.0296 0.7961
vn 0.6098 -0.0313 0.7920
vn 0.3072 -0.0188 0.9515
vn 0.6023 -0.0220 0.7980
vn 0.8398 -0.0301 0.5420
vn 0.8411 -0.0298 0.5401
vn 0.5998 -0.0368 0.7993
vn 0.8386 -0.0354 0.5436
vn 0.9703 -0.0303 0.2398
vn 0.9720 -0.0312 0.2329
vn 0.8345 -0.0541 0.5484
vn 0.9699 -0.0332 0.2413
vn 0.9996 -0.0226 0.0196
vn 0.9993 -0.0271 0.0252
vn 0.9656 -0.1194 0.2312
vn 0.9988 -0.0451 0.0204
vn 0.9994 -0.0179 -0.0303
vn 0.9992 -0.0260 -0.0311
vn 0.9964 -0.0637 0.0560
vn 0.9996 -0.0124 -0.0238
vn 0.9996 -0.0115 -0.0273
vn 0.9996 -0.0192 -0.0227
vn 0.9952 -0.0319 0.0924
vn 0.9997 -0.0046 -0.0223
vn 0.9995 -0.0060 -0.0311
vn 0.9996 -0.0065 -0.0289
vn 0.9995 -0.0186 -0.0259
vn 0.9996 -0.0007 -0.0266
vn 1.0000 0.0012 -0.0059
vn 0.9999 -0.0047 -0.0108
vn 1.0000 -0.0021 0.0053
vn 1.0000 -0.0089 -0.0002
vn 0.9997 -0.0174 -0.0196
vn 1.0000 0.0017 0.0054
vn 1.0000 -0.0008 0.0056
vn 1.0000 -0.0017 0.0088
vn 0.9999 -0.0046 0.0095
vn 0.9998 -0.0099 0.0154
vn 0.9999 -0.0065 0.0115
vn 1.0000 -0.0094 -0.0002
vn 0.9962 -0.0255 -0.0828
vn 0.9970 -0.0257 -0.0732
vn 0.9789 -0.1122 -0.1706
vn 0.9984 -0.0374 -0.0425
vn 0.9921 -0.0603 -0.1096
vn 0.9996 -0.0280 -0.0098
vn 0.9997 -0.0181 0.0162
vn 0.9997 -0.0239 0.0016
vn 0.9995 -0.0285 0.0098
vn 0.9993 -0.0355 0.0067
vn 0.9997 -0.0231 0.0114
vn 0.9993 -0.0369 -0.0065
vn 0.9996 -0.0267 -0.0061
vn 0.9994 -0.0313 -0.0162
vn 0.9994 -0.0252 -0.0227
vn 0.9994 -0.0267 -0.0210
vn 0.9995 -0.0223 -0.0215
vn 0.9994 -0.0278 -0.0228
vn 0.9992 -0.0341 -0.0186
vn 0.9992 -0.0306 -0.0240
vn 0.9992 -0.0287 -0.0279
vn 0.9993 -0.0297 -0.0210
vn 0.9994 -0.0252 -0.0238
vn 0.9994 -0.0255 0.0251
vn 0.9995 -0.0242 -0.0193
vn 0.9995 -0.0246 0.0201
vn 0.9741 -0.0287 0.2243
vn 0.9994 -0.0299 0.0176
vn 0.9752 -0.0291 0.2196
vn 0.8454 -0.0295 0.5333
vn 0.9768 -0.0339 0.2116
vn 0.8586 -0.0454 0.5106
vn 0.6248 -0.0584 0.7786
vn 0.8756 -0.0635 0.4788
vn 0.6470 -0.0581 0.7602
vn 0.3405 -0.0420 0.9393
vn 0.6685 -0.0300 0.7431
vn 0.3501 -0.0149 0.9366
vn 0.1660 -0.0162 0.9860
vn 0.1641 -0.0256 0.9861
vn 0.1268 -0.0259 0.9916
vn 0.1179 -0.0229 0.9928
vn 0.1013 -0.0347 0.9943
vn 0.0947 -0.0292 0.9951
vn 0.0997 -0.0353 0.9944
vn 0.0796 -0.0339 0.9962
vn 0.0763 -0.0295 0.9966
vn 0.0827 -0.0602 0.9948
vn 0.0714 -0.0296 0.9970
vn 0.0784 -0.0422 0.9960
vn 0.0944 -0.0543 0.9941
vn 0.0551 -0.0340 0.9979
vn 0.0551 -0.0417 0.9976
vn 0.0590 -0.0377 0.9975
vn 0.1084 -0.0459 0.9930
vn 0.0634 -0.0344 0.9974
vn 0.0368 -0.0331 0.9988
vn 0.0374 -0.0304 0.9988
vn 0.0372 -0.0361 0.9987
vn 0.0593 -0.0356 0.9976
vn 0.0372 -0.0365 0.9986
vn 0.0523 -0.0363 0.9980
vn 0.0356 -0.0402 0.9986
vn 0.0451 -0.0390 0.9982
vn 0.0737 -0.0352 0.9967
vn 0.0379 -0.0437 0.9983
vn 0.0588 -0.0465 0.9972
vn 0.1106 -0.0540 0.9924
vn 0.1183 -0.0441 0.9920
vn 0.1835 -0.0658 0.9808
vn 0.1462 -0.0751 0.9864
vn 0.1158 -0.0594 0.9915
vn 0.2230 -0.1668 0.9604
vn 0.1699 -0.1707 0.9706
vn 0.1555 -0.1304 0.9792
vn 0.1274 -0.1799 0.9754
vn 0.0880 0.0777 0.9931
vn -0.2897 0.3854 0.8761
vn -0.1634 0.7879 0.5938
vn -0.5254 0.8096 0.2616
vn -0.3145 0.9349 0.1642
vn -0.0979 0.9952 0.0015
vn 0.1188 0.9914 -0.0542
vn -0.3310 0.9329 0.1418
vn -0.1115 0.9885 0.1023
vn 0.1181 0.9891 0.0885
vn 0.3296 0.9410 0.0768
vn 0.3287 0.9426 -0.0584
vn -0.0842 0.8599 0.5035
vn 0.1071 0.8617 0.4960
vn 0.3014 0.8342 0.4618
vn 0.5220 0.7610 0.3853
vn 0.5490 0.8339 0.0577
vn 0.0452 0.3423 0.9385
vn 0.1410 0.3793 0.9145
vn 0.3078 0.4324 0.8475
vn 0.4958 0.4546 0.7400
vn 0.6953 0.6621 0.2798
vn -0.0350 -0.0699 0.9969
vn 0.0137 0.0366 0.9992
vn 0.1267 0.0954 0.9874
vn 0.2098 0.0667 0.9755
vn 0.6204 0.3745 0.6891
vn -0.0534 -0.0111 0.9985
vn -0.0172 -0.0182 0.9997
vn 0.0591 -0.0222 0.9980
vn -0.0773 -0.0527 0.9956
vn -0.0351 -0.0615 0.9975
vn -0.0078 -0.0648 0.9979
vn 0.1168 -0.0280 0.9928
vn 0.2907 0.0136 0.9567
vn 0.1681 -0.0192 0.9856
vn 0.3993 -0.0139 0.9167
vn 0.7855 0.0573 0.6162
vn 0.7251 0.2001 0.6589
vn 0.9757 0.1381 0.1702
vn 0.9229 0.3439 0.1730
vn 0.8095 0.5511 0.2023
vn 0.8209 0.5711 0.0001
vn 0.7193 0.6934 0.0422
vn 0.9270 0.3695 -0.0647
vn 0.8632 0.3529 -0.3610
vn 0.8058 0.5553 -0.2058
vn 0.9782 0.1651 -0.1257
vn 0.8481 0.1523 -0.5074
vn 0.4425 0.0912 -0.8921
vn 0.5540 0.2451 -0.7956
vn 0.9778 0.0071 -0.2095
vn 0.7616 -0.0047 -0.6480
vn 0.3268 -0.0088 -0.9451
vn 0.0560 -0.0083 -0.9984
vn 0.0937 0.0354 -0.9950
vn 0.6138 -0.1619 -0.7727
vn 0.2157 -0.0939 -0.9719
vn 0.0108 -0.0530 -0.9985
vn -0.1187 -0.0269 -0.9926
vn -0.0656 -0.0054 -0.9978
vn 0.1342 -0.1160 -0.9841
vn -0.0306 -0.0319 -0.9990
vn -0.1630 0.0172 -0.9865
vn -0.2313 0.0462 -0.9718
vn -0.2383 -0.0107 -0.9711
vn -0.0641 0.0348 -0.9973
vn -0.1554 0.1011 -0.9827
vn -0.1455 0.1065 -0.9836
vn -0.1544 0.1411 -0.9779
vn -0.0285 0.0665 -0.9974
vn -0.1591 0.0318 -0.9867
vn -0.2522 -0.0115 -0.9676
vn 0.1179 0.0377 -0.9923
vn -0.2522 -0.0419 -0.9668
vn -0.1637 -0.0169 -0.9864
vn -0.1726 -0.0454 -0.9839
vn -0.0789 -0.0048 -0.9969
vn -0.0320 0.0167 -0.9993
vn -0.0350 0.0057 -0.9994
vn -0.0079 0.0208 -0.9998
vn 0.1494 0.0864 -0.9850
vn 0.0081 0.0266 -0.9996
vn 0.2311 0.1800 -0.9561
vn 0.6290 0.4413 -0.6401
vn 0.2710 0.3208 -0.9075
vn 0.6073 0.6262 -0.4890
vn 0.7091 0.6970 -0.1063
vn 0.4792 0.7856 -0.3913
vn 0.5367 0.8403 -0.0770
vn 0.3153 0.8972 -0.3091
vn 0.2560 0.4767 -0.8410
vn 0.2129 0.6041 -0.7680
vn 0.0534 0.1378 -0.9890
vn 0.0810 0.1954 -0.9774
vn -0.0094 -0.0010 -1.0000
vn 0.0345 0.0390 -0.9986
vn 0.1632 0.1366 -0.9771
vn 0.0342 -0.0760 -0.9965
vn 0.2329 0.0755 -0.9696
vn 0.6009 0.3268 -0.7294
vn 0.3247 -0.2315 -0.9171
vn 0.7304 -0.1365 -0.6692
vn 0.9911 -0.0450 -0.1252
vn 0.8793 0.4726 -0.0592
vn 0.6970 -0.4546 -0.5545
vn 0.9053 -0.4178 -0.0765
vn 0.8670 -0.3115 0.3890
vn 0.7383 -0.2662 -0.6197
vn 0.7070 0.0241 -0.7068
vn 0.4475 0.2760 -0.8506
vn 0.5928 0.2821 -0.7544
vn 0.6477 0.5851 -0.4880
vn 0.6810 0.4789 0.5540
vn 0.2756 -0.0981 0.9563
vn 0.2954 0.2078 0.9325
vn 0.1284 -0.1363 0.9823
vn 0.0978 0.1034 0.9898
vn 0.0523 -0.1526 0.9869
vn -0.0212 0.0269 0.9994
vn 0.0457 0.0080 0.9989
vn -0.0594 -0.0168 0.9981
vn -0.0315 -0.0632 0.9975
vn 0.1152 -0.1972 0.9736
vn 0.1658 -0.1329 0.9772
vn -0.0054 -0.0429 0.9991
vn 0.1152 -0.1088 0.9874
vn 0.0580 0.0734 0.9956
vn 0.1578 0.0945 0.9829
vn 0.1983 0.1965 0.9602
vn 0.1825 0.2423 0.9529
vn 0.1332 0.2571 0.9572
vn 0.0064 0.2108 0.9775
vn 0.0463 0.0894 0.9949
vn -0.0006 0.0814 0.9967
vn 0.0427 0.0490 0.9979
vn 0.0987 0.0267 0.9948
vn 0.1158 0.1404 0.9833
vn 0.0181 -0.0061 0.9998
vn 0.2028 0.2245 0.9531
vn 0.0276 -0.0137 0.9995
vn -0.0791 -0.1049 0.9913
vn 0.0196 -0.0026 0.9998
vn -0.1909 -0.1286 0.9732
vn -0.0110 0.0075 0.9999
vn -0.2823 -0.1199 0.9518
vn 0.0037 -0.0069 1.0000
vn 0.3062 0.1215 0.9442
vn 0.2267 0.1632 0.9602
vn -0.0167 -0.0197 0.9997
vn -0.0424 -0.1085 0.9932
vn 0.0208 -0.2487 0.9684
vn -0.5376 -0.5567 0.6333
vn -0.5785 -0.6680 0.4680
vn -0.6879 -0.6283 0.3633
vn -0.3714 -0.3820 0.8462
vn -0.6746 -0.7119 0.1954
vn -0.7781 -0.6088 0.1547
vn -0.7050 -0.7088 0.0250
vn -0.8285 -0.5600 -0.0069
vn -0.7214 -0.6764 -0.1486
vn -0.8624 -0.4551 -0.2216
vn -0.7449 -0.5726 -0.3424
vn -0.8676 -0.2803 -0.4106
vn -0.5975 -0.3413 -0.7256
vn -0.8591 -0.1963 -0.4726
vn 0.1192 -0.1718 -0.9779
vn -0.1083 0.2725 -0.9560
vn -0.0229 0.1186 -0.9927
vn 0.0877 0.0882 -0.9922
vn -0.0173 0.1564 -0.9875
vn 0.0456 -0.0197 -0.9988
vn 0.1091 0.0231 -0.9938
vn 0.1000 0.2079 -0.9730
vn -0.0088 0.0241 -0.9997
vn -0.1219 0.1680 -0.9782
vn -0.0500 0.0630 -0.9968
vn -0.0768 0.0636 -0.9950
vn 0.0814 -0.0990 -0.9918
vn 0.2821 -0.2924 -0.9137
vn 0.0952 -0.1079 -0.9896
vn 0.3004 -0.3157 -0.9000
vn 0.5702 -0.5700 -0.5916
vn 0.5341 -0.5069 -0.6766
vn 0.4266 -0.2755 -0.8614
vn 0.7447 -0.4528 -0.4903
vn 0.9170 -0.1976 -0.3466
vn 0.9765 -0.1972 0.0864
vn 0.8530 -0.5219 0.0084
vn 0.7230 -0.6812 -0.1147
vn 0.7593 -0.4669 0.4532
vn 0.7103 -0.6314 0.3111
vn 0.7488 -0.6381 0.1795
vn 0.7236 -0.6305 -0.2808
vn 0.8541 -0.5195 0.0251
vn 0.7849 -0.4957 -0.3717
vn 0.9145 -0.3985 -0.0699
vn 0.8399 -0.3894 -0.3780
vn 0.5556 -0.5250 0.6448
vn 0.5244 -0.4683 0.7111
vn 0.1917 -0.2110 0.9585
vn 0.2340 -0.2873 0.9288
vn -0.1765 0.0678 0.9820
vn -0.1305 0.0551 0.9899
vn -0.3320 0.1859 0.9248
vn -0.1329 0.0595 0.9893
vn -0.3501 0.1463 0.9252
vn -0.3033 0.1271 0.9444
vn -0.3453 0.0739 0.9356
vn -0.4138 0.0749 0.9073
vn -0.3313 -0.0139 0.9434
vn -0.4759 -0.0173 0.8793
vn -0.3228 -0.1002 0.9411
vn -0.5372 -0.1119 0.8360
vn -0.3326 -0.1791 0.9259
vn -0.6033 -0.2218 0.7660
vn -0.7819 -0.1405 0.6074
vn -0.6118 -0.3716 0.6983
vn -0.7836 -0.3673 0.5010
vn -0.9490 -0.3146 0.0223
vn -0.9946 -0.0226 0.1012
vn -0.7859 -0.1934 -0.5873
vn -0.7854 -0.0148 -0.6188
vn -0.3891 -0.0862 -0.9172
vn -0.4105 -0.0704 -0.9091
vn -0.1148 -0.0221 -0.9931
vn -0.3702 -0.1302 -0.9198
vn -0.1362 -0.0260 -0.9903
vn -0.0423 0.0009 -0.9991
vn -0.1464 -0.0977 -0.9844
vn -0.0471 -0.0160 -0.9988
vn 0.0236 0.0654 -0.9976
vn -0.0727 -0.1434 -0.9870
vn -0.3015 -0.2384 -0.9232
vn -0.1398 -0.3247 -0.9354
vn 0.0493 -0.3013 -0.9523
vn -0.4756 -0.5301 -0.7020
vn -0.6910 -0.3582 -0.6278
vn -0.8196 -0.5697 -0.0602
vn -0.5183 -0.8442 -0.1367
vn -0.6829 -0.6003 0.4163
vn -0.4038 -0.8129 0.4196
vn -0.5352 -0.5133 0.6709
vn -0.3369 -0.6079 0.7191
vn -0.0406 -0.6041 0.7959
vn -0.1942 -0.3139 0.9294
vn -0.0116 -0.3014 0.9534
vn 0.0929 -0.2287 0.9690
vn 0.1528 -0.5055 0.8492
vn 0.0889 -0.1598 0.9831
vn 0.1922 -0.3954 0.8982
vn 0.0530 -0.1144 0.9920
vn 0.1511 -0.3308 0.9315
vn 0.2167 -0.3130 0.9247
vn 0.1227 -0.3073 0.9437
vn 0.1365 -0.2938 0.9461
vn 0.1501 -0.3224 0.9346
vn 0.1107 -0.2987 0.9479
vn 0.2751 -0.2950 0.9150
vn 0.1849 -0.2707 0.9447
vn 0.0424 -0.1294 0.9907
vn 0.3698 -0.1656 0.9143
vn 0.1109 -0.0580 0.9921
vn -0.0184 -0.0033 0.9998
vn 0.0470 0.0447 0.9979
vn 0.2704 0.2361 0.9333
vn 0.1797 0.2562 0.9498
vn 0.3489 0.2668 0.8984
vn -0.0158 -0.0141 0.9998
vn -0.0597 -0.0272 0.9978
vn -0.3132 -0.0494 0.9484
vn -0.3189 0.0521 0.9464
vn -0.0359 0.0253 0.9990
vn -0.0019 -0.0039 1.0000
vn -0.0485 0.0021 0.9988
vn -0.0071 -0.0085 0.9999
vn -0.3216 0.1242 0.9387
vn 0.3940 -0.1671 0.9038
vn 0.0249 -0.0647 0.9976
vn 0.0413 -0.0945 0.9947
vn -0.1695 0.1900 0.9670
vn -0.2792 0.1643 0.9461
vn -0.0812 0.0615 0.9948
vn -0.1038 0.0268 0.9942
vn -0.0686 0.0397 0.9969
vn 0.1713 -0.1516 0.9735
vn 0.2607 -0.0854 0.9616
vn 0.2977 -0.0216 0.9544
vn -0.1767 0.0950 0.9797
vn -0.0989 0.0431 0.9942
vn -0.0393 -0.0078 0.9992
vn 0.3160 0.0370 0.9480
vn -0.7865 0.1454 0.6002
vn -0.7570 -0.0896 0.6472
vn -0.6666 -0.3134 0.6763
vn -0.9737 -0.1062 0.2016
vn -0.8848 -0.4002 0.2387
vn -0.6907 -0.6757 0.2577
vn -0.9111 -0.3998 0.1005
vn -0.7116 -0.6982 0.0791
vn -0.9002 -0.4141 0.1348
vn -0.6695 -0.7374 0.0895
vn -0.9119 -0.0980 0.3986
vn -0.5588 -0.1914 0.8069
vn -0.1496 0.0704 0.9862
vn 0.1685 -0.0292 0.9853
vn 0.0218 -0.0545 0.9983
vn 0.0100 -0.0815 0.9966
vn -0.2399 -0.1168 0.9638
vn -0.8141 0.1509 0.5607
vn -0.6136 0.3588 0.7034
vn 0.1277 0.0568 0.9902
vn -0.9849 -0.1074 0.1356
vn -0.9692 0.1726 0.1758
vn -0.9037 0.4054 0.1381
vn -0.8090 0.5747 0.1238
vn -0.4261 0.3782 0.8218
vn -0.9661 0.1636 0.1998
vn -0.9118 0.3826 0.1489
vn -0.8124 0.5773 0.0827
vn -0.6703 0.7377 0.0808
vn -0.6842 0.6999 0.2050
vn -0.7880 0.3362 0.5158
vn -0.7295 0.5220 0.4419
vn -0.5934 0.6871 0.4192
vn -0.4415 0.7771 0.4486
vn -0.5115 0.8488 0.1341
vn -0.2361 0.1669 0.9573
vn -0.2242 0.2761 0.9346
vn -0.1694 0.3386 0.9256
vn -0.1054 0.3345 0.9365
vn -0.2862 0.8245 0.4881
vn 0.0976 -0.1298 0.9867
vn 0.0699 -0.0888 0.9936
vn 0.0333 -0.0868 0.9957
vn 0.0131 -0.0850 0.9963
vn -0.0247 0.3335 0.9424
vn -0.0359 0.0968 0.9947
vn -0.0359 0.1002 0.9943
vn -0.0030 0.1054 0.9944
vn 0.0233 0.0723 0.9971
vn -0.0091 -0.1019 0.9948
vn -0.0648 0.2094 0.9757
vn 0.0050 0.2020 0.9794
vn 0.0732 0.1598 0.9844
vn 0.0400 0.0519 0.9978
vn -0.0175 0.0207 0.9996
vn -0.0524 -0.0411 0.9978
vn -0.3071 -0.2787 0.9099
vn -0.3424 -0.2452 0.9070
vn -0.0959 0.2037 0.9743
vn 0.0350 -0.0916 0.9952
vn -0.3024 0.3104 0.9012
vn 0.2342 -0.1864 0.9541
vn 0.2468 -0.0827 0.9655
vn 0.2870 -0.1233 0.9500
vn 0.3041 -0.0620 0.9506
vn 0.1832 -0.0498 0.9818
vn 0.1126 -0.0574 0.9920
vn 0.0869 -0.0462 0.9951
vn 0.0602 -0.0592 0.9964
vn 0.0531 -0.0697 0.9962
vn 0.0578 -0.0668 0.9961
vn 0.0453 -0.0754 0.9961
vn 0.0459 -0.0695 0.9965
vn 0.0400 -0.0721 0.9966
vn 0.0338 -0.0673 0.9972
vn 0.0905 -0.0878 0.9920
vn 0.0325 -0.0690 0.9971
vn 0.1608 -0.1035 0.9815
vn 0.2784 -0.1327 0.9512
vn 0.1424 -0.1115 0.9835
vn 0.2033 -0.1131 0.9726
vn 0.3407 -0.1332 0.9307
vn 0.2250 -0.0932 0.9699
vn 0.3690 -0.1068 0.9233
vn 0.2479 -0.0501 0.9675
vn 0.4289 -0.0562 0.9016
vn 0.2248 -0.0376 0.9737
vn 0.4664 -0.0458 0.8834
vn 0.0415 -0.0615 0.9972
vn 0.0236 -0.0578 0.9981
vn 0.0324 -0.0852 0.9958
vn 0.0308 -0.0860 0.9958
vn 0.0335 -0.0815 0.9961
vn 0.0366 -0.0637 0.9973
vn 0.0347 -0.0896 0.9954
vn 0.0255 -0.0999 0.9947
vn 0.0354 -0.0791 0.9962
vn 0.0370 -0.0700 0.9969
vn 0.0400 -0.0746 0.9964
vn 0.0584 -0.0761 0.9954
vn 0.0476 -0.0799 0.9957
vn 0.0381 -0.0669 0.9970
vn 0.0493 -0.0782 0.9957
vn 0.0440 -0.0711 0.9965
vn 0.0421 -0.0865 0.9954
vn 0.0358 -0.0769 0.9964
vn 0.0306 -0.0819 0.9962
vn 0.0264 -0.0876 0.9958
vn 0.0171 -0.0906 0.9957
vn 0.0118 -0.1058 0.9943
vn 0.0029 -0.1013 0.9949
vn 0.0001 -0.1032 0.9947
vn -0.0232 -0.1098 0.9937
vn -0.0243 -0.1026 0.9944
vn -0.0254 -0.0934 0.9953
vn -0.0487 -0.1118 0.9925
vn -0.0518 -0.0983 0.9938
vn -0.0523 -0.0689 0.9962
vn -0.0351 -0.0200 0.9992
vn -0.0524 -0.0467 0.9975
vn -0.0449 0.0519 0.9976
vn -0.0501 -0.0541 0.9973
vn -0.0412 -0.0157 0.9990
vn -0.0700 0.1592 0.9848
vn -0.1211 0.0595 0.9909
vn -0.1301 0.2137 0.9682
vn -0.0828 0.5075 0.8577
vn -0.2078 -0.0858 0.9744
vn -0.2048 0.1290 0.9703
vn -0.4135 0.0659 0.9081
vn -0.3518 0.3715 0.8592
vn -0.2420 0.5793 0.7784
vn -0.1514 0.6830 0.7146
vn -0.4460 0.4665 0.7639
vn -0.3612 0.4088 0.8381
vn -0.6484 0.2005 0.7345
vn -0.4298 -0.0762 0.8997
vn -0.6989 -0.0328 0.7144
vn -0.7133 -0.1124 0.6918
vn -0.9037 -0.1022 0.4159
vn -0.9070 -0.0334 0.4198
vn -0.9338 0.0269 0.3567
vn -0.4368 -0.1155 0.8921
vn -0.4417 -0.0937 0.8922
vn -0.7220 -0.0964 0.6851
vn -0.2083 -0.0936 0.9736
vn -0.2039 -0.1025 0.9736
vn -0.2000 -0.0877 0.9759
vn -0.2020 -0.0729 0.9767
vn -0.4465 -0.0701 0.8920
vn -0.1039 -0.0952 0.9900
vn -0.1069 -0.0908 0.9901
vn -0.1061 -0.0742 0.9916
vn -0.1065 -0.0659 0.9921
vn -0.2074 -0.0605 0.9764
vn -0.0786 -0.1068 0.9912
vn -0.0859 -0.0815 0.9930
vn -0.0918 -0.0708 0.9933
vn -0.0992 -0.0751 0.9922
vn -0.1159 -0.0642 0.9912
vn -0.0641 -0.0987 0.9930
vn -0.0721 -0.0791 0.9943
vn -0.0782 -0.0820 0.9936
vn -0.0786 -0.0678 0.9946
vn -0.1039 -0.0648 0.9925
vn -0.0542 -0.0916 0.9943
vn -0.0562 -0.0830 0.9950
vn -0.0514 -0.0691 0.9963
vn -0.0499 -0.0491 0.9975
vn -0.0759 -0.0471 0.9960
vn -0.0239 -0.0831 0.9963
vn -0.0234 -0.0707 0.9972
vn -0.0203 -0.0517 0.9985
vn -0.0218 -0.0412 0.9989
vn -0.0485 -0.0382 0.9981
vn 0.0077 -0.0752 0.9971
vn 0.0072 -0.0541 0.9985
vn 0.0071 -0.0468 0.9989
vn 0.0095 -0.0436 0.9990
vn -0.0293 -0.0391 0.9988
vn 0.0256 -0.0616 0.9978
vn 0.0243 -0.0470 0.9986
vn 0.0320 -0.0402 0.9987
vn 0.0352 -0.0445 0.9984
vn 0.0103 -0.0407 0.9991
vn 0.0444 -0.0514 0.9977
vn 0.0397 -0.0404 0.9984
vn 0.0661 -0.0593 0.9961
vn 0.0627 -0.0492 0.9968
vn 0.0470 -0.0707 0.9964
vn 0.0632 -0.0734 0.9953
vn 0.0471 -0.0842 0.9953
vn 0.0561 -0.0817 0.9951
vn 0.0307 -0.0810 0.9962
vn 0.0316 -0.0908 0.9954
vn 0.0118 -0.0876 0.9961
vn 0.0108 -0.0994 0.9950
vn -0.0233 -0.1014 0.9946
vn -0.0483 -0.1097 0.9928
vn -0.0600 -0.1174 0.9913
vn -0.0710 -0.1013 0.9923
vn -0.0589 -0.1034 0.9929
vn -0.0675 -0.0500 0.9965
vn -0.1068 -0.0748 0.9915
vn 0.0058 -0.0346 0.9994
vn -0.0352 -0.0277 0.9990
vn -0.0341 -0.0347 0.9988
vn -0.0344 -0.0370 0.9987
vn -0.0474 -0.0350 0.9983
vn -0.0479 -0.0334 0.9983
vn -0.0590 -0.0470 0.9972
vn -0.0736 -0.0342 0.9967
vn -0.0754 -0.0379 0.9964
vn -0.0910 -0.0445 0.9949
vn -0.0999 -0.0377 0.9943
vn -0.1031 -0.0483 0.9935
vn -0.1213 -0.0422 0.9917
vn -0.1251 -0.0495 0.9909
vn -0.1239 -0.0607 0.9904
vn -0.2039 -0.0511 0.9777
vn -0.2059 -0.0596 0.9768
vn -0.2088 -0.0572 0.9763
vn -0.4448 -0.0598 0.8936
vn -0.4475 -0.0572 0.8924
vn -0.4496 -0.0571 0.8914
vn -0.7252 -0.0498 0.6868
vn -0.7226 -0.0547 0.6891
vn -0.7225 -0.0684 0.6880
vn -0.9239 -0.0414 0.3804
vn -0.9193 -0.0533 0.3899
vn -0.9115 -0.0800 0.4034
vn -0.9919 -0.0274 0.1236
vn -0.9897 -0.0487 0.1345
vn -0.9855 -0.0820 0.1484
vn -0.9990 -0.0364 0.0249
vn -0.9976 -0.0659 0.0214
vn -0.9972 -0.0737 0.0103
vn -0.9903 -0.0577 0.1262
vn -0.9484 0.3170 -0.0000
vn -0.6914 0.7223 0.0155
vn -0.9959 -0.0880 0.0227
vn -0.7387 0.6738 0.0176
vn -0.9965 -0.0798 0.0248
vn -0.7348 0.6779 0.0215
vn -0.9978 -0.0633 0.0220
vn -0.9997 -0.0024 0.0239
vn -0.9984 -0.0556 0.0121
vn -0.9999 -0.0070 0.0072
vn -0.9978 -0.0656 0.0091
vn -0.7287 0.6848 0.0045
vn -0.9973 -0.0738 -0.0002
vn -0.9981 -0.0609 0.0047
vn -0.9970 -0.0771 -0.0105
vn -0.9981 -0.0604 -0.0125
vn -0.9962 0.0054 -0.0868
vn -0.9888 0.1309 -0.0716
vn -0.9896 -0.1074 -0.0956
vn -0.9571 -0.0405 -0.2871
vn -0.9963 -0.0857 -0.0037
vn -0.9975 -0.0704 0.0062
vn -0.9908 -0.1147 -0.0723
vn -0.9975 -0.0701 0.0029
vn -0.9986 -0.0531 0.0048
vn -0.9994 -0.0331 0.0076
vn -0.9990 -0.0444 0.0089
vn -0.9975 -0.0695 0.0090
vn -0.9990 -0.0439 0.0064
vn -0.9998 -0.0186 0.0101
vn -0.9999 0.0002 0.0155
vn -0.9998 -0.0126 0.0123
vn -0.9993 -0.0352 0.0114
vn -0.9999 -0.0059 0.0141
vn -0.9998 0.0067 0.0164
vn -0.9998 -0.0011 0.0184
vn -0.9998 -0.0025 0.0205
vn -0.9999 -0.0032 0.0139
vn -0.9999 0.0064 0.0107
vn -1.0000 -0.0015 0.0094
vn -0.9995 -0.0300 0.0112
vn -0.9995 -0.0270 0.0191
vn -0.9999 0.0020 0.0107
vn -1.0000 -0.0062 0.0062
vn -0.9996 -0.0281 0.0057
vn -0.9982 -0.0597 0.0114
vn -0.9980 -0.0620 0.0124
vn -0.9999 -0.0146 0.0093
vn -0.9996 -0.0280 0.0047
vn -0.9985 -0.0539 0.0050
vn -0.9955 -0.0935 0.0124
vn -0.9947 -0.1015 0.0173
vn -0.9993 -0.0332 0.0168
vn -0.9985 -0.0521 0.0147
vn -0.9965 -0.0811 0.0208
vn -0.9967 -0.0728 0.0346
vn -0.9958 -0.0886 0.0243
vn -0.9896 -0.0494 0.1349
vn -0.9866 -0.0791 0.1428
vn -0.9870 -0.0660 0.1466
vn -0.9873 -0.0222 0.1576
vn -0.9982 -0.0339 0.0504
vn -0.9150 -0.0874 0.3940
vn -0.9142 -0.0729 0.3987
vn -0.9150 -0.0276 0.4025
vn -0.9159 -0.0266 0.4005
vn -0.9852 -0.0218 0.1699
vn -0.7255 -0.0842 0.6830
vn -0.7288 -0.0476 0.6830
vn -0.7307 -0.0422 0.6814
vn -0.7332 -0.0313 0.6793
vn -0.9151 -0.0195 0.4027
vn -0.4299 -0.0673 0.9004
vn -0.4258 -0.0485 0.9035
vn -0.4215 -0.0469 0.9056
vn -0.4236 -0.0520 0.9044
vn -0.7323 -0.0462 0.6794
vn -0.1788 -0.0462 0.9828
vn -0.1700 -0.0440 0.9845
vn -0.1598 -0.0489 0.9859
vn -0.1621 -0.0411 0.9859
vn -0.4159 -0.0453 0.9083
vn -0.0971 -0.0303 0.9948
vn -0.0856 -0.0418 0.9955
vn -0.0846 -0.0465 0.9953
vn -0.0917 -0.0358 0.9951
vn -0.1685 -0.0304 0.9852
vn -0.0830 -0.0333 0.9960
vn -0.0725 -0.0450 0.9964
vn -0.0711 -0.0419 0.9966
vn -0.0745 -0.0373 0.9965
vn -0.0995 -0.0320 0.9945
vn -0.0280 -0.0391 0.9988
vn -0.0261 -0.0460 0.9986
vn -0.0282 -0.0399 0.9988
vn -0.0315 -0.0320 0.9990
vn -0.0775 -0.0272 0.9966
vn -0.0152 -0.0440 0.9989
vn -0.0131 -0.0423 0.9990
vn -0.0128 -0.0328 0.9994
vn -0.0120 -0.0314 0.9994
vn -0.0357 -0.0284 0.9990
vn -0.0213 -0.0402 0.9990
vn -0.0169 -0.0286 0.9994
vn -0.0134 -0.0301 0.9995
vn -0.0123 -0.0319 0.9994
vn -0.0148 -0.0291 0.9995
vn 0.0130 -0.0276 0.9995
vn 0.0105 -0.0299 0.9995
vn 0.0097 -0.0324 0.9994
vn 0.0085 -0.0243 0.9997
vn -0.0146 -0.0201 0.9997
vn 0.0296 -0.0296 0.9991
vn 0.0297 -0.0330 0.9990
vn 0.0270 -0.0290 0.9992
vn 0.0221 -0.0272 0.9994
vn 0.0041 -0.0204 0.9998
vn 0.0540 -0.0342 0.9980
vn 0.0510 -0.0344 0.9981
vn 0.0456 -0.0339 0.9984
vn 0.0419 -0.0294 0.9987
vn 0.0179 -0.0267 0.9995
vn 0.0669 -0.0382 0.9970
vn 0.0655 -0.0373 0.9972
vn 0.0673 -0.0284 0.9973
vn 0.0693 -0.0190 0.9974
vn 0.0410 -0.0189 0.9990
vn 0.0830 -0.0349 0.9959
vn 0.0866 -0.0250 0.9959
vn 0.0859 -0.0209 0.9961
vn 0.0819 -0.0163 0.9965
vn 0.0639 -0.0069 0.9979
vn 0.1040 -0.0254 0.9943
vn 0.0998 -0.0250 0.9947
vn 0.1017 -0.0121 0.9947
vn 0.1147 0.0457 0.9924
vn 0.0795 0.0133 0.9967
vn 0.1245 -0.0282 0.9918
vn 0.1275 -0.0019 0.9918
vn 0.1354 0.0827 0.9873
vn 0.1353 0.1966 0.9711
vn 0.1322 0.1502 0.9798
vn 0.1732 -0.0038 0.9849
vn 0.1564 0.0674 0.9854
vn 0.1200 0.1462 0.9820
vn 0.0783 0.1534 0.9851
vn 0.1253 0.2507 0.9599
vn 0.3670 0.0117 0.9302
vn 0.3386 0.0287 0.9405
vn 0.2975 -0.0206 0.9545
vn 0.2484 -0.3291 0.9111
vn 0.0586 -0.1470 0.9874
vn 0.6968 -0.0706 0.7138
vn 0.6380 -0.2376 0.7325
vn 0.4936 -0.5571 0.6679
vn 0.2844 -0.8354 0.4704
vn 0.1802 -0.7747 0.6061
vn 0.2889 -0.6720 0.6818
vn 0.1463 -0.8832 0.4456
vn 0.0494 -0.9580 0.2825
vn 0.1570 -0.9308 0.3301
vn 0.0570 -0.9188 0.3906
vn 0.0260 -0.9380 0.3457
vn 0.2209 -0.9270 0.3031
vn 0.7785 -0.5977 0.1915
vn 0.7056 -0.0165 0.7084
vn 0.3804 -0.0141 0.9247
vn 0.7007 -0.0134 0.7134
vn 0.8591 -0.0188 0.5114
vn 0.7159 -0.0184 0.6979
vn 0.8655 -0.0216 0.5004
vn 0.9770 -0.0173 0.2125
vn 0.9766 -0.0309 0.2128
vn 0.9991 -0.0165 -0.0385
vn 0.9991 -0.0202 -0.0385
vn 0.9999 -0.0153 0.0012
vn 1.0000 -0.0056 -0.0062
vn 1.0000 0.0022 -0.0080
vn 1.0000 -0.0040 -0.0038
vn 0.9991 -0.0109 0.0414
vn 0.9950 -0.0210 0.0972
vn 0.9769 -0.0347 0.2107
vn 0.9407 -0.0203 0.3386
vn 1.0000 0.0030 0.0057
vn 0.8258 -0.0434 0.5623
vn 0.6048 -0.0439 0.7951
vn 0.4624 -0.0352 0.8860
vn 0.4135 -0.1440 0.8991
vn 0.8909 -0.2844 0.3542
vn 0.8886 -0.3418 0.3058
vn 0.9887 -0.1328 0.0690
vn 0.8062 -0.0862 -0.5853
vn 0.6325 -0.2265 -0.7407
vn 0.9775 -0.0190 -0.2101
vn 0.9036 -0.1038 -0.4156
vn 1.0000 0.0049 -0.0076
vn 0.9998 0.0029 -0.0212
vn 0.9858 -0.1588 -0.0537
vn 0.9993 0.0188 0.0318
vn 0.9963 -0.0698 0.0508
vn 0.9937 0.0124 0.1117
vn 0.9936 0.0067 -0.1125
vn 0.9622 -0.0944 -0.2555
vn 0.9994 0.0266 0.0201
vn 0.9940 0.0107 -0.1091
vn 0.9998 -0.0136 0.0158
vn 0.9938 -0.0099 -0.1103
vn 0.9987 -0.0158 0.0483
vn 0.9985 -0.0103 -0.0534
vn 0.9968 -0.0329 -0.0725
vn 0.9989 -0.0349 0.0304
vn 0.9978 -0.0525 -0.0397
vn 0.9948 -0.0403 -0.0930
vn 0.9915 -0.0085 -0.1296
vn 0.9970 -0.0771 -0.0047
vn 0.9959 -0.0860 -0.0288
vn 0.9967 -0.0723 -0.0380
vn 0.9984 -0.0558 -0.0129
vn 0.9995 -0.0214 -0.0238
vn 0.9959 -0.0876 -0.0214
vn 0.9966 -0.0809 -0.0137
vn 0.9972 -0.0747 -0.0045
vn 0.9963 -0.0701 -0.0494
vn 0.9975 -0.0466 -0.0539
vn 0.9988 -0.0487 -0.0068
vn 0.9987 -0.0503 -0.0014
vn 0.9978 -0.0479 -0.0463
vn 0.9721 -0.0484 -0.2294
vn 0.9757 -0.0676 -0.2085
vn 0.9998 -0.0213 -0.0005
vn 0.9987 -0.0203 -0.0471
vn 0.9690 -0.0161 -0.2464
vn 0.8350 -0.0129 -0.5501
vn 0.8456 -0.0502 -0.5314
vn 0.9982 -0.0261 -0.0544
vn 0.9659 -0.0221 -0.2580
vn 0.8213 -0.0229 -0.5701
vn 0.5555 -0.0359 -0.8308
vn 0.5868 -0.0284 -0.8092
vn 0.9606 -0.0255 -0.2769
vn 0.8072 -0.0205 -0.5899
vn 0.5427 -0.0179 -0.8397
vn 0.3534 -0.0187 -0.9353
vn 0.3534 -0.0474 -0.9343
vn 0.3770 -0.0582 -0.9244
vn 0.2418 -0.0238 -0.9700
vn 0.2416 -0.0542 -0.9689
vn 0.2343 -0.0659 -0.9699
vn 0.2197 -0.0332 -0.9750
vn 0.4057 -0.0484 -0.9127
vn 0.1423 -0.0537 -0.9884
vn 0.1195 -0.0427 -0.9919
vn 0.0974 -0.0127 -0.9952
vn 0.0969 0.0054 -0.9953
vn 0.2114 -0.0023 -0.9774
vn 0.0821 -0.0192 -0.9964
vn 0.0715 -0.0049 -0.9974
vn 0.0760 -0.0047 -0.9971
vn 0.0915 -0.0108 -0.9957
vn 0.1151 0.0109 -0.9933
vn 0.0544 -0.0048 -0.9985
vn 0.0599 -0.0145 -0.9981
vn 0.0689 -0.0252 -0.9973
vn 0.0800 -0.0326 -0.9963
vn 0.1083 -0.0191 -0.9939
vn 0.0502 -0.0211 -0.9985
vn 0.0540 -0.0310 -0.9981
vn 0.0567 -0.0401 -0.9976
vn 0.0603 -0.0509 -0.9969
vn 0.0946 -0.0412 -0.9947
vn 0.0518 -0.0287 -0.9982
vn 0.0452 -0.0377 -0.9983
vn 0.0407 -0.0511 -0.9979
vn 0.0351 -0.0481 -0.9982
vn 0.0630 -0.0531 -0.9966
vn 0.0335 -0.0281 -0.9990
vn 0.0203 -0.0411 -0.9989
vn 0.0001 -0.0282 -0.9996
vn -0.0162 0.0182 -0.9997
vn 0.0323 0.0172 -0.9993
vn -0.0075 -0.0224 -0.9997
vn -0.0226 -0.0058 -0.9997
vn -0.0205 0.0130 -0.9997
vn -0.0028 -0.1205 -0.9927
vn -0.0147 -0.0982 -0.9951
vn -0.0353 0.0034 -0.9994
vn -0.0395 0.0079 -0.9992
vn -0.0484 -0.1328 -0.9900
vn -0.0494 -0.3307 -0.9425
vn 0.0056 -0.3237 -0.9462
vn -0.0693 0.0212 -0.9974
vn -0.0952 -0.1174 -0.9885
vn -0.1047 -0.3488 -0.9313
vn -0.0761 -0.3318 -0.9403
vn -0.0391 -0.2890 -0.9565
vn -0.0177 -0.1021 -0.9946
vn -0.0341 -0.3448 -0.9380
vn -0.0589 -0.3545 -0.9332
vn -0.0712 -0.1940 -0.9784
vn -0.0479 -0.1648 -0.9852
vn -0.0402 -0.3068 -0.9509
vn -0.0660 -0.3224 -0.9443
vn -0.0893 -0.2067 -0.9743
vn -0.0934 0.0251 -0.9953
vn -0.0793 0.0763 -0.9939
vn -0.1010 -0.3234 -0.9408
vn -0.0935 -0.2138 -0.9724
vn -0.0921 -0.0443 -0.9948
vn -0.1038 0.3038 -0.9471
vn -0.1037 0.3193 -0.9420
vn -0.0885 -0.2088 -0.9740
vn -0.0932 -0.1013 -0.9905
vn -0.0988 0.2695 -0.9579
vn -0.0999 -0.1182 -0.9879
vn -0.1083 0.1843 -0.9769
vn -0.1027 -0.1318 -0.9859
vn -0.1066 0.0690 -0.9919
vn -0.1034 0.3453 -0.9328
vn -0.1387 0.5723 -0.8082
vn -0.0395 -0.0028 -0.9992
vn -0.0496 0.1755 -0.9832
vn -0.0885 0.5722 -0.8153
vn -0.3180 0.3280 -0.8895
vn -0.1583 0.8747 -0.4580
vn -0.1901 0.8241 -0.5336
vn -0.3024 0.0812 -0.9497
vn -0.8430 0.1249 -0.5232
vn -0.8511 0.2156 -0.4787
vn -0.2459 -0.0963 -0.9645
vn -0.7538 -0.2653 -0.6011
vn -0.9116 -0.3346 -0.2387
vn -0.9539 0.2518 -0.1635
vn -0.1555 -0.9073 -0.3907
vn -0.1757 -0.9821 -0.0677
vn -0.1664 -0.9852 -0.0420
vn 0.4600 -0.8792 0.1239
vn 0.5398 -0.8252 0.1663
vn 0.6076 -0.7929 0.0457
vn 0.5212 -0.8259 0.2150
vn 0.6006 -0.7978 0.0524
vn 0.2739 -0.9609 0.0411
vn -0.5121 -0.8580 -0.0395
vn -0.4632 -0.8419 -0.2769
vn -0.5207 -0.8536 0.0135
vn -0.9544 -0.2536 -0.1578
vn -0.9667 -0.2152 -0.1385
vn -0.9677 -0.2510 -0.0250
vn -0.9401 -0.3103 0.1415
vn -0.5212 -0.8102 0.2683
vn -0.9949 -0.0462 -0.0899
vn -0.9980 -0.0626 -0.0077
vn -0.9944 -0.0622 0.0857
vn -0.9975 -0.0116 0.0704
vn -0.9771 -0.0518 -0.2064
vn -0.8677 -0.2679 -0.4187
vn -0.8899 -0.0941 -0.4465
vn -0.8830 -0.0474 -0.4669
vn -0.9849 -0.1202 -0.1243
vn -0.9787 -0.0804 -0.1887
vn -0.9655 -0.0679 -0.2513
vn -0.8967 -0.0438 -0.4405
vn -0.9513 -0.0608 -0.3023
vn -0.9119 -0.0368 -0.4087
vn -0.9886 -0.0491 -0.1423
vn -0.9139 -0.0284 -0.4049
vn -0.9369 -0.0387 -0.3473
vn -0.9195 -0.0299 -0.3921
vn -0.6788 -0.0435 -0.7330
vn -0.7501 -0.0370 -0.6603
vn -0.0906 0.0114 -0.9958
vn -0.9057 -0.1303 -0.4034
vn -0.2418 -0.1473 -0.9591
vn -0.0404 -0.1752 -0.9837
vn -0.4310 -0.3881 -0.8146
vn -0.0064 -0.3789 -0.9254
vn -0.0458 -0.4024 -0.9143
vn -0.1044 -0.1549 -0.9824
vn -0.1124 -0.3662 -0.9237
vn -0.1393 -0.1198 -0.9830
vn -0.1317 -0.3165 -0.9394
vn -0.1427 -0.1084 -0.9838
vn -0.0419 -0.1069 -0.9934
vn -0.0182 0.0248 -0.9995
vn -0.0628 0.0051 -0.9980
vn -0.0364 -0.0130 -0.9993
vn 0.0058 -0.0177 -0.9998
vn 0.0388 -0.0253 -0.9989
vn 0.0504 -0.0285 -0.9983
vn 0.0416 -0.0123 -0.9991
vn 0.0523 -0.0119 -0.9986
vn 0.0930 -0.0492 -0.9944
vn 0.1406 -0.0411 -0.9892
vn -0.0854 -0.3699 -0.9251
vn -0.0562 -0.3830 -0.9220
vn -0.0871 -0.1956 -0.9768
vn -0.0741 -0.3297 -0.9412
vn -0.1161 -0.2354 -0.9649
vn -0.9705 -0.2257 -0.0845
vn -0.9484 -0.3018 -0.0976
vn -0.5061 -0.8610 0.0507
vn 0.1149 -0.9926 0.0396
vn 0.1799 -0.9814 -0.0673
vn 0.5014 -0.8615 -0.0797
vn 0.4984 -0.8661 0.0384
vn 0.6630 -0.7447 -0.0763
vn 0.6794 -0.7320 0.0506
vn 0.7033 -0.7075 -0.0692
vn 0.7200 -0.6917 0.0571
vn 0.6909 -0.6429 0.3308
vn 0.6916 -0.7201 0.0560
vn 0.6074 -0.7253 0.3240
vn 0.5702 -0.8202 0.0455
vn 0.4384 -0.8972 -0.0535
vn -0.5755 -0.8174 -0.0266
vn -0.2102 -0.9772 0.0290
vn 0.6878 -0.7231 -0.0645
vn -0.9966 -0.0821 0.0092
vn -0.9618 -0.2736 0.0092
vn -0.9652 0.2607 0.0182
vn -0.9867 0.1611 0.0229
vn -0.9998 -0.0127 0.0166
vn -0.7977 0.6022 0.0322
vn -0.9037 0.4267 0.0354
vn -0.9755 -0.2202 0.0040
vn -0.7017 0.7114 0.0387
vn -0.6885 0.7248 0.0253
vn -0.9169 0.3974 0.0381
vn -0.8618 0.5067 0.0234
vn -0.8514 0.5239 0.0251
vn -0.8611 0.5079 0.0208
vn -0.8612 0.5077 0.0232
vn -0.3993 0.9166 0.0178
vn -0.4243 0.9052 0.0228
vn -0.4283 0.9031 0.0305
vn -0.8614 0.5076 0.0191
vn -0.9282 0.3676 -0.0574
vn -0.2624 0.9642 0.0377
vn -0.2090 0.9778 0.0156
vn -0.7114 0.7027 -0.0106
vn -0.6840 0.7295 0.0010
vn -0.8256 0.5638 -0.0226
vn -0.7196 0.6931 -0.0422
vn -0.8177 0.5755 0.0122
vn -0.8640 0.5033 0.0162
vn -0.8714 0.4894 -0.0339
vn -0.8806 0.4683 -0.0725
vn -0.7263 0.6873 0.0084
vn -0.7424 0.6699 0.0129
vn -0.7808 0.6246 0.0125
vn -0.2227 0.9748 0.0133
vn -0.2631 0.9646 0.0189
vn -0.3233 0.9463 0.0081
vn -0.7631 0.6462 -0.0016
vn -0.3635 0.9314 0.0188
vn -0.3439 0.9386 0.0257
vn -0.3438 0.9388 0.0195
vn -0.3341 0.9425 0.0010
vn -0.3926 0.9197 -0.0003
vn -0.8469 0.5311 0.0267
vn -0.8486 0.5286 0.0215
vn -0.8471 0.5313 0.0077
vn -0.8518 0.5237 0.0137
vn -0.3230 0.9463 0.0104
vn -0.9682 0.2495 0.0213
vn -0.9724 0.2329 0.0112
vn -0.9703 0.2418 0.0062
vn -0.9556 0.2943 0.0162
vn -0.8725 0.4879 0.0269
vn -0.6898 0.7239 0.0121
vn -0.6849 0.7286 0.0073
vn -0.6613 0.7500 0.0124
vn -0.6294 0.7768 0.0197
vn -0.9322 0.3615 0.0159
vn -0.6630 0.7485 0.0144
vn -0.7167 0.6973 0.0125
vn -0.7740 0.6330 0.0129
vn -0.8334 0.5525 0.0159
vn -0.6253 0.7802 0.0183
vn -0.7008 0.7113 0.0540
vn -0.9093 0.4156 0.0230
vn -0.9098 0.4149 0.0073
vn -0.9044 0.4140 0.1032
vn -0.9459 0.2341 0.2246
vn -0.8527 0.5073 0.1247
vn -0.9170 0.2275 0.3275
vn -0.9531 0.1759 0.2462
vn -0.9455 0.3224 0.0451
vn -0.9047 0.0456 0.4235
vn -0.5662 0.1028 0.8179
vn -0.7892 -0.4269 0.4415
vn -0.0882 0.1150 0.9894
vn -0.5915 0.1382 0.7944
vn -0.0336 0.0263 0.9991
vn -0.0547 0.3170 0.9469
vn -0.0357 0.8567 0.5145
vn -0.0515 -0.0940 0.9942
vn -0.0733 0.1201 0.9900
vn -0.0589 0.6850 0.7261
vn -0.0310 0.9656 0.2584
vn -0.0231 0.9952 0.0950
vn -0.0742 -0.0605 0.9954
vn -0.0776 0.3638 0.9282
vn -0.0359 0.8716 0.4888
vn -0.0712 0.0445 0.9965
vn -0.0432 0.6834 0.7287
vn -0.0597 -0.1426 0.9880
vn -0.0456 0.4117 0.9102
vn -0.0428 0.7163 0.6964
vn -0.0620 0.4738 0.8785
vn -0.0438 0.1722 0.9841
vn -0.0383 0.6213 0.7826
vn -0.0533 0.5269 0.8482
vn -0.0662 0.2569 0.9642
vn -0.0512 0.2260 0.9728
vn -0.0298 0.5324 0.8460
vn -0.0314 0.5449 0.8379
vn -0.0389 0.2590 0.9651
vn -0.0402 0.2907 0.9560
vn -0.0615 0.2823 0.9573
vn -0.0246 0.5524 0.8332
vn -0.0261 0.2681 0.9630
vn -0.0236 0.2745 0.9613
vn -0.0231 0.2788 0.9601
vn -0.0434 0.2706 0.9617
vn -0.0139 0.2979 0.9545
vn -0.0037 0.2694 0.9630
vn 0.0037 0.2941 0.9558
vn 0.0547 0.5421 0.8385
vn 0.0185 0.4394 0.8981
vn 0.0225 0.2792 0.9600
vn 0.0354 0.3156 0.9482
vn 0.0937 0.6181 0.7805
vn 0.1540 0.9506 0.2696
vn 0.1426 0.9229 0.3575
vn 0.1580 0.9658 0.2056
vn 0.1646 0.9855 -0.0418
vn 0.1594 0.9854 -0.0598
vn 0.1629 0.9848 -0.0602
vn 0.1532 0.9828 -0.1032
vn 0.1691 0.9808 -0.0972
vn 0.1813 0.9806 -0.0742
vn 0.1732 0.9841 -0.0390
vn 0.1929 0.9797 -0.0548
vn 0.1800 0.9836 0.0143
vn 0.1240 0.8633 0.4892
vn 0.1098 0.9831 0.1467
vn 0.0275 0.7745 0.6320
vn -0.0329 0.3647 0.9305
vn -0.1714 0.7278 0.6640
vn -0.1272 0.4320 0.8929
vn -0.0685 0.2957 0.9528
vn -0.2067 0.5856 0.7838
vn -0.1006 0.3989 0.9115
vn -0.0492 0.2663 0.9626
vn -0.0790 0.4598 0.8845
vn -0.0743 0.1249 0.9894
vn -0.1516 0.1817 0.9716
vn -0.1593 0.7503 0.6417
vn -0.0678 0.8203 0.5679
vn -0.1379 0.6277 0.7661
vn -0.2476 -0.4455 0.8603
vn -0.3695 -0.1247 0.9208
vn -0.2733 -0.6502 0.7090
vn -0.3438 -0.2555 0.9036
vn -0.5279 0.0338 0.8486
vn -0.2913 0.7650 0.5744
vn -0.8244 0.2297 0.5173
vn -0.4908 0.8191 0.2970
vn -0.4142 0.8647 0.2839
vn -0.2616 0.8282 0.4957
vn -0.6297 0.7713 0.0921
vn -0.5713 0.8190 0.0531
vn -0.6712 0.7368 0.0811
vn -0.6146 0.7882 0.0315
vn -0.7691 0.6384 0.0304
vn -0.6102 0.7915 0.0353
vn -0.7971 0.6031 0.0320
vn -0.4091 0.9122 0.0243
vn -0.3994 0.9167 0.0152
vn -0.3732 0.9275 0.0217
vn -0.3795 0.9252 0.0051
vn -0.8863 0.4627 0.0173
vn -0.8891 0.4577 0.0069
vn -0.8692 0.4940 0.0211
vn -0.8682 0.4956 0.0251
vn -0.3375 0.9410 0.0263
vn -0.4533 0.8910 0.0242
vn -0.4438 0.8961 0.0086
vn -0.8335 0.5516 0.0322
vn -0.8360 0.5487 0.0104
vn -0.7981 0.6025 -0.0022
vn -0.5790 0.8152 0.0120
vn -0.6620 0.7495 0.0071
vn -0.7298 0.6837 0.0061
vn -0.6228 0.7814 0.0379
vn -0.7638 0.6440 0.0422
vn -0.8271 0.5611 0.0330
vn -0.9983 0.0147 0.0565
vn -0.9984 -0.0231 0.0518
vn -0.9982 -0.0586 0.0121
vn -0.9612 -0.2712 0.0494
vn -0.9663 -0.2572 0.0095
vn -0.9943 -0.0885 -0.0587
vn -0.9858 -0.1399 -0.0930
vn -0.9528 -0.2451 -0.1790
vn -0.8824 0.4214 -0.2094
vn -0.8855 -0.4075 -0.2233
vn -0.8753 0.4275 -0.2259
vn -0.6003 -0.7575 -0.2566
vn -0.6983 -0.6277 -0.3440
vn -0.9211 0.1822 -0.3439
vn -0.3947 -0.7516 -0.5285
vn -0.5755 0.3392 -0.7441
vn -0.1815 0.5958 -0.7823
vn -0.1664 -0.6828 -0.7114
vn -0.9132 0.1838 -0.3638
vn 0.3083 0.5811 -0.7532
vn 0.2580 -0.6444 -0.7199
vn -0.9568 0.2863 0.0499
vn -0.9254 0.3788 0.0153
vn -0.3568 0.9337 0.0284
vn -0.2763 0.9609 0.0156
vn -0.0164 0.9997 0.0156
vn -0.0166 0.9998 0.0136
vn -0.0147 0.9999 0.0090
vn 0.0035 0.9999 0.0114
vn 0.0090 0.9999 0.0104
vn 0.0017 0.9998 0.0200
vn -0.0228 0.9997 0.0126
vn -0.0167 0.9993 0.0342
vn 0.0200 0.9996 0.0220
vn 0.0177 0.9993 0.0344
vn 0.0172 0.9994 0.0285
vn -0.0353 0.9989 0.0312
vn -0.0395 0.9990 0.0196
vn -0.0207 0.9996 0.0199
vn -0.2450 0.9695 0.0116
vn -0.2281 0.9735 -0.0140
vn -0.3234 0.9463 0.0041
vn -0.3211 0.9467 -0.0257
vn -0.3234 0.9071 -0.2695
vn -0.3132 0.9496 -0.0149
vn -0.3236 0.9255 -0.1971
vn -0.3133 0.8336 -0.4550
vn -0.1969 0.9723 -0.1256
vn -0.2474 0.8995 -0.3601
vn -0.2764 0.7798 -0.5617
vn -0.2824 0.8006 -0.5285
vn -0.2496 0.6355 -0.7307
vn -0.2171 0.6544 -0.7243
vn -0.1697 0.4291 -0.8872
vn -0.1438 0.6087 -0.7803
vn -0.1068 0.3947 -0.9126
vn -0.0822 0.3099 -0.9472
vn -0.1192 0.3019 -0.9459
vn -0.0873 0.3232 -0.9423
vn -0.1142 0.3556 -0.9277
vn -0.0899 0.3244 -0.9416
vn -0.0700 0.3339 -0.9400
vn -0.0736 0.3192 -0.9448
vn -0.0549 0.0858 -0.9948
vn -0.0478 0.3166 -0.9473
vn -0.0399 0.0824 -0.9958
vn -0.0309 -0.1432 -0.9892
vn -0.0143 0.0792 -0.9968
vn -0.0083 -0.1541 -0.9880
vn 0.0014 -0.2896 -0.9572
vn 0.0161 -0.1676 -0.9857
vn 0.0105 -0.2901 -0.9569
vn -0.0018 -0.3130 -0.9497
vn 0.0393 -0.2843 -0.9579
vn 0.0438 -0.3091 -0.9500
vn 0.0416 -0.0855 -0.9955
vn 0.0894 -0.3304 -0.9396
vn 0.0924 -0.0750 -0.9929
vn 0.0720 0.0330 -0.9969
vn 0.0693 -0.0907 -0.9935
vn 0.1019 0.0235 -0.9945
vn 0.1118 -0.0447 -0.9927
vn 0.1216 -0.0200 -0.9924
vn 0.1335 -0.0299 -0.9906
vn 0.1219 -0.0263 -0.9922
vn 0.1439 -0.0318 -0.9891
vn 0.1538 -0.0265 -0.9877
vn 0.1431 0.0022 -0.9897
vn 0.2377 -0.0268 -0.9710
vn 0.2188 0.0166 -0.9756
vn 0.2119 0.0155 -0.9772
vn 0.4407 0.0053 -0.8976
vn 0.4223 -0.0072 -0.9064
vn 0.4164 -0.0285 -0.9087
vn 0.6897 -0.0232 -0.7237
vn 0.6438 -0.0538 -0.7633
vn 0.6185 -0.0485 -0.7843
vn 0.8665 -0.0658 -0.4947
vn 0.8932 -0.0297 -0.4487
vn 0.9792 -0.0398 -0.1990
vn 0.9071 -0.0268 -0.4200
vn 0.9812 -0.0326 -0.1902
vn 0.9988 -0.0210 -0.0454
vn 0.9815 -0.0414 -0.1871
vn 0.9996 -0.0195 -0.0188
vn 0.9995 -0.0086 -0.0316
vn 0.9996 -0.0060 -0.0272
vn 0.9999 0.0010 -0.0170
vn 0.9999 0.0025 -0.0120
vn 0.9995 0.0100 -0.0299
vn 0.9999 -0.0088 -0.0087
vn 0.9999 -0.0033 -0.0141
vn 0.9861 0.0117 -0.1659
vn 0.9631 -0.0050 -0.2691
vn 0.9998 -0.0144 -0.0133
vn 0.9939 -0.0018 -0.1105
vn 0.9766 -0.2143 -0.0195
vn 0.9700 -0.2065 -0.1286
vn 0.9057 -0.4233 -0.0238
vn 0.8982 -0.4053 -0.1700
vn 0.6391 -0.2764 -0.7177
vn 0.9483 -0.2256 -0.2234
vn 0.5604 -0.1305 -0.8179
vn 0.0564 -0.0269 -0.9980
vn 0.1076 -0.0513 -0.9929
vn -0.0152 -0.0396 -0.9991
vn 0.0034 -0.0207 -0.9998
vn -0.0106 -0.0211 -0.9997
vn -0.0448 -0.0491 -0.9978
vn 0.4121 -0.0563 -0.9094
vn -0.0503 -0.0515 -0.9974
vn 0.3694 -0.0057 -0.9293
vn 0.9009 0.0389 -0.4323
vn 0.9267 -0.0255 -0.3750
vn -0.0325 -0.1535 -0.9876
vn -0.2331 -0.0485 -0.9713
vn -0.0857 -0.0148 -0.9962
vn 0.2336 0.2121 -0.9489
vn 0.4161 0.0979 -0.9040
vn 0.9000 0.2958 -0.3201
vn 0.8084 0.3942 -0.4371
vn 0.9426 0.3332 -0.0231
vn 0.9334 0.3586 -0.0115
vn 0.9340 0.3574 -0.0017
vn 0.9631 0.2690 0.0049
vn 0.9714 -0.2366 -0.0205
vn 0.9704 -0.2414 -0.0036
vn 0.9696 -0.1765 0.1693
vn 0.9408 0.3029 0.1523
vn 0.9040 -0.4275 0.0002
vn 0.9778 -0.2095 0.0018
vn 0.9999 -0.0154 -0.0048
vn 0.6435 0.2107 0.7358
vn 0.6008 0.2240 0.7674
vn 0.9536 0.2578 0.1558
vn 0.6155 -0.0510 0.7865
vn 0.0171 0.0203 0.9996
vn 0.0313 0.1002 0.9945
vn 0.0548 0.0530 0.9971
vn 0.0003 0.0208 0.9998
vn -0.0107 0.0886 0.9960
vn 0.1174 -0.0046 0.9931
vn 0.7767 -0.0611 0.6268
vn 0.7261 0.0275 0.6870
vn 0.1526 -0.1027 0.9829
vn 0.7997 -0.3233 0.5059
vn 0.8700 -0.4780 -0.1213
vn 0.9938 -0.0979 0.0535
vn 0.9973 0.0293 0.0674
vn 0.7980 -0.5929 -0.1076
vn 0.7517 -0.6577 -0.0491
vn 0.3644 -0.9218 -0.1320
vn 0.1260 -0.9323 -0.3391
vn 0.0167 -0.7478 -0.6638
vn -0.0286 -0.4002 -0.9160
vn 0.0268 -0.3343 -0.9421
vn 0.0220 -0.0482 -0.9986
vn 0.0059 -0.0290 -0.9996
vn 0.1075 -0.2602 -0.9595
vn 0.0956 -0.0780 -0.9924
vn 0.1028 -0.2066 -0.9730
vn 0.0937 -0.0362 -0.9949
vn 0.0919 0.4037 -0.9103
vn 0.0939 0.5778 -0.8107
vn 0.0834 0.1199 -0.9893
vn 0.0905 0.4713 -0.8773
vn 0.1041 0.4818 -0.8701
vn 0.1202 0.4162 -0.9013
vn 0.1024 0.4244 -0.8997
vn 0.1006 0.4736 -0.8750
vn 0.0991 0.3844 -0.9178
vn 0.1101 0.4392 -0.8916
vn 0.1551 0.8156 -0.5575
vn 0.1503 0.7363 -0.6598
vn 0.1086 0.3622 -0.9257
vn 0.1168 0.4878 -0.8651
vn 0.1541 0.8466 -0.5095
vn 0.1620 0.9861 -0.0381
vn 0.1618 0.9850 -0.0604
vn 0.1006 0.5212 -0.8475
vn 0.1405 0.8529 -0.5028
vn 0.1591 0.9859 -0.0521
vn 0.1665 0.9833 0.0737
vn 0.1600 0.9830 0.0896
vn 0.1297 0.8461 -0.5170
vn 0.1638 0.9835 -0.0767
vn 0.1733 0.9835 0.0526
vn 0.1778 0.9810 0.0780
vn 0.1721 0.9813 0.0861
vn 0.1788 0.9790 -0.0982
vn 0.1855 0.9816 0.0460
vn 0.1866 0.9798 0.0719
vn 0.1907 0.9785 0.0786
vn 0.1810 0.9794 0.0891
vn 0.1943 0.9803 0.0355
vn 0.2001 0.9779 0.0614
vn 0.2051 0.9765 0.0657
vn 0.2114 0.9751 0.0667
vn 0.1965 0.9775 0.0762
vn 0.2022 0.9783 0.0455
vn 0.2079 0.9767 0.0536
vn 0.2178 0.9746 0.0523
vn 0.2316 0.9714 0.0518
vn 0.2207 0.9731 0.0664
vn 0.1710 0.9847 0.0336
vn 0.1898 0.9813 0.0314
vn 0.2082 0.9775 0.0327
vn 0.2247 0.9739 0.0323
vn 0.2455 0.9681 0.0504
vn 0.0820 0.9966 0.0101
vn 0.0957 0.9954 0.0085
vn 0.1103 0.9938 0.0095
vn 0.1212 0.9926 0.0088
vn 0.2387 0.9708 0.0245
vn -0.1416 0.9899 -0.0091
vn -0.1326 0.9911 -0.0092
vn -0.1223 0.9925 -0.0036
vn -0.1178 0.9930 0.0033
vn 0.1278 0.9917 0.0121
vn -0.3073 0.9515 -0.0157
vn -0.3060 0.9520 -0.0087
vn -0.3061 0.9520 -0.0007
vn -0.3105 0.9506 0.0046
vn -0.1134 0.9935 0.0040
vn -0.3383 0.9410 -0.0060
vn -0.3431 0.9393 0.0028
vn -0.3486 0.9372 0.0109
vn -0.3519 0.9359 0.0180
vn -0.3171 0.9483 0.0152
vn -0.3231 0.9464 0.0043
vn -0.3158 0.9488 0.0101
vn -0.3040 0.9526 0.0147
vn -0.2940 0.9556 0.0202
vn -0.3520 0.9358 0.0213
vn -0.1267 0.9918 0.0147
vn -0.1189 0.9928 0.0159
vn -0.1058 0.9942 0.0188
vn -0.0943 0.9955 0.0114
vn -0.2839 0.9587 0.0182
vn 0.0168 0.9997 0.0197
vn 0.0285 0.9995 0.0135
vn 0.0345 0.9994 0.0081
vn 0.0233 0.9997 0.0105
vn -0.0855 0.9963 0.0068
vn 0.0200 0.9998 0.0063
vn 0.0292 0.9995 0.0082
vn 0.0223 0.9996 0.0192
vn 0.0207 0.9998 0.0054
vn 0.0164 0.9999 0.0051
vn 0.0002 1.0000 0.0063
vn 0.0112 0.9997 0.0218
vn -0.0448 0.9989 0.0168
vn -0.2726 0.9618 0.0233
vn 0.0279 0.9996 -0.0011
vn -0.6825 0.7305 0.0241
vn -0.8374 0.5430 0.0625
vn -0.9689 -0.2467 0.0208
vn -0.8759 -0.4738 0.0916
vn -0.9075 -0.4190 0.0279
vn -0.8914 -0.4264 0.1537
vn -0.9995 0.0156 0.0286
vn -0.9841 0.0900 0.1533
vn -0.9532 0.1986 0.2281
vn -0.6624 0.7487 0.0265
vn -0.9990 0.0033 -0.0454
vn -0.5772 0.8166 0.0030
vn -0.5809 0.8130 0.0405
vn -0.5226 0.8525 0.0026
vn -0.9990 0.0369 -0.0266
vn -0.9979 0.0494 0.0425
vn -0.8622 -0.5052 -0.0370
vn -0.8998 -0.4361 0.0117
vn -0.9454 -0.3240 0.0355
vn -0.9996 -0.0217 -0.0183
vn -0.9882 0.1507 0.0287
vn -0.5134 0.8581 -0.0068
vn -0.4239 0.9053 0.0253
vn -0.0146 0.9998 0.0126
vn -0.0153 0.9997 0.0183
vn 0.0059 0.9998 0.0163
vn -0.0048 0.9998 0.0200
vn -0.0054 0.9999 0.0140
vn 0.0109 0.9997 0.0222
vn 0.0149 0.9998 0.0106
vn 0.0246 0.9997 0.0075
vn -0.1313 0.9913 0.0058
vn -0.1310 0.9914 0.0058
vn -0.1157 0.9932 0.0162
vn 0.0250 0.9996 0.0136
vn -0.0782 0.9968 0.0138
vn -0.2976 0.9547 0.0042
vn -0.2669 0.9637 0.0040
vn -0.3331 0.9428 -0.0116
vn -0.3280 0.9447 -0.0052
vn -0.3071 0.9516 -0.0105
vn -0.3075 0.9515 0.0015
vn -0.1469 0.9891 0.0022
vn -0.1593 0.9872 -0.0102
vn 0.0620 0.9981 0.0032
vn 0.0229 0.9988 -0.0425
vn 0.1536 0.9879 0.0215
vn 0.1274 0.9896 -0.0663
vn -0.0497 0.9782 -0.2016
vn 0.0709 0.9242 -0.3752
vn -0.1260 0.8568 -0.5000
vn -0.0043 0.6362 -0.7715
vn 0.1670 0.9607 -0.2217
vn 0.0906 0.7361 -0.6708
vn 0.0093 0.4323 -0.9017
vn -0.0429 0.3825 -0.9230
vn -0.0223 0.3642 -0.9311
vn -0.0552 0.3324 -0.9415
vn -0.0389 0.3609 -0.9318
vn 0.0191 0.3958 -0.9181
vn 0.0045 0.3865 -0.9223
vn -0.0083 0.3241 -0.9460
vn 0.0475 0.3957 -0.9171
vn 0.0407 0.3325 -0.9422
vn 0.0269 0.0755 -0.9968
vn 0.0706 0.3375 -0.9387
vn 0.0568 0.0856 -0.9947
vn 0.0404 -0.1667 -0.9852
vn 0.0713 0.0943 -0.9930
vn 0.0618 -0.1654 -0.9843
vn 0.0688 -0.2981 -0.9521
vn 0.0791 -0.1725 -0.9818
vn 0.0715 -0.3114 -0.9476
vn 0.0580 -0.3404 -0.9385
vn 0.0728 -0.2995 -0.9513
vn 0.0550 -0.3312 -0.9420
vn 0.0821 -0.1374 -0.9871
vn 0.1274 -0.3579 -0.9250
vn 0.1437 -0.1728 -0.9744
vn 0.1395 -0.0419 -0.9893
vn 0.3399 -0.1532 -0.9279
vn 0.2925 -0.0383 -0.9555
vn 0.2639 -0.0364 -0.9639
vn 0.5731 -0.0255 -0.8191
vn 0.5235 -0.0275 -0.8516
vn 0.4774 -0.0206 -0.8784
vn 0.7810 -0.0224 -0.6241
vn 0.7636 -0.0212 -0.6453
vn 0.7378 -0.0117 -0.6749
vn 0.8999 -0.0361 -0.4345
vn 0.7868 -0.0349 -0.6163
vn 0.6193 -0.0866 -0.7804
vn 0.1025 -0.3198 -0.9419
vn 0.0931 -0.2100 -0.9733
vn 0.0914 -0.1853 -0.9784
vn 0.0859 -0.0517 -0.9950
vn 0.0845 -0.1501 -0.9851
vn 0.0762 0.0521 -0.9957
vn 0.0822 0.3571 -0.9305
vn 0.0939 0.3009 -0.9490
vn 0.0802 0.3455 -0.9350
vn 0.0857 0.3613 -0.9285
vn 0.1016 0.4109 -0.9060
vn 0.0663 0.3755 -0.9244
vn 0.0577 0.3952 -0.9168
vn 0.0889 0.3773 -0.9218
vn 0.0482 0.4077 -0.9118
vn 0.0667 0.5099 -0.8576
vn 0.0734 0.5221 -0.8497
vn 0.0508 0.4854 -0.8728
vn 0.1292 0.8049 -0.5792
vn 0.1352 0.8315 -0.5388
vn 0.1819 0.9745 -0.1315
vn 0.1934 0.9811 0.0011
vn -0.3196 0.9475 0.0009
vn -0.0110 0.9999 0.0014
vn -0.6118 0.7906 -0.0269
vn -0.6483 0.7614 -0.0014
vn -0.9875 -0.1517 -0.0430
vn -0.9841 -0.1761 -0.0224
vn -0.8825 -0.4681 -0.0453
vn 0.0158 0.9995 0.0268
vn 0.0216 0.9997 0.0125
vn 0.0217 0.9998 0.0039
vn -0.0010 0.9987 0.0519
vn -0.0408 0.9985 0.0355
vn -0.0695 0.9975 0.0089
vn -0.2151 0.9714 0.1003
vn -0.2459 0.9692 0.0160
vn -0.2659 0.9639 0.0155
vn -0.3349 0.9420 0.0208
vn -0.3403 0.9399 0.0268
vn -0.3478 0.9372 0.0256
vn -0.3241 0.9455 0.0321
vn -0.3228 0.9460 0.0294
vn -0.3205 0.9470 0.0223
vn -0.1296 0.9912 0.0269
vn -0.1192 0.9926 0.0216
vn -0.1128 0.9935 0.0132
vn 0.1294 0.9915 0.0158
vn 0.1335 0.9910 0.0114
vn 0.1326 0.9911 0.0096
vn 0.2494 0.9684 0.0080
vn 0.2497 0.9682 0.0134
vn 0.2469 0.9689 0.0194
vn 0.2702 0.9627 0.0168
vn 0.2666 0.9635 0.0244
vn 0.2586 0.9652 0.0397
vn 0.2415 0.9700 0.0283
vn 0.2377 0.9701 0.0488
vn 0.2311 0.9709 0.0629
vn 0.2144 0.9753 0.0524
vn 0.2097 0.9751 0.0722
vn 0.2026 0.9762 0.0767
vn 0.1844 0.9801 0.0733
vn 0.1868 0.9790 0.0814
vn 0.1843 0.9794 0.0829
vn 0.1639 0.9831 0.0809
vn 0.1673 0.9825 0.0824
vn 0.1716 0.9812 0.0887
vn 0.1525 0.9855 0.0741
vn 0.1586 0.9841 0.0803
vn 0.1605 0.9830 0.0895
vn 0.1427 0.9872 0.0718
vn 0.1464 0.9860 0.0801
vn 0.1518 0.9850 0.0824
vn 0.1081 0.9919 0.0672
vn 0.1146 0.9920 0.0529
vn 0.1393 0.9779 -0.1561
vn 0.0093 0.9998 0.0158
vn 0.0504 0.9471 -0.3168
vn 0.0963 0.6318 -0.7691
vn -0.0264 0.8931 -0.4491
vn -0.0931 0.9954 -0.0243
vn -0.3064 0.9451 -0.1136
vn -0.1558 0.7947 -0.5867
vn -0.5296 0.8152 -0.2344
vn -0.2682 0.6190 -0.7382
vn -0.5278 0.7533 -0.3924
vn -0.1790 0.4715 -0.8635
vn 0.0794 0.1962 -0.9773
vn 0.3727 -0.6001 -0.7078
vn -0.3059 0.9460 0.1076
vn -0.1932 0.9732 0.1250
vn -0.1030 0.9919 0.0741
vn -0.0915 0.9943 0.0540
vn -0.0841 0.9957 0.0381
vn -0.0767 0.9952 0.0602
vn 0.0039 0.9979 0.0652
vn 0.0010 0.9986 0.0535
vn -0.0075 0.9989 0.0452
vn -0.0138 0.9992 0.0365
vn -0.0860 0.9958 0.0313
vn 0.1050 0.9924 0.0641
vn 0.0995 0.9934 0.0569
vn 0.0903 0.9948 0.0468
vn 0.0778 0.9962 0.0398
vn -0.0197 0.9993 0.0307
vn 0.1388 0.9881 0.0658
vn 0.1296 0.9898 0.0598
vn 0.1156 0.9918 0.0539
vn 0.1039 0.9940 0.0348
vn 0.0656 0.9975 0.0261
vn 0.1425 0.9871 0.0731
vn 0.1346 0.9889 0.0634
vn 0.1291 0.9907 0.0419
vn 0.1200 0.9925 0.0230
vn 0.0968 0.9952 0.0152
vn 0.1603 0.9847 0.0680
vn 0.1542 0.9869 0.0482
vn 0.1471 0.9886 0.0319
vn 0.1402 0.9900 0.0143
vn 0.1126 0.9936 0.0105
vn 0.1802 0.9822 0.0526
vn 0.1793 0.9832 0.0347
vn 0.1773 0.9840 0.0189
vn 0.1742 0.9847 -0.0048
vn 0.1378 0.9905 -0.0035
vn 0.2168 0.9757 0.0323
vn 0.2177 0.9758 0.0214
vn 0.2134 0.9770 -0.0014
vn 0.2058 0.9783 -0.0233
vn 0.1727 0.9846 -0.0272
vn 0.2446 0.9694 0.0203
vn 0.2430 0.9700 0.0049
vn 0.2352 0.9719 -0.0145
vn 0.2239 0.9741 -0.0320
vn 0.1970 0.9795 -0.0430
vn 0.2723 0.9622 0.0069
vn 0.2673 0.9636 -0.0039
vn 0.2522 0.9675 -0.0153
vn 0.2313 0.9724 -0.0306
vn 0.2108 0.9763 -0.0494
vn 0.2450 0.9695 0.0068
vn 0.2352 0.9719 0.0042
vn 0.2191 0.9757 -0.0056
vn 0.1989 0.9798 -0.0218
vn 0.2126 0.9762 -0.0432
vn 0.1234 0.9922 0.0188
vn 0.1165 0.9931 0.0161
vn 0.1093 0.9940 0.0058
vn 0.0786 0.9969 0.0073
vn 0.1812 0.9829 -0.0331
vn -0.1398 0.9898 0.0293
vn -0.1382 0.9901 0.0239
vn -0.1608 0.9849 0.0639
vn -0.2309 0.9416 0.2451
vn -0.0054 0.9959 0.0905
vn -0.3233 0.9460 0.0250
vn -0.3263 0.9402 0.0982
vn -0.3241 0.8816 0.3432
vn -0.2973 0.8113 0.5034
vn -0.2794 0.8342 0.4755
vn -0.3290 0.9364 0.1223
vn -0.2972 0.8867 0.3540
vn -0.2140 0.9026 0.3736
vn -0.0890 0.9643 0.2494
vn -0.2474 0.8240 0.5097
vn -0.1326 0.9678 0.2140
vn -0.0327 0.9885 0.1479
vn -0.0093 0.9868 0.1616
vn 0.0148 0.9989 0.0454
vn -0.1940 0.8532 0.4842
vn -0.0343 0.9951 0.0926
vn -0.2775 0.7310 0.6234
vn -0.1166 0.9369 0.3296
vn 0.1604 0.9868 -0.0226
vn 0.2004 0.9786 -0.0468
vn 0.1912 0.9794 -0.0645
vn 0.2001 0.9782 -0.0561
vn 0.1753 0.9814 -0.0779
vn 0.1796 0.9817 -0.0634
vn 0.1873 0.9804 -0.0609
vn 0.1609 0.9845 -0.0698
vn 0.1653 0.9840 -0.0667
vn 0.1694 0.9843 -0.0496
vn 0.1487 0.9869 -0.0623
vn 0.1419 0.9887 -0.0488
vn 0.1393 0.9899 -0.0256
vn 0.1251 0.9913 -0.0399
vn 0.1167 0.9930 -0.0198
vn 0.1123 0.9937 -0.0001
vn 0.1027 0.9947 -0.0089
vn 0.0946 0.9955 0.0053
vn 0.0930 0.9956 0.0087
vn 0.0443 0.9989 0.0121
vn 0.0480 0.9988 0.0074
vn 0.0557 0.9984 0.0102
vn -0.0351 0.9993 0.0087
vn -0.0305 0.9995 0.0067
vn -0.0236 0.9995 0.0193
vn -0.0838 0.9963 0.0175
vn -0.0859 0.9959 0.0291
vn -0.0368 0.9991 0.0188
vn -0.0517 0.9982 0.0297
vn -0.0469 0.9983 0.0344
vn 0.1372 0.9900 0.0315
vn 0.1829 0.9829 0.0206
vn 0.3873 0.9212 0.0367
vn 0.7600 0.6488 0.0380
vn 0.9964 0.0820 0.0195
vn 0.9813 0.1231 0.1478
vn -0.0407 0.9990 0.0161
vn 0.0429 0.9991 0.0023
vn -0.0512 0.9987 0.0058
vn -0.0855 0.9963 0.0069
vn -0.0576 0.9983 -0.0069
vn -0.0795 0.9968 -0.0047
vn -0.0936 0.9951 0.0307
vn -0.0551 0.9985 -0.0078
vn -0.0590 0.9983 0.0002
vn -0.0450 0.9989 -0.0090
vn -0.0328 0.9995 0.0025
vn -0.0305 0.9993 -0.0202
vn -0.0401 0.9988 -0.0293
vn -0.0206 0.9988 -0.0449
vn -0.0843 0.9945 -0.0618
vn -0.2719 0.9541 -0.1255
vn -0.1106 0.9933 -0.0328
vn -0.3430 0.9388 0.0327
vn -0.5573 0.8190 0.1365
vn -0.5660 0.8072 -0.1675
vn -0.6067 0.7608 0.2305
vn -0.6729 0.7264 -0.1398
vn -0.5514 0.7602 0.3437
vn -0.6402 0.7662 -0.0549
vn -0.6503 0.7561 -0.0740
vn -0.1453 0.9893 -0.0142
vn -0.2551 0.9663 -0.0334
vn -0.3187 0.9477 -0.0144
vn 0.4323 0.9015 -0.0177
vn 0.3787 0.9253 -0.0213
vn 0.3045 0.9523 -0.0201
vn 0.2962 0.9551 -0.0100
vn -0.3421 0.9396 0.0085
vn 0.8509 0.5238 -0.0400
vn 0.8395 0.5402 -0.0583
vn 0.8229 0.5671 -0.0358
vn 0.8252 0.5642 0.0282
vn 0.3166 0.9476 0.0434
vn 0.9940 -0.1049 -0.0297
vn 0.9991 -0.0397 0.0179
vn 0.7987 -0.6015 -0.0136
vn 0.8148 -0.5794 0.0197
vn 0.9967 0.0109 0.0807
vn 0.8359 0.5461 0.0558
vn 0.8257 0.5625 0.0424
vn 0.3569 0.9335 0.0357
vn 0.3280 0.9434 0.0498
vn 0.9890 0.1223 0.0827
vn 0.9836 0.1805 0.0041
vn 0.8270 0.5621 0.0127
vn 0.8371 0.5470 0.0049
vn 0.3874 0.9219 0.0009
vn 0.3806 0.9245 0.0228
vn 0.9814 0.1918 0.0046
vn 0.8705 0.4919 -0.0146
vn 0.8939 0.4402 -0.0848
vn 0.5967 0.7982 -0.0833
vn 0.4631 0.8862 -0.0110
vn -0.0028 0.9996 -0.0287
vn -0.1538 0.9881 0.0062
vn -0.2154 0.9765 -0.0012
vn -0.5816 0.8135 0.0006
vn -0.6280 0.7778 0.0272
vn -0.6944 0.7144 0.0866
vn -0.2327 0.9718 0.0377
vn -0.7850 0.6134 0.0863
vn -0.3115 0.9482 0.0625
vn -0.8248 0.5653 0.0137
vn -0.3951 0.9180 0.0350
vn -0.8308 0.5564 0.0166
vn -0.3759 0.9261 0.0318
vn -0.8403 0.5420 0.0141
vn -0.9020 0.4253 0.0746
vn -0.8526 0.4976 0.1594
vn -0.7689 0.6347 0.0776
vn -0.5749 0.8174 -0.0360
vn -0.5790 0.8144 -0.0397
vn -0.8950 0.4427 -0.0548
vn 0.1268 0.9907 -0.0492
vn 0.1640 0.9862 -0.0234
vn -0.5801 0.8145 -0.0127
vn 0.6732 0.7365 -0.0659
vn 0.6870 0.7258 -0.0349
vn 0.7107 0.7025 -0.0368
vn 0.1439 0.9896 -0.0028
vn 0.8844 0.4629 -0.0589
vn 0.8885 0.4496 -0.0914
vn 0.9192 0.3820 -0.0957
vn 0.9958 -0.0842 -0.0354
vn 0.9478 0.3186 -0.0128
vn 0.7481 0.6634 0.0163
vn 0.7081 0.7048 0.0428
vn 0.1193 0.9926 0.0205
vn 0.1171 0.9926 0.0325
vn 0.9616 0.2686 0.0572
vn 0.9962 -0.0819 0.0304
vn 0.9348 0.3444 0.0864
vn 0.6343 0.7731 -0.0023
vn 0.6411 0.7675 -0.0016
vn 0.3176 0.9479 0.0231
vn 0.1870 0.9820 -0.0284
vn 0.9202 0.3903 0.0311
vn 0.9634 0.2310 0.1359
vn 0.7504 0.6355 0.1819
vn 0.4265 0.8848 0.1877
vn -0.2786 0.9550 0.1019
vn -0.4045 0.9135 0.0439
vn -0.9418 0.3336 0.0415
vn -0.5286 0.8488 -0.0047
vn -0.9411 0.3378 0.0169
vn -0.5747 0.8180 0.0231
vn -0.9160 0.4012 0.0098
vn -0.5803 0.8139 0.0265
vn -0.8997 0.4365 -0.0065
vn -0.5800 0.8146 0.0070
vn -0.8922 0.4516 -0.0099
vn -0.9974 0.0628 -0.0356
vn -0.9941 0.1007 -0.0414
vn -0.9996 0.0238 -0.0117
vn -0.8876 -0.4598 -0.0286
vn -0.8645 -0.5025 0.0045
vn -0.3476 -0.9374 0.0225
vn -0.4103 -0.9113 -0.0332
vn -0.9991 -0.0429 0.0033
vn -0.9911 -0.0690 0.1136
vn 0.2778 -0.9604 -0.0231
vn 0.8115 -0.5844 -0.0002
vn 0.7738 -0.6322 -0.0381
vn 0.4038 -0.9148 -0.0078
vn 0.4281 -0.9025 0.0468
vn 0.8395 0.5428 -0.0247
vn 0.8324 0.5534 0.0294
vn 0.7367 0.2871 0.6122
vn 0.2145 -0.1206 0.9693
vn -0.3460 0.3806 0.8575
vn -0.0237 -0.1903 0.9814
vn -0.3791 0.5124 0.7705
vn 0.0211 -0.0331 0.9992
vn -0.3423 0.6780 0.6505
vn -0.2213 0.8596 0.4605
vn -0.0715 0.9653 0.2511
vn -0.0151 0.9987 -0.0487
vn 0.0097 0.9952 0.0970
vn 0.0931 0.9939 -0.0586
vn 0.0908 0.9941 -0.0595
vn 0.1654 0.9826 -0.0851
vn 0.1736 0.9834 -0.0536
vn 0.1712 0.9804 -0.0978
vn 0.1722 0.9842 -0.0403
vn 0.1606 0.9823 -0.0966
vn 0.1673 0.9817 -0.0913
vn 0.1620 0.9824 -0.0926
vn 0.1547 0.9844 -0.0840
vn 0.1589 0.9850 -0.0675
vn 0.1548 0.9866 -0.0510
vn 0.1378 0.9893 -0.0486
vn 0.1394 0.9896 -0.0342
vn 0.1273 0.9913 -0.0330
vn 0.1142 0.9931 -0.0259
vn 0.0520 0.9985 -0.0183
vn 0.0429 0.9990 -0.0133
vn 0.0673 0.9975 -0.0213
vn 0.0812 0.9960 -0.0373
vn 0.1510 0.9863 -0.0667
vn 0.3775 -0.0036 -0.9260
vn 0.9001 0.1189 -0.4192
vn 0.9978 0.0562 0.0356
vn 0.7426 0.0306 0.6690
vn 0.9970 0.0749 -0.0197
vn 0.7235 -0.0138 0.6902
vn 0.8749 0.0111 -0.4841
vn 0.4346 -0.2570 -0.8632
vn 0.4938 -0.6302 -0.5991
vn 0.7264 -0.3672 -0.5809
vn -0.0588 -0.2177 0.9743
vn -0.0605 -0.1899 0.9799
vn -0.6184 0.7857 0.0152
vn -0.9668 0.2550 0.0192
vn -0.6070 0.7944 0.0208
vn -0.9607 0.2772 0.0141
vn -0.9987 -0.0497 0.0136
vn -0.6798 0.7329 0.0286
vn -0.6846 0.7284 0.0267
vn -0.7019 0.7110 0.0431
vn -0.9532 0.3004 0.0352
vn 0.2977 -0.9480 -0.1121
vn -0.1948 0.9358 -0.2938
vn -0.2480 0.8207 -0.5148
vn 0.9532 -0.0195 -0.3019
vn 0.9973 -0.0257 -0.0684
vn 0.9960 -0.0242 -0.0859
vn 0.9951 -0.0198 -0.0974
vn 0.9996 -0.0294 -0.0009
vn 0.9997 -0.0252 -0.0051
vn 0.9996 -0.0298 -0.0018
vn 0.9994 -0.0341 0.0039
vn 0.9993 -0.0361 0.0022
vn 0.9994 -0.0355 0.0043
vn 0.9993 -0.0372 -0.0061
vn 0.9994 -0.0353 -0.0063
vn 0.9993 -0.0348 -0.0125
vn 0.9993 -0.0365 -0.0130
vn 0.9993 -0.0329 -0.0150
vn 0.9995 -0.0284 -0.0116
vn 0.9994 -0.0309 -0.0164
vn 0.9994 -0.0297 -0.0149
vn 0.9993 -0.0310 -0.0212
vn 0.9994 -0.0339 -0.0118
vn 0.9994 -0.0324 -0.0151
vn 0.9991 -0.0399 -0.0142
vn 0.9991 -0.0397 -0.0112
vn 0.9992 -0.0350 0.0218
vn 0.9975 -0.0709 -0.0058
vn 0.9974 -0.0670 0.0274
vn 0.9778 -0.0655 0.1991
vn 0.9976 -0.0664 0.0196
vn 0.9794 -0.0781 0.1864
vn 0.8855 -0.0594 0.4609
vn 0.9804 -0.0516 0.1899
vn 0.8815 -0.0399 0.4704
vn 0.7032 -0.0242 0.7106
vn 0.8658 -0.0165 0.5002
vn 0.7252 -0.0154 0.6883
vn 0.3789 -0.0233 0.9252
vn 0.3665 -0.0265 0.9300
vn 0.1730 -0.0313 0.9844
vn 0.1716 -0.0280 0.9848
vn 0.1287 -0.0303 0.9912
vn 0.1319 -0.0288 0.9908
vn 0.1050 -0.0308 0.9940
vn 0.0807 -0.0387 0.9960
vn 0.0687 -0.0348 0.9970
vn 0.0551 -0.0277 0.9981
vn 0.0298 -0.0310 0.9991
vn 0.0123 -0.0356 0.9993
vn 0.0338 -0.0372 0.9987
vn 0.0079 -0.0351 0.9994
vn -0.0253 -0.0392 0.9989
vn -0.0292 -0.0315 0.9991
vn 0.0033 -0.0289 0.9996
vn -0.0327 -0.0291 0.9990
vn 0.0013 -0.0310 0.9995
vn -0.0347 -0.0273 0.9990
vn 0.0024 -0.0311 0.9995
vn -0.0190 -0.0275 0.9994
vn -0.0199 -0.0321 0.9993
vn -0.0328 -0.0270 0.9991
vn -0.0327 -0.0361 0.9988
vn -0.0389 -0.0565 0.9976
vn -0.0824 -0.0298 0.9962
vn -0.0697 -0.0621 0.9956
vn -0.0735 -0.0656 0.9951
vn -0.0962 -0.0524 0.9940
vn -0.0908 -0.0772 0.9929
vn -0.1053 -0.0647 0.9923
vn -0.1761 -0.0775 0.9813
vn -0.1795 -0.0857 0.9800
vn -0.1956 -0.0558 0.9791
vn -0.4243 -0.0929 0.9007
vn -0.4316 -0.0784 0.8987
vn -0.4425 -0.0569 0.8949
vn -0.7283 -0.0909 0.6792
vn -0.7327 -0.0575 0.6782
vn -0.7291 -0.0510 0.6825
vn -0.9189 -0.0503 0.3912
vn -0.9210 -0.0404 0.3875
vn -0.9240 -0.0373 0.3806
vn -0.9917 -0.0369 0.1234
vn -0.9927 -0.0297 0.1171
vn -0.9928 -0.0243 0.1173
vn -0.9995 -0.0234 0.0226
vn -0.9995 -0.0151 0.0275
vn -0.9994 -0.0178 0.0286
vn -0.9998 -0.0068 0.0167
vn -0.9996 -0.0159 0.0220
vn -0.9990 -0.0391 0.0229
vn -0.9998 -0.0095 0.0158
vn -0.9991 -0.0358 0.0216
vn -0.9975 -0.0674 0.0227
vn -0.9977 -0.0644 0.0221
vn -0.9993 -0.0315 0.0180
vn -0.9971 -0.0742 0.0182
vn -0.9970 -0.0759 0.0134
vn -0.0198 -0.0353 0.9992
vn 0.1753 -0.0276 0.9841
vn 0.3841 -0.0211 0.9231
vn 0.9774 -0.0194 0.2103
vn 0.9993 -0.0305 -0.0201
vn 0.9986 -0.0163 -0.0497
vn 0.9998 -0.0170 0.0076
vn 0.9999 -0.0153 0.0070
vn 0.9963 -0.0399 0.0763
vn 0.9924 -0.0172 0.1216
vn 0.9927 -0.0056 0.1203
vn 0.9985 -0.0544 -0.0003
vn 0.9963 -0.0834 0.0190
vn 0.9951 -0.0984 -0.0062
vn 0.9964 -0.0806 -0.0262
vn 0.9959 -0.0902 -0.0107
vn 0.9954 -0.0952 -0.0092
vn 0.9955 -0.0932 -0.0150
vn 0.9986 -0.0504 -0.0130
vn 0.9986 -0.0531 -0.0088
vn 0.9987 -0.0495 -0.0137
vn 0.9997 -0.0240 -0.0051
vn 0.9997 -0.0214 -0.0084
vn 0.9998 -0.0206 -0.0065
vn 0.9997 -0.0256 -0.0034
vn 0.9997 -0.0216 -0.0065
vn 0.9997 -0.0235 -0.0031
vn 0.9996 -0.0284 -0.0045
vn 0.9995 -0.0268 -0.0143
vn 0.9989 -0.0421 -0.0198
vn 0.9968 -0.0795 -0.0096
vn 0.9981 -0.0616 0.0019
vn 0.9872 -0.1593 0.0075
vn 0.9135 0.0106 0.4066
vn 0.9696 -0.2447 -0.0008
vn 0.4761 -0.1611 0.8645
vn 0.8944 -0.3344 0.2969
vn 0.8946 -0.4468 -0.0046
vn 0.8960 -0.4425 -0.0366
vn 0.9854 -0.1679 -0.0277
vn 0.9697 0.0899 0.2270
vn 0.9963 -0.0854 0.0051
vn 0.9648 -0.2608 -0.0331
vn 0.9310 -0.3387 -0.1361
vn 0.8954 -0.4324 -0.1060
vn 0.9532 0.3014 0.0247
vn 0.9577 0.2877 -0.0074
vn 0.9668 0.1888 -0.1721
vn 0.9472 0.3206 -0.0007
vn 0.9037 0.3471 -0.2508
vn 0.4744 0.2139 -0.8539
vn 0.6426 0.1086 -0.7585
vn 0.6828 -0.2396 -0.6902
vn 0.0777 0.0417 -0.9961
vn 0.1521 -0.0576 -0.9867
vn 0.2251 -0.1305 -0.9656
vn 0.7458 -0.3741 -0.5512
vn 0.8543 -0.1857 -0.4854
vn 0.9851 -0.1573 -0.0693
vn 0.0206 -0.0179 -0.9996
vn 0.0006 -0.0220 -0.9998
vn 0.4347 -0.0521 -0.8991
vn 0.3434 -0.1439 -0.9281
vn 0.9273 -0.1008 -0.3604
vn 0.4765 0.0187 -0.8789
vn 0.9418 0.0401 -0.3338
vn 0.4681 0.0247 -0.8833
vn 0.9372 0.0510 -0.3451
vn 0.0337 -0.0048 -0.9994
vn 0.0310 0.0047 -0.9995
vn -0.0153 0.0320 -0.9994
vn 0.9287 0.2035 -0.3101
vn 0.9986 0.0526 0.0068
vn 0.9987 0.0437 0.0260
vn 0.5639 0.0458 0.8246
vn 0.1236 -0.0782 0.9893
vn 0.0936 -0.0696 0.9932
vn 0.6444 -0.0649 0.7619
vn 0.4486 -0.0580 0.8919
vn -0.0160 -0.0374 0.9992
vn -0.0324 0.0012 0.9995
vn 0.2031 0.0071 0.9791
vn -0.0687 0.0398 0.9968
vn 0.2080 -0.0054 0.9781
vn 0.5094 -0.0775 0.8570
vn 0.4745 0.0058 0.8803
vn 0.8337 -0.1607 0.5283
vn 0.8208 0.0068 0.5712
vn 0.9886 0.0128 0.1502
vn 0.5169 -0.3091 0.7983
vn 0.2032 -0.1080 0.9732
vn -0.0901 0.0440 -0.9950
vn 0.4544 -0.4669 -0.7586
vn 0.5725 -0.7439 -0.3446
vn 0.6281 -0.7135 -0.3105
vn 0.4478 -0.5232 -0.7251
vn 0.3477 -0.9349 0.0713
vn 0.5446 -0.8375 -0.0447
vn 0.6327 -0.7738 -0.0309
vn 0.6461 -0.7601 -0.0689
vn 0.4501 -0.7466 -0.4899
vn 0.5730 -0.8186 -0.0388
vn 0.8219 -0.5490 -0.1520
vn -0.1212 -0.0031 -0.9926
vn -0.1178 0.0090 -0.9930
vn -0.0949 0.0067 -0.9955
vn -0.0888 -0.0009 -0.9961
vn 0.0182 -0.0166 -0.9997
vn 0.0393 -0.0172 -0.9991
vn 0.0356 -0.0327 -0.9988
vn 0.0373 -0.0211 -0.9991
vn -0.0250 -0.0215 -0.9995
vn -0.0221 -0.0124 -0.9997
vn -0.0207 -0.0145 -0.9997
vn 0.0062 -0.2027 -0.9792
vn 0.7750 -0.1690 -0.6089
vn 0.6069 -0.7907 -0.0801
vn 0.4011 -0.9155 -0.0314
vn 0.2383 -0.9702 0.0434
vn 0.8442 -0.5356 -0.0203
vn 0.0046 -0.9988 -0.0494
vn 0.2099 0.7814 -0.5877
vn 0.2464 0.9691 0.0067
vn 0.2941 -0.8143 0.5004
vn -0.0800 0.0350 -0.9962
vn 0.7919 0.5383 -0.2883
vn 0.5271 0.8279 -0.1919
vn 0.5374 -0.2855 0.7936
vn -0.6613 0.7340 -0.1546
vn -0.6683 0.7305 -0.1407
vn 0.2744 -0.0063 0.9616
vn 0.9976 -0.0686 0.0053
vn 0.9976 -0.0689 0.0054
vn 0.9973 -0.0733 0.0008
vn 0.9975 -0.0711 0.0017
vn 0.9979 -0.0649 0.0062
vn 0.9978 -0.0653 0.0069
vn 0.9977 -0.0683 0.0031
vn 0.9975 -0.0699 -0.0047
vn 0.9974 -0.0713 -0.0062
vn 0.9977 -0.0676 0.0042
vn 0.9980 -0.0631 0.0068
vn 0.9974 -0.0722 -0.0023
vn 0.9975 -0.0703 -0.0000
vn 0.9977 -0.0674 -0.0046
vn 0.9971 -0.0757 -0.0011
vn 0.9972 -0.0746 0.0022
vn 0.9973 -0.0729 0.0052
vn 0.9976 -0.0695 0.0030
vn 0.9979 -0.0653 -0.0018
vn 0.9978 -0.0664 -0.0044
vn 0.9976 -0.0691 -0.0066
vn 0.9980 -0.0627 0.0041
vt 0.997767 0.024752
vt 0.997646 0.028566
vt 0.995206 0.029312
vt 0.995710 0.024768
vt 0.997789 0.036021
vt 0.995271 0.036104
vt 0.079801 0.006738
vt 0.077209 0.001579
vt 0.081348 0.001579
vt 0.082644 0.004980
vt 0.313754 0.004063
vt 0.314272 0.001577
vt 0.321795 0.001583
vt 0.320787 0.003110
vt 0.278182 0.008979
vt 0.268695 0.005033
vt 0.269228 0.001910
vt 0.281616 0.002922
vt 0.005292 0.015604
vt 0.005383 0.020542
vt 0.002259 0.020540
vt 0.004543 0.014292
vt 0.276781 0.010450
vt 0.268538 0.008432
vt 0.749459 0.025185
vt 0.752417 0.034972
vt 0.731463 0.030194
vt 0.729030 0.023238
vt 0.202962 0.017773
vt 0.215783 0.017341
vt 0.216107 0.021965
vt 0.203116 0.021963
vt 0.344729 0.039776
vt 0.343832 0.045486
vt 0.338167 0.046454
vt 0.340965 0.042116
vt 0.189667 0.015149
vt 0.192497 0.010859
vt 0.202711 0.013602
vt 0.188499 0.019525
vt 0.996282 0.001575
vt 0.996388 0.005831
vt 0.983548 0.003959
vt 0.982721 0.001575
vt 0.278822 0.019667
vt 0.279887 0.025102
vt 0.270221 0.026760
vt 0.269406 0.021961
vt 0.269030 0.018472
vt 0.277688 0.017306
vt 0.806254 0.128856
vt 0.807201 0.126350
vt 0.806126 0.119677
vt 0.812266 0.119511
vt 0.292846 0.010907
vt 0.292204 0.018721
vt 0.291032 0.025621
vt 0.761803 0.027128
vt 0.756525 0.038735
vt 0.741940 0.039558
vt 0.752031 0.054922
vt 0.733681 0.054637
vt 0.775610 0.027711
vt 0.771699 0.039699
vt 0.357135 0.395297
vt 0.368531 0.393617
vt 0.370831 0.401139
vt 0.358982 0.402099
vt 0.007345 0.001758
vt 0.002386 0.008695
vt 0.001575 0.012832
vt 0.001577 0.002919
vt 0.011632 0.116629
vt 0.016324 0.113433
vt 0.016324 0.122662
vt 0.006316 0.121925
vt 0.351515 0.395733
vt 0.348119 0.388914
vt 0.356421 0.388824
vt 0.367017 0.387585
vt 0.759246 0.001687
vt 0.749051 0.003287
vt 0.742120 0.001722
vt 0.749082 0.002425
vt 0.793424 0.001700
vt 0.802987 0.005369
vt 0.796087 0.007238
vt 0.786442 0.004680
vt 0.458156 0.011666
vt 0.455633 0.006435
vt 0.472775 0.009039
vt 0.471754 0.013379
vt 0.009949 0.758781
vt 0.014923 0.771786
vt 0.008226 0.775304
vt 0.001627 0.759319
vt 0.003667 0.747137
vt 0.010998 0.754907
vt 0.874220 0.190639
vt 0.883770 0.183106
vt 0.886259 0.187530
vt 0.880673 0.194225
vt 0.870585 0.179184
vt 0.878966 0.176594
vt 0.875238 0.206240
vt 0.870621 0.206746
vt 0.873269 0.094543
vt 0.874107 0.080844
vt 0.885414 0.079445
vt 0.885006 0.092531
vt 0.874131 0.162628
vt 0.876540 0.162008
vt 0.877209 0.167127
vt 0.870417 0.168421
vt 0.502265 0.006449
vt 0.508139 0.001913
vt 0.506796 0.009493
vt 0.499916 0.010875
vt 0.301217 0.040159
vt 0.288091 0.040699
vt 0.289024 0.036369
vt 0.300524 0.037020
vt 0.037855 0.798551
vt 0.033982 0.803061
vt 0.029626 0.795154
vt 0.034472 0.792615
vt 0.041515 0.803947
vt 0.039270 0.813122
vt 0.809411 0.002093
vt 0.802764 0.006195
vt 0.883806 0.162627
vt 0.887021 0.173381
vt 0.876495 0.267415
vt 0.881709 0.262821
vt 0.882889 0.266257
vt 0.880112 0.272153
vt 0.875216 0.259969
vt 0.880858 0.257716
vt 0.249369 0.035777
vt 0.251182 0.041478
vt 0.240702 0.043296
vt 0.240263 0.039352
vt 0.872091 0.267188
vt 0.870436 0.260849
vt 0.525514 0.061424
vt 0.526970 0.052282
vt 0.528971 0.052353
vt 0.529527 0.061313
vt 0.932260 0.283844
vt 0.939729 0.285931
vt 0.938627 0.293995
vt 0.931437 0.297551
vt 0.935534 0.277587
vt 0.941110 0.279263
vt 0.927201 0.275276
vt 0.929924 0.271390
vt 0.924942 0.295695
vt 0.924776 0.284347
vt 0.922557 0.273513
vt 0.537397 0.063239
vt 0.533062 0.062035
vt 0.532584 0.053003
vt 0.536034 0.052667
vt 0.863962 0.267735
vt 0.861858 0.260616
vt 0.865958 0.261168
vt 0.868237 0.266942
vt 0.926770 0.308230
vt 0.922705 0.307797
vt 0.925357 0.266083
vt 0.853963 0.231357
vt 0.854323 0.226161
vt 0.859340 0.227562
vt 0.856341 0.233423
vt 0.851040 0.233684
vt 0.849102 0.227212
vt 0.062191 0.791671
vt 0.059345 0.789710
vt 0.061888 0.785361
vt 0.064986 0.789127
vt 0.614843 0.476447
vt 0.612359 0.481290
vt 0.600831 0.482092
vt 0.601280 0.476075
vt 0.253708 0.048210
vt 0.241684 0.048045
vt 0.349903 0.402701
vt 0.333391 0.404590
vt 0.333503 0.396483
vt 0.349189 0.411133
vt 0.333312 0.412139
vt 0.360629 0.410067
vt 0.502134 0.784441
vt 0.491168 0.786759
vt 0.492864 0.782863
vt 0.506376 0.797836
vt 0.494435 0.798407
vt 0.497671 0.772774
vt 0.507920 0.772539
vt 0.474557 0.786042
vt 0.478275 0.800314
vt 0.462145 0.801073
vt 0.461282 0.787044
vt 0.462875 0.780640
vt 0.480482 0.781116
vt 0.357753 0.031522
vt 0.361653 0.039983
vt 0.361180 0.043585
vt 0.352869 0.038228
vt 0.495337 0.852370
vt 0.493824 0.855539
vt 0.487131 0.853978
vt 0.494846 0.851753
vt 0.365066 0.035529
vt 0.366559 0.041010
vt 0.483281 0.388619
vt 0.482147 0.382906
vt 0.491214 0.380596
vt 0.491547 0.387371
vt 0.514921 0.783381
vt 0.518364 0.796968
vt 0.516092 0.769175
vt 0.502490 0.855179
vt 0.507349 0.855006
vt 0.511289 0.860270
vt 0.503470 0.859531
vt 0.502840 0.388104
vt 0.500492 0.391631
vt 0.497512 0.389456
vt 0.500076 0.385461
vt 0.508709 0.389611
vt 0.506358 0.393962
vt 0.510712 0.385044
vt 0.501774 0.379000
vt 0.369291 0.033698
vt 0.374115 0.032963
vt 0.372430 0.035638
vt 0.512138 0.378480
vt 0.511850 0.852610
vt 0.517625 0.859929
vt 0.809420 0.316544
vt 0.817510 0.317320
vt 0.812411 0.329796
vt 0.806414 0.329044
vt 0.815380 0.310363
vt 0.821017 0.308499
vt 0.802105 0.328457
vt 0.802520 0.315509
vt 0.806164 0.312138
vt 0.814577 0.306557
vt 0.804213 0.313905
vt 0.820550 0.302764
vt 0.294057 0.004100
vt 0.892886 0.164583
vt 0.896043 0.177618
vt 0.006555 0.142883
vt 0.008967 0.135747
vt 0.013419 0.137645
vt 0.012213 0.144473
vt 0.008116 0.141377
vt 0.002216 0.131979
vt 0.603884 0.036663
vt 0.600183 0.052062
vt 0.578218 0.050785
vt 0.580872 0.035626
vt 0.615601 0.039981
vt 0.620512 0.054303
vt 0.603761 0.037186
vt 0.610055 0.029585
vt 0.624944 0.029303
vt 0.604566 0.022826
vt 0.585809 0.023268
vt 0.592050 0.017134
vt 0.606454 0.017177
vt 0.131387 0.022345
vt 0.133076 0.020057
vt 0.136103 0.017869
vt 0.135424 0.021688
vt 0.675524 0.029210
vt 0.686095 0.028526
vt 0.685478 0.039498
vt 0.673858 0.040079
vt 0.649800 0.040140
vt 0.655714 0.029061
vt 0.332363 0.045182
vt 0.333838 0.040569
vt 0.448833 0.011383
vt 0.442434 0.011383
vt 0.441539 0.008033
vt 0.448152 0.008467
vt 0.614387 0.016035
vt 0.618516 0.008158
vt 0.632241 0.013783
vt 0.630049 0.020346
vt 0.533171 0.133003
vt 0.525982 0.126639
vt 0.528511 0.122476
vt 0.535101 0.123913
vt 0.523238 0.128904
vt 0.676327 0.014497
vt 0.655695 0.015571
vt 0.657106 0.010663
vt 0.676271 0.010393
vt 0.690483 0.011203
vt 0.690042 0.015400
vt 0.674080 0.017582
vt 0.654683 0.020808
vt 0.688238 0.021086
vt 0.679740 0.020018
vt 0.197650 0.006678
vt 0.207192 0.010095
vt 0.195190 0.001776
vt 0.214948 0.001575
vt 0.215418 0.004861
vt 0.215909 0.008694
vt 0.441802 0.102428
vt 0.441212 0.094383
vt 0.449994 0.095289
vt 0.447380 0.105542
vt 0.442774 0.113055
vt 0.436074 0.106261
vt 0.431684 0.095970
vt 0.471817 0.100413
vt 0.470119 0.111569
vt 0.461888 0.110259
vt 0.464423 0.098822
vt 0.466306 0.087507
vt 0.471665 0.088522
vt 0.481021 0.106299
vt 0.479299 0.112297
vt 0.918872 0.260905
vt 0.907864 0.263005
vt 0.908521 0.258103
vt 0.916946 0.254991
vt 0.927928 0.252054
vt 0.927719 0.257908
vt 0.504067 0.064749
vt 0.499032 0.061353
vt 0.502100 0.053816
vt 0.507819 0.060543
vt 0.509050 0.078724
vt 0.504484 0.077653
vt 0.498718 0.074884
vt 0.897511 0.254586
vt 0.897257 0.249576
vt 0.905016 0.247755
vt 0.907120 0.253744
vt 0.901433 0.258357
vt 0.930776 0.695950
vt 0.933031 0.692863
vt 0.936853 0.702913
vt 0.933355 0.709252
vt 0.795463 0.452921
vt 0.801695 0.452310
vt 0.801175 0.457568
vt 0.797077 0.458072
vt 0.795338 0.446431
vt 0.801416 0.446834
vt 0.017346 0.035134
vt 0.012957 0.041426
vt 0.010282 0.041992
vt 0.012475 0.034585
vt 0.785508 0.449818
vt 0.786366 0.445506
vt 0.792794 0.457251
vt 0.783875 0.453435
vt 0.805723 0.457536
vt 0.807112 0.452183
vt 0.926661 0.483621
vt 0.927637 0.493937
vt 0.924622 0.495227
vt 0.922680 0.485184
vt 0.931852 0.485641
vt 0.931786 0.493638
vt 0.921103 0.473535
vt 0.924386 0.472006
vt 0.802035 0.231542
vt 0.802998 0.219876
vt 0.806429 0.218504
vt 0.806334 0.229509
vt 0.145778 0.023406
vt 0.144083 0.019604
vt 0.151603 0.017782
vt 0.149968 0.022985
vt 0.527034 0.119602
vt 0.533153 0.117762
vt 0.642711 0.005435
vt 0.635467 0.009019
vt 0.622525 0.001823
vt 0.639155 0.001593
vt 0.527585 0.136158
vt 0.520390 0.132158
vt 0.995742 0.046135
vt 0.992067 0.045510
vt 0.993043 0.040546
vt 0.997560 0.043532
vt 0.092671 0.794908
vt 0.090148 0.796863
vt 0.088232 0.790300
vt 0.092323 0.789614
vt 0.996543 0.051012
vt 0.991980 0.052000
vt 0.953916 0.277750
vt 0.955656 0.269986
vt 0.962038 0.269972
vt 0.962438 0.279074
vt 0.083634 0.800790
vt 0.076598 0.800243
vt 0.076134 0.792898
vt 0.080876 0.793458
vt 0.954152 0.286782
vt 0.946215 0.286981
vt 0.946748 0.280116
vt 0.962757 0.287204
vt 0.886562 0.317600
vt 0.884097 0.324281
vt 0.878338 0.324457
vt 0.879051 0.319707
vt 0.955609 0.262986
vt 0.953663 0.260060
vt 0.957862 0.254647
vt 0.960017 0.261629
vt 0.389893 0.038010
vt 0.392481 0.033562
vt 0.400171 0.033605
vt 0.400171 0.038856
vt 0.069496 0.777139
vt 0.065211 0.781860
vt 0.060999 0.777845
vt 0.063788 0.771630
vt 0.398186 0.043007
vt 0.390982 0.043198
vt 0.065278 0.758377
vt 0.069361 0.759542
vt 0.073701 0.761231
vt 0.074602 0.777970
vt 0.883235 0.031231
vt 0.881065 0.037411
vt 0.872377 0.036947
vt 0.872229 0.032055
vt 0.965231 0.049164
vt 0.975408 0.046822
vt 0.976687 0.053501
vt 0.967933 0.055263
vt 0.966671 0.040752
vt 0.974791 0.040162
vt 0.958552 0.046939
vt 0.960199 0.040034
vt 0.958722 0.057143
vt 0.955090 0.055387
vt 0.945733 0.709032
vt 0.944461 0.705139
vt 0.954026 0.700454
vt 0.958332 0.700084
vt 0.935551 0.719084
vt 0.953031 0.714388
vt 0.936002 0.725061
vt 0.965090 0.700085
vt 0.325166 0.003988
vt 0.335515 0.001577
vt 0.339607 0.005676
vt 0.329422 0.005549
vt 0.503079 0.093077
vt 0.498934 0.092111
vt 0.497353 0.079040
vt 0.489683 0.071523
vt 0.489698 0.066053
vt 0.837645 0.009142
vt 0.821845 0.009457
vt 0.821248 0.005736
vt 0.834288 0.004784
vt 0.491564 0.057191
vt 0.965860 0.712464
vt 0.962018 0.721434
vt 0.950039 0.724847
vt 0.972753 0.699844
vt 0.913997 0.709659
vt 0.907496 0.700434
vt 0.916522 0.692422
vt 0.921663 0.705176
vt 0.910958 0.717570
vt 0.899554 0.707173
vt 0.923441 0.716852
vt 0.968262 0.313862
vt 0.966889 0.308127
vt 0.970313 0.307130
vt 0.970607 0.311009
vt 0.963165 0.314294
vt 0.961090 0.308415
vt 0.971834 0.313207
vt 0.971050 0.320117
vt 0.791563 0.407907
vt 0.792924 0.406909
vt 0.795075 0.410305
vt 0.790928 0.411459
vt 0.519785 0.785676
vt 0.532207 0.788344
vt 0.536491 0.798969
vt 0.526338 0.797747
vt 0.783690 0.412035
vt 0.792648 0.420591
vt 0.786328 0.424456
vt 0.561192 0.785660
vt 0.560582 0.800584
vt 0.558379 0.800403
vt 0.557574 0.787352
vt 0.804814 0.486905
vt 0.806299 0.490888
vt 0.789988 0.495433
vt 0.789832 0.491124
vt 0.813687 0.480413
vt 0.816418 0.487974
vt 0.341851 0.032799
vt 0.340656 0.026621
vt 0.346104 0.023415
vt 0.346521 0.036910
vt 0.072185 0.038178
vt 0.072468 0.043250
vt 0.065296 0.041696
vt 0.065296 0.033428
vt 0.815302 0.017390
vt 0.816195 0.027325
vt 0.808046 0.024269
vt 0.809940 0.016526
vt 0.825356 0.281422
vt 0.821084 0.285153
vt 0.819919 0.268876
vt 0.825913 0.268452
vt 0.833849 0.268445
vt 0.832691 0.282662
vt 0.831865 0.290476
vt 0.325090 0.036636
vt 0.330544 0.028396
vt 0.336163 0.034759
vt 0.326185 0.043141
vt 0.316682 0.034870
vt 0.318004 0.030218
vt 0.009897 0.108771
vt 0.011459 0.112478
vt 0.004673 0.118852
vt 0.005909 0.111090
vt 0.005826 0.104389
vt 0.010504 0.103097
vt 0.014377 0.103357
vt 0.734881 0.478903
vt 0.730379 0.483537
vt 0.722605 0.483923
vt 0.725750 0.478718
vt 0.737772 0.479710
vt 0.735893 0.483708
vt 0.013601 0.094073
vt 0.017600 0.097338
vt 0.018427 0.100470
vt 0.009683 0.095460
vt 0.891791 0.265570
vt 0.891791 0.258672
vt 0.897041 0.259351
vt 0.897416 0.266219
vt 0.719326 0.480058
vt 0.714139 0.475023
vt 0.724484 0.473313
vt 0.727168 0.475607
vt 0.811743 0.175263
vt 0.810280 0.187300
vt 0.807249 0.189118
vt 0.807161 0.177404
vt 0.008504 0.084289
vt 0.011667 0.082009
vt 0.806922 0.171389
vt 0.811288 0.172121
vt 0.068575 0.011263
vt 0.067312 0.014395
vt 0.065356 0.007764
vt 0.070556 0.007466
vt 0.132985 0.016019
vt 0.135537 0.011832
vt 0.527012 0.140011
vt 0.533797 0.147221
vt 0.535023 0.157404
vt 0.523863 0.144114
vt 0.371835 0.040256
vt 0.382349 0.035773
vt 0.387611 0.035640
vt 0.384234 0.041528
vt 0.381300 0.046408
vt 0.374934 0.047746
vt 0.266398 0.384001
vt 0.267598 0.389491
vt 0.256767 0.393129
vt 0.256980 0.386241
vt 0.257830 0.378486
vt 0.269190 0.378464
vt 0.233187 0.387761
vt 0.228739 0.383389
vt 0.242075 0.380437
vt 0.243448 0.387365
vt 0.233616 0.395678
vt 0.227430 0.395261
vt 0.222779 0.392516
vt 0.220194 0.404938
vt 0.217149 0.397681
vt 0.217506 0.392267
vt 0.227200 0.378464
vt 0.227339 0.404131
vt 0.951662 0.579701
vt 0.945499 0.577197
vt 0.952832 0.568176
vt 0.958002 0.573114
vt 0.993083 0.231206
vt 0.997500 0.233392
vt 0.997865 0.241169
vt 0.992306 0.241668
vt 0.994025 0.226869
vt 0.997847 0.226870
vt 0.960498 0.578955
vt 0.956427 0.581492
vt 0.970306 0.031154
vt 0.971800 0.034473
vt 0.966090 0.035439
vt 0.965039 0.029171
vt 0.974328 0.029649
vt 0.977714 0.034759
vt 0.947584 0.609797
vt 0.952183 0.612894
vt 0.945746 0.616136
vt 0.943154 0.607687
vt 0.313647 0.038419
vt 0.313687 0.041798
vt 0.303558 0.041798
vt 0.306238 0.037485
vt 0.883363 0.612004
vt 0.881271 0.604568
vt 0.891947 0.608776
vt 0.889435 0.617698
vt 0.887646 0.621427
vt 0.881082 0.613495
vt 0.936822 0.579933
vt 0.942583 0.568152
vt 0.938378 0.591137
vt 0.931836 0.591496
vt 0.943328 0.591004
vt 0.855604 0.401438
vt 0.855799 0.407862
vt 0.848897 0.408136
vt 0.849133 0.404101
vt 0.975225 0.094889
vt 0.974862 0.101486
vt 0.969411 0.101125
vt 0.968866 0.094362
vt 0.862021 0.398648
vt 0.862183 0.406050
vt 0.857035 0.394516
vt 0.861049 0.391164
vt 0.864006 0.553172
vt 0.875804 0.537020
vt 0.877523 0.538037
vt 0.871236 0.557637
vt 0.863587 0.572263
vt 0.860634 0.570706
vt 0.860692 0.557426
vt 0.906616 0.555319
vt 0.909906 0.542091
vt 0.918978 0.546804
vt 0.916729 0.562237
vt 0.922817 0.562978
vt 0.921446 0.571888
vt 0.910800 0.570890
vt 0.912194 0.564595
vt 0.928618 0.549456
vt 0.935888 0.560748
vt 0.933053 0.570469
vt 0.835411 0.348868
vt 0.834463 0.342560
vt 0.852684 0.329997
vt 0.843561 0.346564
vt 0.508055 0.014215
vt 0.506091 0.025059
vt 0.497356 0.017957
vt 0.496305 0.014215
vt 0.832024 0.355461
vt 0.826441 0.352410
vt 0.130914 0.412038
vt 0.123152 0.408590
vt 0.124657 0.402543
vt 0.138560 0.399094
vt 0.890527 0.303681
vt 0.876169 0.315484
vt 0.869990 0.313644
vt 0.879290 0.302994
vt 0.960296 0.015027
vt 0.963114 0.020273
vt 0.945268 0.027768
vt 0.941915 0.021722
vt 0.821624 0.349474
vt 0.831399 0.332932
vt 0.928696 0.501508
vt 0.932546 0.503794
vt 0.927118 0.506317
vt 0.548241 0.384578
vt 0.549432 0.380383
vt 0.556375 0.375948
vt 0.553280 0.384729
vt 0.017805 0.001780
vt 0.022263 0.004886
vt 0.016995 0.009061
vt 0.013494 0.003482
vt 0.922590 0.513930
vt 0.918194 0.515746
vt 0.916826 0.505161
vt 0.921617 0.505194
vt 0.926865 0.516727
vt 0.082854 0.037460
vt 0.080561 0.043347
vt 0.074860 0.034501
vt 0.079114 0.029958
vt 0.089270 0.025054
vt 0.090465 0.033367
vt 0.089791 0.040388
vt 0.001718 0.122615
vt 0.009058 0.126206
vt 0.600888 0.011702
vt 0.606263 0.020467
vt 0.595136 0.002570
vt 0.578557 0.008655
vt 0.578352 0.002107
vt 0.121285 0.024561
vt 0.104506 0.028280
vt 0.105614 0.020161
vt 0.121947 0.016873
vt 0.015916 0.130286
vt 0.058639 0.001575
vt 0.073569 0.001580
vt 0.124715 0.009573
vt 0.105763 0.012535
vt 0.105512 0.006519
vt 0.124037 0.003729
vt 0.138696 0.002626
vt 0.139444 0.007665
vt 0.551945 0.020312
vt 0.545498 0.020498
vt 0.544409 0.013909
vt 0.551462 0.014387
vt 0.564062 0.025601
vt 0.548716 0.027845
vt 0.571329 0.015328
vt 0.554216 0.006037
vt 0.563434 0.006814
vt 0.548492 0.007389
vt 0.357577 0.005575
vt 0.362624 0.006790
vt 0.360087 0.012841
vt 0.353845 0.009188
vt 0.677682 0.483620
vt 0.679910 0.489756
vt 0.667074 0.488749
vt 0.674576 0.480575
vt 0.699362 0.485370
vt 0.698536 0.491212
vt 0.407593 0.028835
vt 0.404192 0.030197
vt 0.403824 0.022125
vt 0.414540 0.022275
vt 0.683665 0.477320
vt 0.699773 0.479927
vt 0.513867 0.002695
vt 0.518830 0.003813
vt 0.515698 0.013482
vt 0.511911 0.011731
vt 0.554087 0.914826
vt 0.553674 0.923758
vt 0.547211 0.922231
vt 0.548939 0.914417
vt 0.718347 0.497543
vt 0.734569 0.499760
vt 0.734301 0.509722
vt 0.715898 0.508519
vt 0.698047 0.497338
vt 0.715482 0.490696
vt 0.696705 0.506569
vt 0.722740 0.489083
vt 0.726524 0.493273
vt 0.736628 0.494600
vt 0.358306 0.019842
vt 0.352244 0.014756
vt 0.531359 0.251935
vt 0.521483 0.252841
vt 0.520999 0.239045
vt 0.529038 0.237093
vt 0.865402 0.005586
vt 0.861580 0.002660
vt 0.868010 0.001677
vt 0.869271 0.002771
vt 0.850937 0.004712
vt 0.844145 0.001657
vt 0.532094 0.266764
vt 0.522155 0.268195
vt 0.878143 0.002147
vt 0.879345 0.003914
vt 0.528952 0.227169
vt 0.521157 0.226948
vt 0.520576 0.215651
vt 0.527960 0.218543
vt 0.532029 0.228128
vt 0.411769 0.214070
vt 0.438860 0.219713
vt 0.436140 0.235816
vt 0.412374 0.235696
vt 0.389197 0.238012
vt 0.385931 0.219849
vt 0.379118 0.197720
vt 0.396263 0.190754
vt 0.407819 0.180771
vt 0.424840 0.195543
vt 0.444980 0.203391
vt 0.530854 0.164499
vt 0.524878 0.165734
vt 0.524296 0.159207
vt 0.528579 0.159362
vt 0.545653 0.081774
vt 0.545898 0.084785
vt 0.542703 0.083561
vt 0.542972 0.081960
vt 0.530471 0.159430
vt 0.531963 0.160699
vt 0.917458 0.524038
vt 0.916469 0.519886
vt 0.924609 0.526312
vt 0.923911 0.530178
vt 0.921380 0.537795
vt 0.913538 0.533350
vt 0.830455 0.379898
vt 0.826383 0.385047
vt 0.821779 0.383620
vt 0.823404 0.376748
vt 0.833821 0.374428
vt 0.844945 0.377066
vt 0.843136 0.381848
vt 0.826121 0.371230
vt 0.435159 0.414871
vt 0.423980 0.413623
vt 0.424928 0.408472
vt 0.434534 0.408558
vt 0.440394 0.409021
vt 0.443051 0.414737
vt 0.847715 0.370293
vt 0.836712 0.368316
vt 0.855413 0.375541
vt 0.852491 0.380410
vt 0.731043 0.491068
vt 0.729779 0.487893
vt 0.738699 0.488617
vt 0.738115 0.491341
vt 0.542310 0.378777
vt 0.542967 0.383878
vt 0.540043 0.384758
vt 0.538964 0.379457
vt 0.555094 0.851644
vt 0.556584 0.837258
vt 0.559049 0.837936
vt 0.557967 0.852254
vt 0.551690 0.850451
vt 0.552628 0.836874
vt 0.043094 0.008560
vt 0.036859 0.001583
vt 0.046371 0.001583
vt 0.045287 0.006889
vt 0.557848 0.930649
vt 0.561075 0.928287
vt 0.557868 0.941205
vt 0.555258 0.947779
vt 0.515331 0.018487
vt 0.520445 0.015309
vt 0.525630 0.024965
vt 0.523233 0.023367
vt 0.649197 0.489287
vt 0.663537 0.495307
vt 0.643775 0.495687
vt 0.662251 0.482710
vt 0.524633 0.005147
vt 0.392716 0.023944
vt 0.395069 0.020885
vt 0.211195 0.040032
vt 0.212567 0.044879
vt 0.201917 0.045157
vt 0.201807 0.041410
vt 0.212931 0.037632
vt 0.227021 0.037576
vt 0.226861 0.040568
vt 0.227126 0.044714
vt 0.512981 0.020607
vt 0.824985 0.014384
vt 0.835199 0.014347
vt 0.834227 0.022568
vt 0.824717 0.023247
vt 0.819259 0.022708
vt 0.822775 0.013247
vt 0.077546 0.394079
vt 0.081098 0.393204
vt 0.080230 0.405654
vt 0.076709 0.404862
vt 0.107485 0.434544
vt 0.123306 0.439164
vt 0.120634 0.456591
vt 0.108683 0.456753
vt 0.101421 0.458147
vt 0.099132 0.437307
vt 0.097092 0.421497
vt 0.101160 0.420040
vt 0.111772 0.423108
vt 0.125747 0.429089
vt 0.105309 0.416208
vt 0.990065 0.487782
vt 0.990543 0.477621
vt 0.995858 0.478310
vt 0.994020 0.496121
vt 0.987598 0.499173
vt 0.987402 0.489563
vt 0.987072 0.476676
vt 0.009013 0.386282
vt 0.010683 0.376674
vt 0.016711 0.375908
vt 0.016781 0.388450
vt 0.978447 0.674539
vt 0.984847 0.677109
vt 0.980863 0.685476
vt 0.973025 0.686048
vt 0.965105 0.687055
vt 0.966208 0.676915
vt 0.991017 0.667816
vt 0.993112 0.676836
vt 0.964168 0.670146
vt 0.975553 0.666773
vt 0.988201 0.661067
vt 0.988837 0.685201
vt 0.401652 0.389523
vt 0.402127 0.385278
vt 0.409563 0.383812
vt 0.406956 0.389521
vt 0.403360 0.396089
vt 0.394865 0.393689
vt 0.392689 0.388123
vt 0.059233 0.852233
vt 0.067205 0.867855
vt 0.060782 0.867213
vt 0.058243 0.857815
vt 0.064427 0.849358
vt 0.072226 0.863312
vt 0.054767 0.857774
vt 0.053727 0.849346
vt 0.055623 0.867590
vt 0.894764 0.207057
vt 0.899128 0.207547
vt 0.898628 0.213352
vt 0.893115 0.210857
vt 0.889129 0.207404
vt 0.892580 0.202829
vt 0.898830 0.201110
vt 0.949614 0.671508
vt 0.961589 0.665371
vt 0.954930 0.673844
vt 0.508795 0.140857
vt 0.514561 0.142468
vt 0.512924 0.146988
vt 0.506282 0.146810
vt 0.926655 0.247159
vt 0.940039 0.242876
vt 0.940641 0.247132
vt 0.915594 0.250870
vt 0.886102 0.198895
vt 0.890864 0.192828
vt 0.051133 0.828166
vt 0.055689 0.838957
vt 0.049491 0.839030
vt 0.043912 0.830138
vt 0.060483 0.832245
vt 0.062056 0.838762
vt 0.382262 0.393795
vt 0.381177 0.388173
vt 0.393038 0.399590
vt 0.384589 0.400775
vt 0.398251 0.403387
vt 0.894291 0.531225
vt 0.897815 0.533883
vt 0.893257 0.541073
vt 0.889267 0.536261
vt 0.884145 0.532052
vt 0.895943 0.525888
vt 0.882420 0.546872
vt 0.833642 0.790328
vt 0.820756 0.791039
vt 0.821863 0.776245
vt 0.827822 0.777467
vt 0.024392 0.062328
vt 0.022434 0.075840
vt 0.018444 0.073312
vt 0.018307 0.055541
vt 0.834768 0.764221
vt 0.837202 0.770839
vt 0.832807 0.782904
vt 0.830575 0.780888
vt 0.842701 0.759489
vt 0.841296 0.768457
vt 0.828594 0.761103
vt 0.852119 0.240690
vt 0.856987 0.238336
vt 0.856987 0.253268
vt 0.853918 0.252780
vt 0.342193 0.012756
vt 0.342980 0.010860
vt 0.345605 0.010339
vt 0.345605 0.016185
vt 0.018922 0.037622
vt 0.022216 0.042860
vt 0.953835 0.009593
vt 0.932294 0.009593
vt 0.934338 0.007419
vt 0.950571 0.006103
vt 0.420426 0.014441
vt 0.421549 0.015912
vt 0.422777 0.019312
vt 0.419859 0.019306
vt 0.836152 0.793051
vt 0.830198 0.807104
vt 0.824268 0.804635
vt 0.440634 0.726070
vt 0.450952 0.728957
vt 0.449092 0.733606
vt 0.432694 0.730504
vt 0.441338 0.722072
vt 0.451230 0.726520
vt 0.429186 0.718838
vt 0.868663 0.147991
vt 0.865301 0.146174
vt 0.864228 0.130101
vt 0.868285 0.131264
vt 0.890635 0.428616
vt 0.872510 0.433908
vt 0.871134 0.430070
vt 0.883184 0.428267
vt 0.424478 0.710257
vt 0.427525 0.717223
vt 0.419160 0.711906
vt 0.415311 0.701701
vt 0.417617 0.720801
vt 0.397977 0.720968
vt 0.397782 0.708104
vt 0.398160 0.693966
vt 0.510712 0.407015
vt 0.502106 0.408139
vt 0.494989 0.407274
vt 0.496775 0.402081
vt 0.432743 0.714629
vt 0.444744 0.741661
vt 0.428265 0.741021
vt 0.068939 0.457800
vt 0.070313 0.438950
vt 0.075710 0.439201
vt 0.076884 0.459937
vt 0.886767 0.017024
vt 0.888912 0.020655
vt 0.880057 0.025573
vt 0.878329 0.022726
vt 0.077283 0.485362
vt 0.071921 0.485175
vt 0.065370 0.485627
vt 0.066779 0.459259
vt 0.061461 0.464003
vt 0.060977 0.450093
vt 0.066466 0.449540
vt 0.869489 0.028928
vt 0.868714 0.024572
vt 0.868922 0.018729
vt 0.076365 0.405316
vt 0.077012 0.422153
vt 0.072874 0.422773
vt 0.071336 0.407229
vt 0.835418 0.035340
vt 0.839175 0.036282
vt 0.835105 0.052263
vt 0.830679 0.052625
vt 0.825266 0.036921
vt 0.824719 0.052623
vt 0.862749 0.034016
vt 0.864432 0.038549
vt 0.882458 0.206731
vt 0.886068 0.210070
vt 0.883343 0.212357
vt 0.880307 0.210400
vt 0.355369 0.001576
vt 0.353751 0.002869
vt 0.350095 0.001664
vt 0.353146 0.001576
vt 0.881913 0.219473
vt 0.886241 0.218653
vt 0.884523 0.226614
vt 0.878513 0.224663
vt 0.878622 0.216017
vt 0.872387 0.222219
vt 0.861083 0.039593
vt 0.866975 0.046638
vt 0.860579 0.045643
vt 0.501622 0.975488
vt 0.503593 0.983362
vt 0.490325 0.983773
vt 0.487723 0.974658
vt 0.513364 0.967467
vt 0.512651 0.973832
vt 0.503958 0.976247
vt 0.504643 0.957219
vt 0.515355 0.953716
vt 0.490571 0.960343
vt 0.953524 0.323135
vt 0.951690 0.315312
vt 0.969278 0.327822
vt 0.955329 0.331785
vt 0.940648 0.341941
vt 0.930943 0.341600
vt 0.932098 0.328614
vt 0.940304 0.327585
vt 0.959142 0.338571
vt 0.947081 0.347779
vt 0.069312 0.045819
vt 0.069646 0.064408
vt 0.061704 0.066861
vt 0.061744 0.047767
vt 0.078176 0.049001
vt 0.077544 0.063968
vt 0.387542 0.031251
vt 0.378024 0.035207
vt 0.379891 0.032725
vt 0.271849 0.398970
vt 0.266607 0.402925
vt 0.267104 0.396052
vt 0.272655 0.392073
vt 0.970864 0.416255
vt 0.976909 0.419355
vt 0.974828 0.421135
vt 0.967803 0.421217
vt 0.959997 0.417159
vt 0.959655 0.410896
vt 0.968039 0.410994
vt 0.958607 0.421278
vt 0.930702 0.404125
vt 0.930638 0.413622
vt 0.925346 0.413895
vt 0.924445 0.404836
vt 0.921884 0.393101
vt 0.927090 0.392569
vt 0.235253 0.426886
vt 0.230778 0.424663
vt 0.231442 0.418648
vt 0.236611 0.420363
vt 0.967622 0.026141
vt 0.966869 0.014332
vt 0.971673 0.013761
vt 0.972989 0.023370
vt 0.937245 0.406955
vt 0.936276 0.413375
vt 0.236437 0.405974
vt 0.237474 0.413846
vt 0.231368 0.412400
vt 0.230777 0.406513
vt 0.951574 0.402167
vt 0.951260 0.411365
vt 0.943302 0.412832
vt 0.943848 0.406204
vt 0.952666 0.389812
vt 0.957245 0.389405
vt 0.958615 0.401411
vt 0.949632 0.273453
vt 0.945139 0.270713
vt 0.945212 0.261461
vt 0.949258 0.261082
vt 0.216563 0.411568
vt 0.224053 0.411110
vt 0.224428 0.417517
vt 0.216558 0.416818
vt 0.028042 0.001582
vt 0.033480 0.001580
vt 0.033651 0.006632
vt 0.027175 0.007080
vt 0.935561 0.272967
vt 0.933237 0.268100
vt 0.939592 0.269495
vt 0.941677 0.275030
vt 0.929512 0.422512
vt 0.925749 0.430957
vt 0.922698 0.431543
vt 0.924293 0.422312
vt 0.935964 0.419983
vt 0.802304 0.170447
vt 0.803643 0.178820
vt 0.552624 0.399794
vt 0.546396 0.402336
vt 0.545715 0.398231
vt 0.550982 0.395492
vt 0.582822 0.462080
vt 0.582252 0.466844
vt 0.578239 0.465984
vt 0.581129 0.460079
vt 0.589600 0.462693
vt 0.589927 0.467860
vt 0.589615 0.459668
vt 0.618781 0.488682
vt 0.599981 0.488130
vt 0.888979 0.262090
vt 0.887254 0.259685
vt 0.619274 0.493862
vt 0.600985 0.495097
vt 0.532506 0.002356
vt 0.537357 0.001804
vt 0.535469 0.012842
vt 0.529885 0.014016
vt 0.349610 0.022409
vt 0.357534 0.026419
vt 0.932385 0.358593
vt 0.932360 0.368725
vt 0.926920 0.368729
vt 0.926985 0.358967
vt 0.940562 0.363267
vt 0.940807 0.370782
vt 0.542048 0.352154
vt 0.538839 0.357530
vt 0.535785 0.354946
vt 0.537251 0.349885
vt 0.544753 0.361078
vt 0.540523 0.362193
vt 0.546233 0.351324
vt 0.548338 0.359152
vt 0.540549 0.339817
vt 0.544698 0.339748
vt 0.536807 0.340018
vt 0.592070 0.819295
vt 0.589561 0.815801
vt 0.591470 0.814920
vt 0.592543 0.820407
vt 0.535744 0.354454
vt 0.535855 0.349144
vt 0.478672 0.728157
vt 0.464621 0.731776
vt 0.463961 0.725436
vt 0.478576 0.721826
vt 0.474716 0.741110
vt 0.462436 0.741395
vt 0.449665 0.391392
vt 0.450406 0.398227
vt 0.446303 0.403091
vt 0.440214 0.400347
vt 0.434721 0.393114
vt 0.439994 0.385275
vt 0.487923 0.731074
vt 0.482567 0.743646
vt 0.433443 0.403266
vt 0.423506 0.399282
vt 0.452489 0.404355
vt 0.459384 0.402881
vt 0.454991 0.409612
vt 0.447257 0.409498
vt 0.464276 0.408660
vt 0.858483 0.104829
vt 0.849628 0.101649
vt 0.855645 0.100581
vt 0.861841 0.098428
vt 0.868920 0.098428
vt 0.866212 0.105855
vt 0.204246 0.017975
vt 0.215758 0.013881
vt 0.528029 0.101028
vt 0.531591 0.104639
vt 0.521894 0.123578
vt 0.515484 0.118449
vt 0.520872 0.099230
vt 0.524146 0.084337
vt 0.531264 0.089564
vt 0.512290 0.114962
vt 0.522687 0.066516
vt 0.526749 0.074057
vt 0.519691 0.082351
vt 0.776718 0.823082
vt 0.778044 0.818284
vt 0.788275 0.819670
vt 0.789027 0.822023
vt 0.767524 0.822588
vt 0.767319 0.818398
vt 0.536252 0.170261
vt 0.543010 0.166081
vt 0.542903 0.178363
vt 0.538066 0.179473
vt 0.538426 0.157984
vt 0.543496 0.155842
vt 0.801714 0.822016
vt 0.795618 0.821381
vt 0.537348 0.145292
vt 0.542664 0.145209
vt 0.797657 0.816612
vt 0.806757 0.817398
vt 0.789014 0.814898
vt 0.819449 0.811870
vt 0.820333 0.816730
vt 0.810129 0.812254
vt 0.814787 0.804530
vt 0.153907 0.005131
vt 0.153248 0.009456
vt 0.142630 0.012456
vt 0.154244 0.001997
vt 0.888675 0.036001
vt 0.893437 0.037089
vt 0.891926 0.040258
vt 0.886949 0.040090
vt 0.887616 0.031766
vt 0.890764 0.030597
vt 0.892272 0.033589
vt 0.950840 0.068472
vt 0.952089 0.067461
vt 0.955438 0.073690
vt 0.953153 0.074867
vt 0.947873 0.066596
vt 0.948825 0.063996
vt 0.948055 0.072594
vt 0.886655 0.027300
vt 0.890367 0.028056
vt 0.957647 0.076927
vt 0.956594 0.087006
vt 0.952196 0.085839
vt 0.004638 0.909141
vt 0.014401 0.895840
vt 0.014539 0.906667
vt 0.001782 0.924163
vt 0.377908 0.066320
vt 0.375725 0.057890
vt 0.393972 0.063807
vt 0.393737 0.071164
vt 0.348048 0.061782
vt 0.349174 0.053218
vt 0.019730 0.904785
vt 0.013706 0.915718
vt 0.007036 0.922786
vt 0.026890 0.893908
vt 0.028162 0.897340
vt 0.026440 0.888455
vt 0.367565 0.072093
vt 0.343716 0.071683
vt 0.823253 0.479444
vt 0.824130 0.486669
vt 0.815262 0.473812
vt 0.824109 0.471023
vt 0.803683 0.477208
vt 0.805008 0.476436
vt 0.008847 0.024514
vt 0.007414 0.033253
vt 0.002124 0.032651
vt 0.001671 0.023020
vt 0.129873 0.018130
vt 0.126082 0.023110
vt 0.126082 0.015595
vt 0.129770 0.012380
vt 0.388162 0.079408
vt 0.384974 0.101832
vt 0.379130 0.105868
vt 0.382644 0.088636
vt 0.981987 0.199635
vt 0.977438 0.202039
vt 0.979356 0.181241
vt 0.982335 0.180488
vt 0.931973 0.379046
vt 0.926274 0.379720
vt 0.973089 0.001594
vt 0.969273 0.001685
vt 0.979110 0.005424
vt 0.978223 0.014026
vt 0.940934 0.376882
vt 0.868872 0.367674
vt 0.859940 0.368858
vt 0.859781 0.362544
vt 0.867538 0.361239
vt 0.036045 0.016560
vt 0.039843 0.016299
vt 0.038187 0.020791
vt 0.032130 0.020038
vt 0.034754 0.012206
vt 0.039849 0.010839
vt 0.028685 0.013721
vt 0.860172 0.348935
vt 0.859606 0.355394
vt 0.851740 0.355298
vt 0.854726 0.347253
vt 0.863299 0.347639
vt 0.865933 0.354184
vt 0.037501 0.006916
vt 0.992244 0.018567
vt 0.986873 0.020062
vt 0.985609 0.014170
vt 0.992914 0.014104
vt 0.994789 0.020617
vt 0.989194 0.024652
vt 0.952173 0.377264
vt 0.950200 0.366947
vt 0.959879 0.369561
vt 0.961455 0.378154
vt 0.950475 0.379359
vt 0.964059 0.389136
vt 0.816794 0.166663
vt 0.812743 0.163748
vt 0.813774 0.160730
vt 0.817071 0.163024
vt 0.484611 0.091469
vt 0.480768 0.091571
vt 0.481586 0.087050
vt 0.486703 0.089319
vt 0.815146 0.169211
vt 0.811729 0.166884
vt 0.033868 0.032105
vt 0.039448 0.032789
vt 0.039099 0.050111
vt 0.034979 0.050261
vt 0.561553 0.351335
vt 0.562496 0.362667
vt 0.556978 0.365423
vt 0.556393 0.357989
vt 0.956983 0.205424
vt 0.955984 0.212381
vt 0.950927 0.211925
vt 0.951314 0.204092
vt 0.028331 0.034748
vt 0.024591 0.025255
vt 0.028422 0.022306
vt 0.030418 0.050742
vt 0.809602 0.141272
vt 0.812310 0.149978
vt 0.806697 0.151475
vt 0.802875 0.146907
vt 0.799534 0.143248
vt 0.806276 0.135556
vt 0.815023 0.123067
vt 0.816943 0.126809
vt 0.007166 0.010290
vt 0.009481 0.005949
vt 0.013271 0.012056
vt 0.008831 0.016001
vt 0.830799 0.461478
vt 0.831947 0.467397
vt 0.823661 0.463200
vt 0.822838 0.458789
vt 0.832413 0.458501
vt 0.806140 0.159695
vt 0.810793 0.156946
vt 0.816930 0.211735
vt 0.816930 0.216519
vt 0.813070 0.213531
vt 0.813690 0.208154
vt 0.495227 0.092709
vt 0.490607 0.092709
vt 0.490423 0.086816
vt 0.951168 0.505202
vt 0.955034 0.516230
vt 0.950768 0.516098
vt 0.949432 0.506955
vt 0.943871 0.502335
vt 0.943264 0.497677
vt 0.950868 0.497434
vt 0.960098 0.497089
vt 0.960311 0.505010
vt 0.932274 0.042714
vt 0.913107 0.040468
vt 0.909770 0.030212
vt 0.926192 0.031451
vt 0.949731 0.033658
vt 0.954380 0.039152
vt 0.947291 0.049567
vt 0.944905 0.060935
vt 0.930442 0.055834
vt 0.914948 0.049755
vt 0.387420 0.408141
vt 0.440548 0.047674
vt 0.437524 0.054005
vt 0.431125 0.052679
vt 0.436509 0.044294
vt 0.447118 0.038887
vt 0.448706 0.045954
vt 0.447974 0.053666
vt 0.476816 0.069710
vt 0.479287 0.060497
vt 0.482491 0.074312
vt 0.474182 0.080041
vt 0.469337 0.077732
vt 0.344119 0.008834
vt 0.332418 0.008834
vt 0.466790 0.065912
vt 0.469079 0.056433
vt 0.463655 0.075197
vt 0.797511 0.151953
vt 0.794130 0.150587
vt 0.800647 0.155311
vt 0.796565 0.157846
vt 0.964450 0.525486
vt 0.960674 0.526664
vt 0.961129 0.516558
vt 0.966115 0.517486
vt 0.059985 0.006977
vt 0.060886 0.012494
vt 0.056167 0.012285
vt 0.056082 0.005238
vt 0.932403 0.302961
vt 0.940324 0.301864
vt 0.939793 0.308413
vt 0.930815 0.308542
vt 0.848751 0.268720
vt 0.839214 0.252705
vt 0.846112 0.252368
vt 0.855097 0.267908
vt 0.832240 0.251956
vt 0.846738 0.279372
vt 0.068442 0.877325
vt 0.062466 0.875972
vt 0.080602 0.872257
vt 0.073953 0.876597
vt 0.998288 0.261315
vt 0.991577 0.252386
vt 0.992132 0.248683
vt 0.998294 0.251605
vt 0.052021 0.885050
vt 0.054402 0.881054
vt 0.060008 0.882968
vt 0.053600 0.888203
vt 0.432157 0.087458
vt 0.426630 0.084710
vt 0.430482 0.081212
vt 0.436250 0.085741
vt 0.045605 0.891462
vt 0.046365 0.886189
vt 0.899344 0.674954
vt 0.903569 0.671066
vt 0.907880 0.679075
vt 0.900616 0.680772
vt 0.892612 0.683538
vt 0.893563 0.674716
vt 0.895131 0.667845
vt 0.426507 0.070687
vt 0.434547 0.077921
vt 0.421928 0.076645
vt 0.437093 0.069197
vt 0.440344 0.075037
vt 0.425185 0.061155
vt 0.435633 0.061293
vt 0.409680 0.066971
vt 0.408797 0.058864
vt 0.407981 0.072740
vt 0.889496 0.251854
vt 0.890971 0.239718
vt 0.895803 0.239388
vt 0.903262 0.690394
vt 0.911050 0.685808
vt 0.026551 0.338142
vt 0.025651 0.329092
vt 0.033020 0.332124
vt 0.032715 0.338950
vt 0.022882 0.339413
vt 0.019286 0.331165
vt 0.902011 0.282621
vt 0.898728 0.286287
vt 0.886558 0.288692
vt 0.887092 0.283020
vt 0.029505 0.312142
vt 0.038084 0.311351
vt 0.039734 0.331654
vt 0.022382 0.312483
vt 0.904806 0.290648
vt 0.885478 0.292520
vt 0.041677 0.352622
vt 0.036154 0.351892
vt 0.136717 0.421293
vt 0.133892 0.416279
vt 0.147580 0.408255
vt 0.146976 0.422237
vt 0.961865 0.029786
vt 0.961339 0.036324
vt 0.564728 0.571089
vt 0.557739 0.571602
vt 0.556181 0.558225
vt 0.561252 0.558449
vt 0.564809 0.558755
vt 0.564864 0.569314
vt 0.564993 0.583905
vt 0.559202 0.586937
vt 0.466721 0.855055
vt 0.480476 0.860285
vt 0.477186 0.878000
vt 0.461260 0.874630
vt 0.464412 0.843343
vt 0.479883 0.838323
vt 0.481189 0.849741
vt 0.914568 0.064367
vt 0.906646 0.064007
vt 0.902700 0.056647
vt 0.915367 0.058631
vt 0.928908 0.069176
vt 0.919056 0.073130
vt 0.910060 0.074964
vt 0.944602 0.073276
vt 0.930950 0.087119
vt 0.919406 0.088230
vt 0.944212 0.087792
vt 0.873742 0.067322
vt 0.868093 0.061702
vt 0.878958 0.057198
vt 0.880792 0.064245
vt 0.872993 0.072756
vt 0.862698 0.068298
vt 0.861349 0.053869
vt 0.851897 0.053869
vt 0.854661 0.048050
vt 0.865811 0.049616
vt 0.375555 0.662720
vt 0.373435 0.685840
vt 0.351348 0.683688
vt 0.349998 0.663658
vt 0.364088 0.637687
vt 0.384699 0.629342
vt 0.396325 0.648581
vt 0.401175 0.677802
vt 0.344647 0.641403
vt 0.133828 0.026816
vt 0.135928 0.024809
vt 0.142930 0.028750
vt 0.142008 0.031230
vt 0.132614 0.031301
vt 0.120540 0.031841
vt 0.119945 0.027415
vt 0.051267 0.001578
vt 0.052082 0.001823
vt 0.049294 0.002818
vt 0.049856 0.001575
vt 0.538843 0.080749
vt 0.541166 0.079679
vt 0.528740 0.353168
vt 0.523802 0.352317
vt 0.527069 0.337158
vt 0.532276 0.341747
vt 0.528383 0.366347
vt 0.522258 0.365323
vt 0.514559 0.365424
vt 0.515500 0.352055
vt 0.527145 0.374147
vt 0.520927 0.374210
vt 0.512893 0.375240
vt 0.501540 0.376172
vt 0.503778 0.366325
vt 0.774685 0.440990
vt 0.772570 0.448813
vt 0.764093 0.445008
vt 0.765223 0.436162
vt 0.767017 0.425011
vt 0.777679 0.430119
vt 0.769063 0.412072
vt 0.779615 0.417036
vt 0.753434 0.431702
vt 0.754652 0.420124
vt 0.755980 0.407580
vt 0.756642 0.392082
vt 0.770232 0.396081
vt 0.740228 0.415797
vt 0.740737 0.403023
vt 0.740896 0.387996
vt 0.740833 0.371842
vt 0.756944 0.375320
vt 0.723356 0.398247
vt 0.723299 0.383894
vt 0.723143 0.368378
vt 0.722787 0.352242
vt 0.740760 0.355204
vt 0.705337 0.380257
vt 0.705027 0.365313
vt 0.704547 0.349552
vt 0.703880 0.332808
vt 0.722235 0.335309
vt 0.686755 0.362753
vt 0.686245 0.347262
vt 0.685607 0.330716
vt 0.685004 0.313854
vt 0.703239 0.315786
vt 0.667901 0.345487
vt 0.667286 0.329203
vt 0.666721 0.312456
vt 0.666415 0.295589
vt 0.684700 0.296797
vt 0.648845 0.328113
vt 0.648355 0.311609
vt 0.648100 0.294798
vt 0.648007 0.277616
vt 0.666395 0.278341
vt 0.629881 0.310924
vt 0.629652 0.294148
vt 0.629584 0.276990
vt 0.629278 0.259874
vt 0.647816 0.260229
vt 0.611118 0.293682
vt 0.610934 0.276584
vt 0.610571 0.259692
vt 0.609832 0.242452
vt 0.628757 0.242441
vt 0.592686 0.276584
vt 0.592086 0.259715
vt 0.591164 0.242688
vt 0.589957 0.225682
vt 0.608795 0.225131
vt 0.575172 0.261069
vt 0.574068 0.243920
vt 0.573315 0.226643
vt 0.572537 0.208996
vt 0.588947 0.208123
vt 0.560302 0.246114
vt 0.559804 0.228470
vt 0.559495 0.210756
vt 0.559310 0.193010
vt 0.571841 0.191229
vt 0.303333 0.429977
vt 0.322013 0.430491
vt 0.320578 0.442569
vt 0.301603 0.442375
vt 0.282847 0.442165
vt 0.284564 0.429624
vt 0.264279 0.441882
vt 0.265944 0.429298
vt 0.300162 0.458091
vt 0.281171 0.458289
vt 0.262398 0.458167
vt 0.243846 0.457466
vt 0.245941 0.441377
vt 0.279704 0.476358
vt 0.260534 0.476511
vt 0.241421 0.475999
vt 0.222282 0.474467
vt 0.225389 0.455360
vt 0.259113 0.495726
vt 0.239475 0.495660
vt 0.219886 0.494850
vt 0.200669 0.493140
vt 0.203881 0.471716
vt 0.238194 0.515596
vt 0.218108 0.515412
vt 0.198138 0.514592
vt 0.178311 0.513226
vt 0.181870 0.490807
vt 0.217187 0.535748
vt 0.196687 0.535509
vt 0.176170 0.534901
vt 0.156028 0.534082
vt 0.158901 0.511478
vt 0.196730 0.556368
vt 0.176041 0.556481
vt 0.156265 0.556121
vt 0.139859 0.555720
vt 0.139477 0.533095
vt 0.178309 0.578544
vt 0.158246 0.579086
vt 0.141692 0.578917
vt 0.131628 0.578472
vt 0.129224 0.555384
vt 0.160750 0.601213
vt 0.143191 0.600878
vt 0.132794 0.600434
vt 0.124969 0.599938
vt 0.123979 0.577968
vt 0.143496 0.621580
vt 0.132648 0.620837
vt 0.124701 0.620166
vt 0.118161 0.619608
vt 0.118326 0.599489
vt 0.131741 0.641412
vt 0.123969 0.640665
vt 0.117786 0.640021
vt 0.112158 0.639521
vt 0.111868 0.619169
vt 0.122167 0.661666
vt 0.115868 0.660846
vt 0.110105 0.659884
vt 0.105410 0.659289
vt 0.106891 0.639203
vt 0.114533 0.681715
vt 0.109433 0.681535
vt 0.104843 0.681717
vt 0.981390 0.154981
vt 0.985834 0.154155
vt 0.986829 0.175004
vt 0.983088 0.176255
vt 0.108778 0.702829
vt 0.104058 0.702586
vt 0.981884 0.135270
vt 0.986663 0.134493
vt 0.991699 0.133873
vt 0.991284 0.154103
vt 0.983515 0.114012
vt 0.987731 0.114369
vt 0.991547 0.114483
vt 0.995629 0.114131
vt 0.996294 0.133369
vt 0.988409 0.093204
vt 0.992414 0.093043
vt 0.996796 0.093610
vt 0.097675 0.746090
vt 0.093183 0.745268
vt 0.093625 0.724101
vt 0.098058 0.724132
vt 0.990452 0.073743
vt 0.995109 0.073834
vt 0.094467 0.765864
vt 0.090829 0.765048
vt 0.086879 0.764294
vt 0.088600 0.744676
vt 0.998133 0.073505
vt 0.992981 0.060284
vt 0.997483 0.059788
vt 0.091111 0.779809
vt 0.087417 0.779575
vt 0.082703 0.779728
vt 0.082448 0.763522
vt 0.084306 0.790703
vt 0.081315 0.790642
vt 0.078634 0.780034
vt 0.086686 0.798461
vt 0.865964 0.334197
vt 0.865601 0.327854
vt 0.870576 0.325490
vt 0.869514 0.331855
vt 0.868409 0.341284
vt 0.873126 0.340348
vt 0.873831 0.355849
vt 0.870134 0.357143
vt 0.078162 0.762763
vt 0.875854 0.331296
vt 0.397492 0.029093
vt 0.391334 0.028989
vt 0.880700 0.331723
vt 0.878153 0.372687
vt 0.873936 0.374596
vt 0.079159 0.743788
vt 0.084018 0.744193
vt 0.079115 0.723734
vt 0.084256 0.723783
vt 0.089091 0.723945
vt 0.083860 0.702477
vt 0.089072 0.702645
vt 0.094267 0.703178
vt 0.089329 0.681704
vt 0.094626 0.681806
vt 0.098907 0.681805
vt 0.098407 0.703703
vt 0.093254 0.660034
vt 0.097844 0.660161
vt 0.996138 0.153965
vt 0.995893 0.173735
vt 0.991486 0.174273
vt 0.995685 0.193332
vt 0.991938 0.194147
vt 0.987617 0.194595
vt 0.991034 0.213201
vt 0.985988 0.213427
vt 0.102652 0.638944
vt 0.102406 0.618503
vt 0.106002 0.618882
vt 0.102270 0.659725
vt 0.102664 0.597632
vt 0.106710 0.598000
vt 0.112277 0.598881
vt 0.106488 0.576881
vt 0.111707 0.577289
vt 0.117357 0.577542
vt 0.108490 0.555066
vt 0.114502 0.554998
vt 0.121028 0.555066
vt 0.111741 0.531677
vt 0.118658 0.531788
vt 0.127873 0.532333
vt 0.118308 0.507614
vt 0.129357 0.508450
vt 0.142047 0.509613
vt 0.132117 0.483905
vt 0.146589 0.485736
vt 0.163608 0.487992
vt 0.151647 0.460725
vt 0.168573 0.463730
vt 0.186007 0.467667
vt 0.172363 0.444959
vt 0.189918 0.447764
vt 0.207575 0.451935
vt 0.192665 0.434858
vt 0.210555 0.437240
vt 0.228137 0.439707
vt 0.212458 0.427539
vt 0.229287 0.429254
vt 0.247489 0.429189
vt 0.558247 0.158067
vt 0.557630 0.141010
vt 0.568290 0.139140
vt 0.570080 0.156084
vt 0.571018 0.173485
vt 0.558804 0.175423
vt 0.585974 0.155221
vt 0.587123 0.172799
vt 0.588081 0.190522
vt 0.605861 0.172996
vt 0.606835 0.190521
vt 0.607808 0.208027
vt 0.626228 0.190334
vt 0.627114 0.207888
vt 0.627988 0.225222
vt 0.646297 0.207751
vt 0.646901 0.225117
vt 0.647507 0.242654
vt 0.665688 0.225556
vt 0.666027 0.243166
vt 0.666347 0.260915
vt 0.684455 0.244083
vt 0.684635 0.261742
vt 0.684664 0.279464
vt 0.702873 0.263294
vt 0.702789 0.280906
vt 0.702856 0.298492
vt 0.720878 0.282873
vt 0.721043 0.300782
vt 0.721509 0.318295
vt 0.739305 0.303212
vt 0.739942 0.320886
vt 0.740548 0.338049
vt 0.757186 0.323235
vt 0.757575 0.340983
vt 0.757206 0.358497
vt 0.772093 0.344713
vt 0.771598 0.362445
vt 0.771071 0.379506
vt 0.783179 0.367789
vt 0.782636 0.385083
vt 0.781172 0.401411
vt 0.470359 0.375070
vt 0.452678 0.374542
vt 0.456032 0.364945
vt 0.474180 0.365887
vt 0.490142 0.366742
vt 0.487365 0.375790
vt 0.477715 0.353635
vt 0.493234 0.353168
vt 0.505742 0.352455
vt 0.495946 0.338188
vt 0.507557 0.337323
vt 0.518134 0.336736
vt 0.509687 0.320955
vt 0.520804 0.320856
vt 0.528207 0.321795
vt 0.522843 0.304356
vt 0.532175 0.311003
vt 0.523110 0.285612
vt 0.532125 0.285056
vt 0.512222 0.285885
vt 0.512233 0.268958
vt 0.511436 0.303927
vt 0.500464 0.304324
vt 0.501493 0.286521
vt 0.498407 0.321543
vt 0.484242 0.322131
vt 0.486862 0.304811
vt 0.480977 0.339386
vt 0.463168 0.339618
vt 0.466572 0.322637
vt 0.459550 0.353616
vt 0.440555 0.353255
vt 0.443988 0.339525
vt 0.437049 0.365186
vt 0.417664 0.365715
vt 0.420496 0.353845
vt 0.434120 0.374352
vt 0.415141 0.375698
vt 0.395610 0.377808
vt 0.397896 0.367257
vt 0.783891 0.349563
vt 0.771864 0.326138
vt 0.784477 0.330548
vt 0.771034 0.308113
vt 0.783953 0.312682
vt 0.756210 0.305449
vt 0.756053 0.287695
vt 0.771032 0.290876
vt 0.738892 0.285168
vt 0.739065 0.267345
vt 0.756593 0.270045
vt 0.720928 0.265358
vt 0.721289 0.247473
vt 0.739616 0.249703
vt 0.702947 0.245471
vt 0.703109 0.228053
vt 0.721714 0.229915
vt 0.684415 0.226576
vt 0.684571 0.208942
vt 0.703493 0.210455
vt 0.665498 0.208011
vt 0.665418 0.190680
vt 0.684899 0.191587
vt 0.645801 0.190313
vt 0.645375 0.172953
vt 0.665413 0.173635
vt 0.625452 0.173029
vt 0.624818 0.155664
vt 0.645001 0.155969
vt 0.604888 0.155468
vt 0.604012 0.137868
vt 0.624332 0.138379
vt 0.584523 0.137731
vt 0.582417 0.120325
vt 0.602975 0.120461
vt 0.565509 0.122481
vt 0.563102 0.105705
vt 0.580125 0.103076
vt 0.556128 0.124656
vt 0.552048 0.107362
vt 0.550519 0.089873
vt 0.561676 0.088745
vt 0.194438 0.426123
vt 0.174297 0.434099
vt 0.175387 0.427171
vt 0.156954 0.433667
vt 0.158006 0.426195
vt 0.155182 0.443103
vt 0.138883 0.441397
vt 0.140829 0.432490
vt 0.135539 0.458390
vt 0.119417 0.482000
vt 0.109300 0.482124
vt 0.109663 0.507479
vt 0.103166 0.507909
vt 0.101458 0.482630
vt 0.106034 0.531826
vt 0.101281 0.532030
vt 0.098748 0.508511
vt 0.103223 0.555006
vt 0.976819 0.272161
vt 0.981679 0.272032
vt 0.980342 0.292457
vt 0.975106 0.292722
vt 0.980610 0.253297
vt 0.984338 0.252660
vt 0.988388 0.252391
vt 0.986345 0.271678
vt 0.102366 0.576268
vt 0.985627 0.232957
vt 0.989783 0.232457
vt 0.099543 0.597309
vt 0.094941 0.596662
vt 0.094245 0.575445
vt 0.099238 0.575685
vt 0.099756 0.618157
vt 0.095485 0.617738
vt 0.090041 0.617453
vt 0.089668 0.596126
vt 0.100037 0.638782
vt 0.096599 0.638633
vt 0.091452 0.638582
vt 0.086247 0.638647
vt 0.084847 0.617227
vt 0.088487 0.660160
vt 0.083074 0.660144
vt 0.080924 0.638691
vt 0.083518 0.681262
vt 0.077219 0.681216
vt 0.076849 0.659901
vt 0.078243 0.702413
vt 0.073610 0.702880
vt 0.071350 0.681521
vt 0.882848 0.411148
vt 0.877694 0.392661
vt 0.882274 0.390043
vt 0.886625 0.407533
vt 0.075494 0.723340
vt 0.076442 0.743174
vt 0.072990 0.742818
vt 0.070876 0.723450
vt 0.068147 0.703172
vt 0.063319 0.703626
vt 0.060148 0.682709
vt 0.065451 0.681889
vt 0.066327 0.723610
vt 0.068513 0.742460
vt 0.064208 0.742021
vt 0.063034 0.723756
vt 0.059691 0.704029
vt 0.571388 0.550183
vt 0.573346 0.533512
vt 0.578306 0.533778
vt 0.576506 0.550416
vt 0.574849 0.567124
vt 0.569669 0.567700
vt 0.056652 0.683520
vt 0.574094 0.584782
vt 0.568940 0.585395
vt 0.053034 0.662599
vt 0.057696 0.661884
vt 0.050416 0.641472
vt 0.055524 0.640701
vt 0.061512 0.639903
vt 0.063620 0.661200
vt 0.068714 0.639159
vt 0.070246 0.660485
vt 0.075883 0.638665
vt 0.067402 0.617560
vt 0.075932 0.616974
vt 0.079918 0.616989
vt 0.110311 0.037422
vt 0.109122 0.033222
vt 0.128724 0.033798
vt 0.130014 0.038901
vt 0.079545 0.595258
vt 0.084434 0.595657
vt 0.078873 0.574285
vt 0.083816 0.574674
vt 0.088955 0.575069
vt 0.082960 0.553470
vt 0.087966 0.553757
vt 0.092940 0.553978
vt 0.086348 0.531936
vt 0.090845 0.531939
vt 0.095582 0.531906
vt 0.097539 0.554141
vt 0.087612 0.508932
vt 0.091365 0.508872
vt 0.095066 0.508812
vt 0.099563 0.532113
vt 0.984743 0.291551
vt 0.089049 0.483522
vt 0.092471 0.483381
vt 0.096048 0.483187
vt 0.979143 0.312417
vt 0.976974 0.313877
vt 0.092036 0.459319
vt 0.096397 0.459152
vt 0.090793 0.438664
vt 0.094788 0.438183
vt 0.089147 0.422541
vt 0.093235 0.422205
vt 0.088404 0.407246
vt 0.092237 0.407632
vt 0.095988 0.407973
vt 0.093446 0.394234
vt 0.098287 0.395984
vt 0.100570 0.398497
vt 0.099216 0.408436
vt 0.064444 0.028464
vt 0.067135 0.018673
vt 0.070613 0.022140
vt 0.067769 0.028651
vt 0.100733 0.409312
vt 0.073112 0.026932
vt 0.070990 0.031594
vt 0.541196 0.013876
vt 0.539781 0.020590
vt 0.076611 0.016948
vt 0.078084 0.022838
vt 0.973126 0.259392
vt 0.966041 0.256441
vt 0.966041 0.248190
vt 0.971973 0.252387
vt 0.087649 0.012267
vt 0.088333 0.017679
vt 0.074616 0.011853
vt 0.086526 0.007110
vt 0.104942 0.002249
vt 0.020720 0.578309
vt 0.022335 0.596786
vt 0.017666 0.596702
vt 0.015553 0.578210
vt 0.014286 0.559704
vt 0.018919 0.559433
vt 0.123764 0.001631
vt 0.013561 0.544055
vt 0.018226 0.544377
vt 0.023045 0.544605
vt 0.022820 0.559266
vt 0.012785 0.527893
vt 0.017043 0.528411
vt 0.021000 0.528998
vt 0.012453 0.509686
vt 0.016914 0.510306
vt 0.021089 0.510625
vt 0.016817 0.488630
vt 0.020831 0.488034
vt 0.172612 0.001692
vt 0.173080 0.005172
vt 0.170655 0.009694
vt 0.168951 0.013941
vt 0.152578 0.013507
vt 0.143829 0.016247
vt 0.167579 0.018550
vt 0.187390 0.024273
vt 0.166313 0.023652
vt 0.186269 0.029107
vt 0.165259 0.029063
vt 0.148648 0.029372
vt 0.203088 0.025465
vt 0.202971 0.029107
vt 0.660167 0.001881
vt 0.676817 0.003698
vt 0.676638 0.006715
vt 0.659164 0.005874
vt 0.690564 0.002894
vt 0.690558 0.006910
vt 0.707636 0.002586
vt 0.707729 0.006707
vt 0.707638 0.011426
vt 0.727282 0.007364
vt 0.727218 0.012246
vt 0.727530 0.017635
vt 0.707400 0.016010
vt 0.706088 0.021195
vt 0.705402 0.027909
vt 0.707438 0.038904
vt 0.707537 0.053329
vt 0.686083 0.053528
vt 0.706631 0.070096
vt 0.686354 0.069676
vt 0.667895 0.069869
vt 0.670531 0.053969
vt 0.646634 0.069854
vt 0.647868 0.054137
vt 0.622555 0.069470
vt 0.645546 0.086505
vt 0.623157 0.086377
vt 0.600810 0.085978
vt 0.600026 0.068576
vt 0.578346 0.085844
vt 0.577520 0.068331
vt 0.561090 0.071847
vt 0.561018 0.055326
vt 0.561198 0.039152
vt 0.549983 0.073228
vt 0.549487 0.057507
vt 0.548804 0.041364
vt 0.125891 0.421166
vt 0.141636 0.425153
vt 0.543851 0.044103
vt 0.540974 0.029002
vt 0.601840 0.103239
vt 0.623576 0.103639
vt 0.623925 0.120998
vt 0.644925 0.103787
vt 0.644728 0.121385
vt 0.644771 0.138846
vt 0.665095 0.121845
vt 0.665169 0.139291
vt 0.665318 0.156430
vt 0.685386 0.139751
vt 0.685575 0.157009
vt 0.685312 0.174253
vt 0.705286 0.157838
vt 0.704868 0.175415
vt 0.704117 0.193013
vt 0.723899 0.177032
vt 0.723060 0.194803
vt 0.722318 0.212325
vt 0.741770 0.196750
vt 0.740966 0.214542
vt 0.740203 0.232286
vt 0.759123 0.217037
vt 0.758328 0.234891
vt 0.757502 0.252734
vt 0.774902 0.238261
vt 0.774012 0.256611
vt 0.772387 0.273774
vt 0.786930 0.261342
vt 0.785836 0.278851
vt 0.783538 0.296051
vt 0.358709 0.377564
vt 0.340852 0.379116
vt 0.342412 0.368260
vt 0.360785 0.366024
vt 0.379136 0.365751
vt 0.376656 0.378097
vt 0.362483 0.355069
vt 0.381219 0.355007
vt 0.400441 0.355014
vt 0.383887 0.341937
vt 0.403301 0.341339
vt 0.423428 0.340292
vt 0.406005 0.325788
vt 0.426432 0.324315
vt 0.447190 0.323231
vt 0.429053 0.306562
vt 0.449995 0.305637
vt 0.469247 0.305206
vt 0.452258 0.287896
vt 0.471462 0.287517
vt 0.488572 0.287057
vt 0.473585 0.270161
vt 0.489509 0.270066
vt 0.501657 0.269652
vt 0.490197 0.254379
vt 0.502184 0.254283
vt 0.512163 0.253800
vt 0.502578 0.239697
vt 0.512276 0.239725
vt 0.503054 0.226191
vt 0.512430 0.226866
vt 0.503251 0.213691
vt 0.512265 0.214543
vt 0.504071 0.201266
vt 0.512258 0.201996
vt 0.519848 0.202293
vt 0.512419 0.189728
vt 0.519265 0.189983
vt 0.525747 0.190086
vt 0.526905 0.202509
vt 0.530893 0.190376
vt 0.531989 0.200329
vt 0.542725 0.048644
vt 0.545337 0.058155
vt 0.540407 0.058142
vt 0.539988 0.050089
vt 0.545898 0.069895
vt 0.541114 0.069887
vt 0.530648 0.177612
vt 0.525167 0.177955
vt 0.519291 0.178150
vt 0.519525 0.167098
vt 0.513766 0.167164
vt 0.514413 0.158261
vt 0.520120 0.158807
vt 0.512925 0.177890
vt 0.506282 0.177423
vt 0.507208 0.166826
vt 0.505159 0.189012
vt 0.496648 0.188059
vt 0.498040 0.176520
vt 0.495001 0.200061
vt 0.483707 0.198431
vt 0.486105 0.186878
vt 0.493472 0.212458
vt 0.481466 0.210521
vt 0.465541 0.207438
vt 0.468898 0.195809
vt 0.492118 0.225312
vt 0.478879 0.223902
vt 0.461620 0.222058
vt 0.476503 0.238500
vt 0.458195 0.237219
vt 0.474839 0.254008
vt 0.455969 0.253298
vt 0.434334 0.252925
vt 0.412182 0.253827
vt 0.454210 0.270213
vt 0.432925 0.270650
vt 0.411379 0.271972
vt 0.389952 0.274265
vt 0.390208 0.256075
vt 0.431195 0.288700
vt 0.410072 0.290031
vt 0.389043 0.292290
vt 0.367844 0.294863
vt 0.368246 0.277394
vt 0.408306 0.308081
vt 0.387691 0.310029
vt 0.366707 0.312025
vt 0.345014 0.313885
vt 0.346144 0.297364
vt 0.385945 0.327349
vt 0.365293 0.328705
vt 0.343865 0.330256
vt 0.322865 0.331601
vt 0.323614 0.315309
vt 0.363764 0.342478
vt 0.343261 0.344224
vt 0.322618 0.346435
vt 0.302349 0.347340
vt 0.302573 0.331953
vt 0.343480 0.357111
vt 0.322929 0.359245
vt 0.302194 0.360506
vt 0.282147 0.360951
vt 0.281866 0.347742
vt 0.322967 0.370181
vt 0.302059 0.371629
vt 0.281943 0.372656
vt 0.261617 0.373677
vt 0.261812 0.361821
vt 0.798529 0.226338
vt 0.797841 0.245515
vt 0.788089 0.241859
vt 0.788825 0.222603
vt 0.789235 0.203524
vt 0.799454 0.206972
vt 0.789551 0.184829
vt 0.799277 0.188221
vt 0.775515 0.219575
vt 0.776313 0.200697
vt 0.776761 0.182153
vt 0.777427 0.163818
vt 0.789985 0.166494
vt 0.759928 0.198675
vt 0.760508 0.180380
vt 0.761225 0.162032
vt 0.762203 0.143903
vt 0.778866 0.145825
vt 0.742537 0.178819
vt 0.743067 0.160615
vt 0.743555 0.142334
vt 0.744290 0.124611
vt 0.763804 0.126215
vt 0.724424 0.158967
vt 0.724348 0.140852
vt 0.724322 0.123213
vt 0.724999 0.106029
vt 0.745505 0.107736
vt 0.704995 0.140162
vt 0.704510 0.122244
vt 0.704691 0.104562
vt 0.705726 0.087200
vt 0.726682 0.088951
vt 0.684972 0.122037
vt 0.684952 0.104157
vt 0.685686 0.086668
vt 0.665377 0.104135
vt 0.666281 0.086681
vt 0.729132 0.071542
vt 0.749317 0.072852
vt 0.747215 0.090617
vt 0.767801 0.073750
vt 0.766931 0.091496
vt 0.765631 0.108893
vt 0.785374 0.093665
vt 0.783731 0.111099
vt 0.781219 0.128546
vt 0.796255 0.114585
vt 0.793657 0.131695
vt 0.791444 0.148694
vt 0.203533 0.384037
vt 0.184907 0.382968
vt 0.184846 0.376255
vt 0.203487 0.375847
vt 0.222416 0.375055
vt 0.222472 0.383734
vt 0.203233 0.365469
vt 0.222213 0.363625
vt 0.241716 0.362345
vt 0.241815 0.374251
vt 0.799144 0.169768
vt 0.221950 0.349539
vt 0.241663 0.348375
vt 0.261843 0.348113
vt 0.241617 0.332828
vt 0.261786 0.332709
vt 0.281980 0.332436
vt 0.261891 0.316820
vt 0.282312 0.316640
vt 0.302838 0.316054
vt 0.282890 0.301275
vt 0.303579 0.300683
vt 0.324679 0.299287
vt 0.304504 0.285252
vt 0.325465 0.283748
vt 0.346792 0.280753
vt 0.325598 0.265910
vt 0.346475 0.262959
vt 0.367958 0.259657
vt 0.345722 0.244992
vt 0.366759 0.241740
vt 0.343973 0.225800
vt 0.364359 0.222985
vt 0.341718 0.205613
vt 0.360639 0.202050
vt 0.339272 0.184016
vt 0.356814 0.180084
vt 0.371997 0.175711
vt 0.353124 0.157544
vt 0.366322 0.153683
vt 0.377087 0.149230
vt 0.384848 0.170088
vt 0.386189 0.143930
vt 0.395186 0.162528
vt 0.392783 0.138366
vt 0.402736 0.155770
vt 0.415594 0.171569
vt 0.407712 0.150169
vt 0.421152 0.163802
vt 0.436634 0.174472
vt 0.431790 0.183418
vt 0.454170 0.181644
vt 0.450132 0.191242
vt 0.471912 0.185360
vt 0.457712 0.172147
vt 0.474498 0.174708
vt 0.488107 0.175656
vt 0.477678 0.163698
vt 0.489742 0.165032
vt 0.499420 0.166177
vt 0.492820 0.155116
vt 0.500679 0.156909
vt 0.507854 0.157617
vt 0.484859 0.152898
vt 0.460827 0.163237
vt 0.463314 0.156819
vt 0.443895 0.159376
vt 0.446054 0.154484
vt 0.448023 0.150550
vt 0.464901 0.150926
vt 0.483250 0.145611
vt 0.502211 0.133268
vt 0.505913 0.138656
vt 0.482335 0.139962
vt 0.499136 0.128658
vt 0.481219 0.134219
vt 0.496023 0.124230
vt 0.508114 0.111359
vt 0.493292 0.120658
vt 0.503991 0.108476
vt 0.510870 0.095187
vt 0.515833 0.097365
vt 0.514075 0.079544
vt 0.500530 0.106489
vt 0.506604 0.093850
vt 0.497466 0.104785
vt 0.490974 0.117212
vt 0.489474 0.114132
vt 0.488197 0.110251
vt 0.494670 0.102926
vt 0.520329 0.152285
vt 0.513378 0.151677
vt 0.519052 0.147966
vt 0.813762 0.010849
vt 0.815276 0.006449
vt 0.520460 0.143112
vt 0.813644 0.001677
vt 0.818805 0.001890
vt 0.960031 0.688189
vt 0.958841 0.679081
vt 0.831446 0.002195
vt 0.479044 0.119004
vt 0.504395 0.152593
vt 0.479309 0.124188
vt 0.467751 0.126365
vt 0.468827 0.119799
vt 0.377649 0.005945
vt 0.366931 0.006218
vt 0.365645 0.001584
vt 0.377729 0.001584
vt 0.457204 0.126050
vt 0.459593 0.119022
vt 0.446885 0.123041
vt 0.450556 0.117052
vt 0.454210 0.108280
vt 0.457516 0.097361
vt 0.452271 0.084148
vt 0.460225 0.085806
vt 0.454753 0.073594
vt 0.443236 0.072843
vt 0.445821 0.062796
vt 0.456762 0.063696
vt 0.441372 0.083507
vt 0.430699 0.084385
vt 0.432188 0.072828
vt 0.422462 0.072586
vt 0.426132 0.061235
vt 0.435013 0.062540
vt 0.421600 0.085818
vt 0.414338 0.087659
vt 0.414476 0.072930
vt 0.424022 0.098652
vt 0.417604 0.101300
vt 0.411201 0.104147
vt 0.407234 0.089422
vt 0.429663 0.109735
vt 0.423894 0.113160
vt 0.418355 0.117051
vt 0.413424 0.120908
vt 0.405464 0.106779
vt 0.432671 0.122808
vt 0.428157 0.127615
vt 0.423841 0.132374
vt 0.419634 0.137123
vt 0.409012 0.124136
vt 0.439192 0.134691
vt 0.435533 0.140422
vt 0.432119 0.145954
vt 0.429766 0.149404
vt 0.415953 0.139627
vt 0.450168 0.144908
vt 0.514497 0.036149
vt 0.514786 0.022883
vt 0.519916 0.026169
vt 0.519916 0.039627
vt 0.452078 0.138666
vt 0.466311 0.138755
vt 0.465745 0.145007
vt 0.454523 0.132473
vt 0.466911 0.132936
vt 0.480126 0.128890
vt 0.443164 0.128728
vt 0.437837 0.117875
vt 0.966681 0.132867
vt 0.972161 0.132375
vt 0.969747 0.148933
vt 0.964206 0.149000
vt 0.405643 0.126504
vt 0.968482 0.118333
vt 0.973261 0.116202
vt 0.428014 0.152671
vt 0.425334 0.157665
vt 0.411185 0.144751
vt 0.413659 0.141363
vt 0.440709 0.166290
vt 0.397027 0.134096
vt 0.401232 0.129504
vt 0.975844 0.130399
vt 0.975015 0.148369
vt 0.390659 0.117178
vt 0.393398 0.114345
vt 0.973663 0.165377
vt 0.968280 0.166062
vt 0.973412 0.183381
vt 0.967711 0.184091
vt 0.962361 0.184253
vt 0.963499 0.166249
vt 0.396532 0.111674
vt 0.390953 0.094416
vt 0.395538 0.092832
vt 0.400467 0.109474
vt 0.401063 0.091081
vt 0.395571 0.073219
vt 0.401389 0.072860
vt 0.407748 0.073000
vt 0.406389 0.055926
vt 0.412310 0.057664
vt 0.418586 0.059157
vt 0.419392 0.045392
vt 0.424482 0.048795
vt 0.429561 0.034885
vt 0.432941 0.039880
vt 0.443936 0.027862
vt 0.445546 0.033649
vt 0.460603 0.025864
vt 0.460211 0.032083
vt 0.459971 0.038585
vt 0.475472 0.034493
vt 0.473282 0.040481
vt 0.471145 0.047401
vt 0.459367 0.045653
vt 0.458325 0.054117
vt 0.485101 0.045612
vt 0.482410 0.052339
vt 0.494549 0.050279
vt 0.497918 0.045534
vt 0.505581 0.049823
vt 0.488356 0.040155
vt 0.491872 0.035199
vt 0.501506 0.041330
vt 0.477773 0.028713
vt 0.480250 0.023124
vt 0.495482 0.030543
vt 0.460934 0.020188
vt 0.461418 0.014749
vt 0.482241 0.018649
vt 0.442545 0.022607
vt 0.440980 0.017455
vt 0.887495 0.355456
vt 0.891368 0.354645
vt 0.891718 0.376756
vt 0.887930 0.376027
vt 0.426454 0.030401
vt 0.423289 0.026004
vt 0.420830 0.022938
vt 0.439932 0.014083
vt 0.890687 0.335016
vt 0.895692 0.333975
vt 0.896393 0.354466
vt 0.409964 0.038779
vt 0.406124 0.036405
vt 0.889778 0.319481
vt 0.894697 0.317788
vt 0.899894 0.316883
vt 0.900945 0.333217
vt 0.889232 0.308804
vt 0.893300 0.306229
vt 0.898268 0.304868
vt 0.903319 0.304795
vt 0.904848 0.316681
vt 0.971438 0.221140
vt 0.966515 0.220807
vt 0.966441 0.203524
vt 0.972144 0.203203
vt 0.976498 0.220410
vt 0.962541 0.219506
vt 0.961631 0.202887
vt 0.390732 0.074074
vt 0.396501 0.053299
vt 0.400781 0.054252
vt 0.414564 0.041981
vt 0.908980 0.317639
vt 0.910247 0.333917
vt 0.906130 0.333206
vt 0.978162 0.232071
vt 0.982197 0.218241
vt 0.982361 0.229597
vt 0.847534 0.679530
vt 0.852121 0.680396
vt 0.854457 0.697379
vt 0.850118 0.699526
vt 0.851856 0.656404
vt 0.853557 0.664031
vt 0.859887 0.695399
vt 0.866237 0.712274
vt 0.861791 0.715524
vt 0.858225 0.718778
vt 0.858114 0.680595
vt 0.865354 0.679984
vt 0.866073 0.692582
vt 0.858499 0.667832
vt 0.865772 0.670510
vt 0.875103 0.671027
vt 0.874774 0.678442
vt 0.857934 0.661681
vt 0.866248 0.664782
vt 0.875484 0.665345
vt 0.885245 0.663117
vt 0.885573 0.668536
vt 0.039432 0.898785
vt 0.031266 0.901526
vt 0.037404 0.893574
vt 0.969021 0.091611
vt 0.969245 0.085854
vt 0.978002 0.086198
vt 0.978033 0.091611
vt 0.037687 0.888122
vt 0.038780 0.882324
vt 0.418042 0.080415
vt 0.885131 0.676362
vt 0.896723 0.662566
vt 0.905863 0.667587
vt 0.056043 0.892563
vt 0.047042 0.896759
vt 0.063997 0.885526
vt 0.910622 0.675690
vt 0.883298 0.685946
vt 0.874007 0.689085
vt 0.884766 0.699569
vt 0.876705 0.704036
vt 0.871092 0.708333
vt 0.887086 0.718166
vt 0.882642 0.723536
vt 0.879084 0.727975
vt 0.900024 0.733538
vt 0.897581 0.738492
vt 0.895152 0.742995
vt 0.875852 0.731973
vt 0.893023 0.747136
vt 0.872904 0.735832
vt 0.910734 0.354935
vt 0.909805 0.377990
vt 0.906457 0.377847
vt 0.906590 0.354496
vt 0.901712 0.377504
vt 0.901544 0.354284
vt 0.896790 0.377158
vt 0.902465 0.399632
vt 0.897508 0.399136
vt 0.892426 0.398319
vt 0.898932 0.415812
vt 0.894332 0.414633
vt 0.483777 0.015503
vt 0.500695 0.024664
vt 0.498432 0.027144
vt 0.888650 0.396565
vt 0.965906 0.098019
vt 0.961851 0.099585
vt 0.960867 0.087350
vt 0.964175 0.086799
vt 0.507963 0.035422
vt 0.505032 0.037785
vt 0.515914 0.041651
vt 0.512514 0.043253
vt 0.508870 0.046373
vt 0.517778 0.046336
vt 0.514896 0.051966
vt 0.513028 0.060325
vt 0.520529 0.049775
vt 0.520945 0.059744
vt 0.520461 0.043849
vt 0.961921 0.077124
vt 0.964854 0.077999
vt 0.957253 0.099803
vt 0.952366 0.099344
vt 0.903802 0.416511
vt 0.947726 0.098206
vt 0.947726 0.083722
vt 0.907070 0.399743
vt 0.908407 0.416515
vt 0.914127 0.754027
vt 0.914992 0.751133
vt 0.934160 0.748246
vt 0.934083 0.751960
vt 0.910430 0.399346
vt 0.933892 0.742850
vt 0.947813 0.737283
vt 0.948018 0.742011
vt 0.948129 0.745730
vt 0.916017 0.746494
vt 0.917268 0.741234
vt 0.934029 0.737518
vt 0.934820 0.731905
vt 0.948701 0.731656
vt 0.918676 0.736142
vt 0.920404 0.730143
vt 0.903105 0.727870
vt 0.906777 0.723034
vt 0.922610 0.724879
vt 0.892273 0.712934
vt 0.893810 0.695625
vt 0.959632 0.728037
vt 0.958490 0.733706
vt 0.968463 0.727586
vt 0.966521 0.732152
vt 0.965725 0.735882
vt 0.958352 0.737599
vt 0.965224 0.738885
vt 0.958747 0.740783
vt 0.972851 0.733477
vt 0.970599 0.736445
vt 0.968790 0.738925
vt 0.975453 0.729963
vt 0.971257 0.721053
vt 0.978450 0.723449
vt 0.974795 0.712177
vt 0.982260 0.714000
vt 0.980492 0.700018
vt 0.985216 0.701403
vt 0.003762 0.199793
vt 0.001583 0.212486
vt 0.001583 0.190635
vt 0.003377 0.189227
vt 0.023611 0.905868
vt 0.852281 0.656740
vt 0.018734 0.911980
vt 0.978249 0.164040
vt 0.385094 0.120138
vt 0.388470 0.099346
vt 0.379653 0.123837
vt 0.371453 0.128109
vt 0.369685 0.109593
vt 0.359672 0.112948
vt 0.363640 0.095047
vt 0.373958 0.093115
vt 0.361679 0.132616
vt 0.350099 0.137091
vt 0.349198 0.116467
vt 0.335118 0.120907
vt 0.336746 0.101399
vt 0.351856 0.097776
vt 0.335639 0.141427
vt 0.318493 0.145768
vt 0.318341 0.125028
vt 0.336972 0.161749
vt 0.319533 0.165604
vt 0.301090 0.168488
vt 0.300200 0.149070
vt 0.321021 0.187064
vt 0.302260 0.189422
vt 0.283229 0.190982
vt 0.282212 0.170540
vt 0.322657 0.208217
vt 0.303477 0.209934
vt 0.284195 0.211267
vt 0.264714 0.212186
vt 0.263951 0.192098
vt 0.304582 0.229995
vt 0.284946 0.231110
vt 0.265237 0.231885
vt 0.245235 0.232229
vt 0.245065 0.212824
vt 0.285267 0.250398
vt 0.265417 0.251128
vt 0.244982 0.251266
vt 0.224396 0.251020
vt 0.224907 0.232302
vt 0.264836 0.269458
vt 0.244447 0.269144
vt 0.223680 0.268783
vt 0.203027 0.268761
vt 0.203860 0.250803
vt 0.243154 0.285410
vt 0.222761 0.285238
vt 0.202291 0.285671
vt 0.181870 0.286409
vt 0.182706 0.268958
vt 0.222032 0.301294
vt 0.201829 0.302201
vt 0.181438 0.303601
vt 0.161165 0.305252
vt 0.161724 0.287210
vt 0.201635 0.318890
vt 0.181395 0.320970
vt 0.161320 0.323426
vt 0.162414 0.342129
vt 0.143414 0.345412
vt 0.141987 0.325625
vt 0.141532 0.306518
vt 0.181954 0.338648
vt 0.183198 0.355327
vt 0.164110 0.359200
vt 0.201933 0.335618
vt 0.202616 0.351722
vt 0.221731 0.333694
vt 0.184417 0.368359
vt 0.166364 0.378299
vt 0.165459 0.370708
vt 0.147388 0.379814
vt 0.146840 0.372153
vt 0.145413 0.362068
vt 0.128494 0.373403
vt 0.127196 0.363666
vt 0.125089 0.347293
vt 0.109556 0.365801
vt 0.106086 0.349095
vt 0.105352 0.329207
vt 0.123869 0.327358
vt 0.107269 0.308314
vt 0.123946 0.307424
vt 0.108664 0.288281
vt 0.124486 0.287960
vt 0.142253 0.287771
vt 0.125816 0.269187
vt 0.143687 0.269315
vt 0.162814 0.269195
vt 0.145108 0.250308
vt 0.164088 0.250472
vt 0.183724 0.250613
vt 0.165301 0.231306
vt 0.184784 0.231703
vt 0.204670 0.232057
vt 0.185746 0.212406
vt 0.205357 0.212812
vt 0.225178 0.213050
vt 0.205721 0.193129
vt 0.225123 0.193227
vt 0.244522 0.192877
vt 0.224697 0.173043
vt 0.243899 0.172692
vt 0.263143 0.171888
vt 0.243287 0.152569
vt 0.262479 0.151917
vt 0.281402 0.150977
vt 0.262093 0.132231
vt 0.281192 0.130891
vt 0.299892 0.128622
vt 0.280999 0.111851
vt 0.299996 0.109156
vt 0.318960 0.105436
vt 0.300339 0.091024
vt 0.319992 0.087504
vt 0.339760 0.083462
vt 0.320998 0.074138
vt 0.357796 0.081671
vt 0.388116 0.075308
vt 0.373301 0.081322
vt 0.300677 0.076487
vt 0.301050 0.064580
vt 0.322258 0.063115
vt 0.301655 0.053503
vt 0.323217 0.053253
vt 0.302593 0.044965
vt 0.324031 0.045823
vt 0.268869 0.762102
vt 0.267606 0.769425
vt 0.242414 0.769442
vt 0.242962 0.762118
vt 0.266827 0.779212
vt 0.242778 0.779152
vt 0.220331 0.784467
vt 0.218138 0.775098
vt 0.349291 0.046098
vt 0.373886 0.050106
vt 0.201154 0.788872
vt 0.199501 0.781137
vt 0.392960 0.056121
vt 0.390792 0.047734
vt 0.407765 0.049356
vt 0.184315 0.788408
vt 0.203552 0.799972
vt 0.185248 0.801137
vt 0.170223 0.801303
vt 0.168971 0.787476
vt 0.423223 0.050689
vt 0.159747 0.802842
vt 0.158410 0.790343
vt 0.433888 0.051861
vt 0.152667 0.805514
vt 0.151195 0.794938
vt 0.402599 0.407614
vt 0.410389 0.398581
vt 0.171079 0.817084
vt 0.160919 0.817952
vt 0.153476 0.819268
vt 0.161230 0.831677
vt 0.153930 0.832170
vt 0.373548 0.410103
vt 0.171822 0.831626
vt 0.172643 0.845235
vt 0.162031 0.844315
vt 0.154332 0.843542
vt 0.173787 0.860528
vt 0.163276 0.859853
vt 0.156257 0.859338
vt 0.174553 0.876266
vt 0.164021 0.876179
vt 0.156940 0.876375
vt 0.163962 0.891169
vt 0.156949 0.891295
vt 0.316273 0.411666
vt 0.301371 0.410955
vt 0.301252 0.404180
vt 0.316350 0.404368
vt 0.300088 0.395708
vt 0.316196 0.396265
vt 0.299089 0.386416
vt 0.315975 0.387934
vt 0.332953 0.388943
vt 0.316645 0.380682
vt 0.332784 0.381318
vt 0.346091 0.382722
vt 0.355542 0.383572
vt 0.024698 0.799790
vt 0.015903 0.789600
vt 0.022243 0.785179
vt 0.031063 0.806940
vt 0.019462 0.769936
vt 0.027277 0.782630
vt 0.487637 0.010509
vt 0.473864 0.003522
vt 0.489179 0.004886
vt 0.457169 0.001584
vt 0.272735 0.040783
vt 0.255959 0.039815
vt 0.256428 0.035267
vt 0.274286 0.035267
vt 0.875674 0.135887
vt 0.876150 0.118026
vt 0.883356 0.118298
vt 0.883036 0.136602
vt 0.882840 0.151189
vt 0.875331 0.150577
vt 0.891123 0.136281
vt 0.891586 0.151630
vt 0.901330 0.135868
vt 0.901642 0.151970
vt 0.903391 0.165902
vt 0.905578 0.180374
vt 0.914603 0.151610
vt 0.916214 0.166388
vt 0.918106 0.181415
vt 0.919046 0.194601
vt 0.906698 0.192946
vt 0.929908 0.166127
vt 0.931933 0.181126
vt 0.933179 0.194796
vt 0.945821 0.180409
vt 0.948153 0.194573
vt 0.947780 0.206341
vt 0.933266 0.205418
vt 0.918287 0.204003
vt 0.906758 0.202486
vt 0.933523 0.213164
vt 0.918878 0.211467
vt 0.906739 0.209616
vt 0.907020 0.215988
vt 0.919666 0.218029
vt 0.934194 0.218751
vt 0.935125 0.223550
vt 0.920594 0.223616
vt 0.908056 0.221589
vt 0.899616 0.218644
vt 0.921920 0.229192
vt 0.909687 0.228226
vt 0.901477 0.226069
vt 0.895418 0.224772
vt 0.893595 0.216132
vt 0.911584 0.237036
vt 0.902690 0.238386
vt 0.913707 0.244961
vt 0.923463 0.235548
vt 0.925158 0.241618
vt 0.937481 0.233098
vt 0.938745 0.237987
vt 0.952299 0.231865
vt 0.952978 0.236598
vt 0.952904 0.241262
vt 0.965249 0.237288
vt 0.965082 0.241803
vt 0.964554 0.246208
vt 0.951619 0.245031
vt 0.973214 0.661549
vt 0.986465 0.656799
vt 0.965294 0.233064
vt 0.802542 0.246709
vt 0.813865 0.245949
vt 0.813087 0.250441
vt 0.801056 0.250441
vt 0.411515 0.004598
vt 0.396233 0.004723
vt 0.396774 0.001578
vt 0.412135 0.001578
vt 0.813423 0.301806
vt 0.801360 0.300287
vt 0.803195 0.296102
vt 0.815562 0.298125
vt 0.804398 0.291130
vt 0.817359 0.291991
vt 0.803522 0.282077
vt 0.817458 0.280579
vt 0.801325 0.270512
vt 0.816354 0.268130
vt 0.800707 0.256247
vt 0.814895 0.254430
vt 0.959389 0.180103
vt 0.944202 0.165763
vt 0.959302 0.165459
vt 0.943694 0.150646
vt 0.959090 0.150333
vt 0.943487 0.134578
vt 0.958415 0.134349
vt 0.943501 0.118233
vt 0.958544 0.118208
vt 0.943911 0.102687
vt 0.957961 0.102852
vt 0.199964 0.405913
vt 0.199905 0.419108
vt 0.185062 0.420399
vt 0.185373 0.405833
vt 0.170606 0.421871
vt 0.171934 0.405876
vt 0.158290 0.422440
vt 0.159628 0.405833
vt 0.929258 0.118336
vt 0.930263 0.102673
vt 0.915326 0.118389
vt 0.917143 0.102761
vt 0.902248 0.118440
vt 0.904289 0.102628
vt 0.907658 0.089432
vt 0.892889 0.102446
vt 0.895679 0.090731
vt 0.898003 0.077106
vt 0.895669 0.065610
vt 0.883399 0.070562
vt 0.892027 0.059654
vt 0.890024 0.052713
vt 0.900735 0.049466
vt 0.898640 0.040868
vt 0.889010 0.045142
vt 0.879512 0.049678
vt 0.427011 0.383819
vt 0.432645 0.378964
vt 0.418221 0.388719
vt 0.867040 0.054363
vt 0.494682 0.736912
vt 0.487432 0.747648
vt 0.103178 0.044667
vt 0.091491 0.044667
vt 0.093403 0.039081
vt 0.103315 0.037621
vt 0.856871 0.062768
vt 0.150045 0.951999
vt 0.154621 0.940217
vt 0.160329 0.944253
vt 0.155724 0.957898
vt 0.476173 0.756754
vt 0.470278 0.755321
vt 0.854536 0.057484
vt 0.852694 0.072935
vt 0.848096 0.069418
vt 0.852211 0.084086
vt 0.845841 0.081685
vt 0.860892 0.076755
vt 0.860517 0.088348
vt 0.156609 0.928004
vt 0.157045 0.916362
vt 0.163460 0.917323
vt 0.163265 0.930419
vt 0.851755 0.094557
vt 0.846103 0.093321
vt 0.150882 0.915010
vt 0.150591 0.904901
vt 0.156751 0.904852
vt 0.859108 0.096362
vt 0.142551 0.913057
vt 0.143391 0.904984
vt 0.288424 0.397279
vt 0.288089 0.404841
vt 0.130158 0.911050
vt 0.134892 0.905795
vt 0.288069 0.389084
vt 0.121723 0.905425
vt 0.126709 0.903665
vt 0.603419 0.009791
vt 0.599984 0.001577
vt 0.611714 0.001577
vt 0.612846 0.010740
vt 0.163299 0.904997
vt 0.287819 0.410545
vt 0.174023 0.891398
vt 0.173347 0.905535
vt 0.172907 0.918724
vt 0.190441 0.907048
vt 0.189009 0.921613
vt 0.186654 0.936149
vt 0.171881 0.932898
vt 0.184737 0.951806
vt 0.170083 0.948405
vt 0.183693 0.965179
vt 0.166702 0.962857
vt 0.459118 0.754102
vt 0.442061 0.753116
vt 0.201841 0.954943
vt 0.199758 0.966919
vt 0.425928 0.752675
vt 0.217666 0.960772
vt 0.213495 0.973531
vt 0.545237 0.103887
vt 0.534718 0.106059
vt 0.534718 0.091673
vt 0.546952 0.090239
vt 0.210979 0.982748
vt 0.231748 0.981331
vt 0.229497 0.991651
vt 0.414346 0.744961
vt 0.395197 0.748268
vt 0.396595 0.734587
vt 0.415772 0.732735
vt 0.372167 0.748834
vt 0.373221 0.735617
vt 0.373714 0.720172
vt 0.350518 0.736837
vt 0.350955 0.720391
vt 0.351408 0.702558
vt 0.373437 0.704001
vt 0.329283 0.720688
vt 0.329991 0.702395
vt 0.330094 0.683486
vt 0.308799 0.683478
vt 0.307218 0.664210
vt 0.328304 0.664000
vt 0.308662 0.702126
vt 0.287477 0.701951
vt 0.287619 0.683491
vt 0.307996 0.720553
vt 0.287146 0.720475
vt 0.286807 0.738064
vt 0.266331 0.738670
vt 0.266380 0.721057
vt 0.266376 0.702510
vt 0.307430 0.737859
vt 0.307254 0.751439
vt 0.286565 0.752088
vt 0.328749 0.737372
vt 0.328364 0.750703
vt 0.327986 0.760605
vt 0.307116 0.761722
vt 0.349973 0.749980
vt 0.296002 0.995122
vt 0.274448 0.994952
vt 0.275153 0.984840
vt 0.296330 0.985051
vt 0.276469 0.971528
vt 0.297145 0.971929
vt 0.252380 0.993834
vt 0.253673 0.983868
vt 0.255572 0.970636
vt 0.258320 0.954368
vt 0.278393 0.955334
vt 0.235110 0.967600
vt 0.239656 0.951158
vt 0.243915 0.933789
vt 0.261595 0.936369
vt 0.222140 0.945783
vt 0.226085 0.929595
vt 0.228603 0.912856
vt 0.246781 0.915857
vt 0.204573 0.940457
vt 0.207682 0.925263
vt 0.209771 0.909612
vt 0.210864 0.893986
vt 0.230045 0.896068
vt 0.190983 0.892287
vt 0.191123 0.876928
vt 0.211582 0.878027
vt 0.211624 0.861825
vt 0.231291 0.862177
vt 0.231028 0.879200
vt 0.190919 0.861228
vt 0.190421 0.845957
vt 0.210990 0.845618
vt 0.209692 0.829578
vt 0.229658 0.827533
vt 0.231008 0.844945
vt 0.189307 0.830999
vt 0.187356 0.816123
vt 0.206714 0.813618
vt 0.223754 0.795951
vt 0.226884 0.810301
vt 0.244438 0.791912
vt 0.246808 0.808045
vt 0.248723 0.826217
vt 0.266772 0.808210
vt 0.267496 0.826675
vt 0.267977 0.844901
vt 0.249669 0.844616
vt 0.267958 0.863226
vt 0.249938 0.862570
vt 0.267439 0.881489
vt 0.249419 0.880380
vt 0.266268 0.899666
vt 0.248394 0.898100
vt 0.264340 0.917975
vt 0.284379 0.900862
vt 0.282674 0.919224
vt 0.280595 0.937572
vt 0.301628 0.920011
vt 0.300140 0.938212
vt 0.298563 0.955872
vt 0.319873 0.938660
vt 0.318741 0.956219
vt 0.317694 0.972106
vt 0.338853 0.956486
vt 0.338043 0.972269
vt 0.337678 0.985611
vt 0.317114 0.985430
vt 0.358142 0.972336
vt 0.357809 0.985781
vt 0.357793 0.996700
vt 0.337658 0.996193
vt 0.317046 0.995490
vt 0.377796 0.985629
vt 0.377840 0.997643
vt 0.266342 0.753104
vt 0.246116 0.755367
vt 0.245789 0.740547
vt 0.225807 0.757345
vt 0.225197 0.742184
vt 0.224398 0.723513
vt 0.245420 0.722202
vt 0.223966 0.703871
vt 0.244955 0.703469
vt 0.224384 0.683983
vt 0.244803 0.684483
vt 0.265980 0.683934
vt 0.244916 0.664734
vt 0.265256 0.664952
vt 0.286580 0.664713
vt 0.263994 0.644539
vt 0.284107 0.644444
vt 0.304297 0.643707
vt 0.280835 0.622241
vt 0.300078 0.621569
vt 0.319413 0.620392
vt 0.324239 0.642767
vt 0.338436 0.618475
vt 0.315659 0.598154
vt 0.334341 0.596503
vt 0.353250 0.593642
vt 0.357066 0.614908
vt 0.373054 0.589953
vt 0.377147 0.609518
vt 0.394307 0.586333
vt 0.398480 0.604207
vt 0.405115 0.622163
vt 0.419825 0.600441
vt 0.425943 0.617323
vt 0.434509 0.634319
vt 0.415157 0.639931
vt 0.442798 0.647047
vt 0.426776 0.654400
vt 0.412701 0.664167
vt 0.433648 0.662352
vt 0.422744 0.673394
vt 0.415797 0.686350
vt 0.427123 0.678120
vt 0.422600 0.691310
vt 0.431360 0.682632
vt 0.426030 0.694729
vt 0.866584 0.164587
vt 0.865431 0.162830
vt 0.866922 0.176053
vt 0.861988 0.175575
vt 0.860848 0.161585
vt 0.860806 0.145227
vt 0.859347 0.129417
vt 0.855905 0.160290
vt 0.855539 0.144511
vt 0.854779 0.129347
vt 0.854309 0.116724
vt 0.858790 0.116917
vt 0.850501 0.144001
vt 0.850242 0.129723
vt 0.849790 0.116927
vt 0.850193 0.107371
vt 0.854845 0.106860
vt 0.982153 0.632764
vt 0.971471 0.644356
vt 0.969319 0.641637
vt 0.979455 0.630673
vt 0.986604 0.618147
vt 0.989166 0.619405
vt 0.025408 0.493393
vt 0.025434 0.484137
vt 0.029490 0.485494
vt 0.029275 0.495672
vt 0.975789 0.627539
vt 0.982683 0.616106
vt 0.986691 0.603577
vt 0.990825 0.604583
vt 0.987697 0.590400
vt 0.992163 0.590460
vt 0.978196 0.613776
vt 0.981592 0.602384
vt 0.982564 0.590379
vt 0.976788 0.601104
vt 0.977454 0.590306
vt 0.975982 0.580180
vt 0.980987 0.578925
vt 0.985986 0.577632
vt 0.977359 0.568503
vt 0.981883 0.566314
vt 0.985489 0.564390
vt 0.990607 0.576472
vt 0.025283 0.460194
vt 0.026338 0.447188
vt 0.030804 0.447178
vt 0.030166 0.460954
vt 0.029692 0.473689
vt 0.025044 0.472889
vt 0.034574 0.473912
vt 0.034294 0.485927
vt 0.035257 0.461002
vt 0.040224 0.460734
vt 0.039365 0.473913
vt 0.035741 0.446971
vt 0.040511 0.446718
vt 0.043639 0.446317
vt 0.044043 0.459936
vt 0.035954 0.433314
vt 0.040715 0.433123
vt 0.796876 0.402170
vt 0.791609 0.389718
vt 0.795744 0.388442
vt 0.799921 0.400730
vt 0.800866 0.386902
vt 0.804335 0.398475
vt 0.789286 0.376413
vt 0.794106 0.375981
vt 0.799888 0.375699
vt 0.805774 0.375456
vt 0.806009 0.385446
vt 0.796024 0.364132
vt 0.801662 0.365375
vt 0.807501 0.366263
vt 0.813282 0.367300
vt 0.811625 0.375349
vt 0.805828 0.355530
vt 0.810985 0.357308
vt 0.816367 0.359319
vt 0.816474 0.346880
vt 0.822208 0.361717
vt 0.819366 0.368656
vt 0.817212 0.375578
vt 0.828822 0.365033
vt 0.838781 0.357532
vt 0.816762 0.383643
vt 0.811446 0.384381
vt 0.818326 0.392387
vt 0.813357 0.394272
vt 0.808804 0.396253
vt 0.818079 0.403913
vt 0.814350 0.406909
vt 0.810396 0.409847
vt 0.822680 0.416550
vt 0.819323 0.420188
vt 0.816526 0.422943
vt 0.806601 0.412660
vt 0.830384 0.428149
vt 0.828324 0.431064
vt 0.043777 0.473391
vt 0.043605 0.485589
vt 0.038947 0.485957
vt 0.043201 0.495373
vt 0.038631 0.495950
vt 0.033990 0.496285
vt 0.859506 0.107201
vt 0.864118 0.107873
vt 0.863588 0.117250
vt 0.856497 0.437537
vt 0.841825 0.435809
vt 0.843066 0.433276
vt 0.857115 0.435214
vt 0.867240 0.119274
vt 0.844414 0.428948
vt 0.857527 0.431095
vt 0.845731 0.424181
vt 0.857399 0.426264
vt 0.869427 0.425496
vt 0.856542 0.420819
vt 0.866226 0.420324
vt 0.872353 0.417578
vt 0.879134 0.422388
vt 0.862794 0.413177
vt 0.866376 0.411287
vt 0.487844 0.407181
vt 0.479751 0.408109
vt 0.478366 0.404476
vt 0.486717 0.401817
vt 0.477567 0.400396
vt 0.487519 0.396188
vt 0.499828 0.395844
vt 0.473275 0.411894
vt 0.471748 0.407031
vt 0.469223 0.401597
vt 0.464739 0.396555
vt 0.477551 0.396686
vt 0.466210 0.413943
vt 0.866732 0.395847
vt 0.866536 0.403804
vt 0.864753 0.387458
vt 0.457754 0.414662
vt 0.857626 0.384921
vt 0.861029 0.380589
vt 0.449957 0.414871
vt 0.855033 0.389048
vt 0.849688 0.385355
vt 0.983410 0.035671
vt 0.982250 0.029410
vt 0.988431 0.029707
vt 0.989223 0.035228
vt 0.941834 0.599176
vt 0.936829 0.611086
vt 0.936454 0.601047
vt 0.929482 0.614206
vt 0.930162 0.602571
vt 0.921342 0.616001
vt 0.923655 0.603201
vt 0.925443 0.591413
vt 0.915156 0.602879
vt 0.917309 0.590566
vt 0.919681 0.580022
vt 0.929176 0.580682
vt 0.907379 0.588476
vt 0.909294 0.578503
vt 0.896205 0.585276
vt 0.898664 0.574891
vt 0.901491 0.565898
vt 0.887770 0.569448
vt 0.892049 0.557977
vt 0.897961 0.546495
vt 0.886872 0.552512
vt 0.902911 0.537919
vt 0.899980 0.529848
vt 0.906495 0.530576
vt 0.881623 0.565433
vt 0.876171 0.561577
vt 0.878113 0.578408
vt 0.873356 0.576077
vt 0.868749 0.574064
vt 0.871974 0.589875
vt 0.867328 0.588816
vt 0.862794 0.587663
vt 0.868738 0.604416
vt 0.864570 0.604901
vt 0.860154 0.605561
vt 0.858919 0.586426
vt 0.856541 0.606036
vt 0.855633 0.585127
vt 0.858971 0.569283
vt 0.852840 0.584318
vt 0.857138 0.568234
vt 0.116531 0.387083
vt 0.115174 0.389826
vt 0.102799 0.395322
vt 0.100303 0.391058
vt 0.114563 0.393342
vt 0.103535 0.396954
vt 0.114132 0.396274
vt 0.104196 0.398807
vt 0.113479 0.399245
vt 0.104539 0.400299
vt 0.111720 0.401857
vt 0.104049 0.402454
vt 0.107496 0.405055
vt 0.103311 0.405622
vt 0.865127 0.294437
vt 0.860889 0.309805
vt 0.844266 0.310371
vt 0.834007 0.314741
vt 0.836499 0.302259
vt 0.846572 0.295518
vt 0.827638 0.306424
vt 0.826997 0.299749
vt 0.835755 0.295692
vt 0.824716 0.316773
vt 0.825233 0.331669
vt 0.818339 0.330771
vt 0.811544 0.344698
vt 0.806637 0.342794
vt 0.801999 0.341043
vt 0.800792 0.353664
vt 0.796081 0.351582
vt 0.792624 0.349851
vt 0.798110 0.339290
vt 0.790566 0.363077
vt 0.786702 0.362226
vt 0.035839 0.406270
vt 0.035617 0.419640
vt 0.030471 0.419807
vt 0.030380 0.405850
vt 0.981120 0.362886
vt 0.975758 0.363795
vt 0.976579 0.350841
vt 0.981041 0.350200
vt 0.039248 0.408280
vt 0.039931 0.420004
vt 0.970284 0.362765
vt 0.971637 0.350685
vt 0.972604 0.340790
vt 0.977285 0.340258
vt 0.981120 0.339048
vt 0.973797 0.331568
vt 0.977218 0.330501
vt 0.980345 0.328859
vt 0.808642 0.242569
vt 0.805174 0.242532
vt 0.804506 0.234288
vt 0.806886 0.233499
vt 0.811881 0.231736
vt 0.811881 0.243470
vt 0.801236 0.244188
vt 0.801411 0.234420
vt 0.968116 0.340056
vt 0.969768 0.331234
vt 0.934345 0.529492
vt 0.944890 0.533056
vt 0.943329 0.538111
vt 0.932832 0.534491
vt 0.966798 0.349557
vt 0.941410 0.544460
vt 0.931096 0.541490
vt 0.939170 0.551463
vt 0.951673 0.548203
vt 0.948711 0.553996
vt 0.945876 0.560449
vt 0.957553 0.558949
vt 0.955513 0.563092
vt 0.964208 0.565857
vt 0.961403 0.569122
vt 0.968481 0.573752
vt 0.964619 0.576235
vt 0.970948 0.581609
vt 0.966591 0.582913
vt 0.962531 0.584000
vt 0.938395 0.429031
vt 0.938208 0.424804
vt 0.945504 0.424933
vt 0.944744 0.429510
vt 0.944006 0.434800
vt 0.937887 0.434628
vt 0.934624 0.434360
vt 0.932955 0.428312
vt 0.943193 0.439538
vt 0.936150 0.439394
vt 0.931713 0.438201
vt 0.826791 0.390539
vt 0.829891 0.397148
vt 0.826444 0.398729
vt 0.822883 0.391004
vt 0.822225 0.401087
vt 0.832216 0.406062
vt 0.829046 0.409254
vt 0.825871 0.412829
vt 0.837762 0.415323
vt 0.835490 0.419545
vt 0.832997 0.423942
vt 0.846868 0.418825
vt 0.840005 0.411085
vt 0.848126 0.413638
vt 0.856163 0.414472
vt 0.842092 0.406879
vt 0.958523 0.438403
vt 0.951178 0.439205
vt 0.951142 0.434461
vt 0.957977 0.433805
vt 0.979032 0.108539
vt 0.974433 0.106532
vt 0.978876 0.104319
vt 0.835246 0.403069
vt 0.952177 0.429382
vt 0.959164 0.429231
vt 0.969841 0.106599
vt 0.953691 0.424808
vt 0.961147 0.424783
vt 0.965371 0.108643
vt 0.964756 0.102985
vt 0.961179 0.613810
vt 0.965363 0.606983
vt 0.969165 0.608994
vt 0.964942 0.617552
vt 0.957693 0.624743
vt 0.955083 0.618941
vt 0.958515 0.610260
vt 0.948827 0.629753
vt 0.947397 0.623212
vt 0.939362 0.633589
vt 0.938483 0.627106
vt 0.937687 0.619860
vt 0.928747 0.630403
vt 0.929005 0.623156
vt 0.918789 0.632710
vt 0.919846 0.625611
vt 0.907965 0.633190
vt 0.909978 0.626487
vt 0.912651 0.615855
vt 0.899159 0.624301
vt 0.902625 0.613455
vt 0.905375 0.600624
vt 0.894127 0.596755
vt 0.881977 0.592529
vt 0.884341 0.580850
vt 0.876122 0.590983
vt 0.877220 0.603961
vt 0.873222 0.604087
vt 0.877707 0.615922
vt 0.874039 0.618268
vt 0.882115 0.628942
vt 0.879582 0.632139
vt 0.870699 0.620443
vt 0.884892 0.625270
vt 0.894915 0.633176
vt 0.892748 0.637276
vt 0.897176 0.629034
vt 0.906370 0.638089
vt 0.918043 0.638735
vt 0.917244 0.644488
vt 0.904913 0.642852
vt 0.916606 0.649483
vt 0.903441 0.647186
vt 0.890702 0.641133
vt 0.901769 0.652452
vt 0.888455 0.645461
vt 0.876681 0.635897
vt 0.886445 0.649754
vt 0.873965 0.639464
vt 0.863825 0.625714
vt 0.867141 0.623076
vt 0.872248 0.641902
vt 0.861028 0.627726
vt 0.853551 0.606259
vt 0.150850 0.387062
vt 0.173544 0.386889
vt 0.174452 0.391095
vt 0.150565 0.390629
vt 0.128671 0.390727
vt 0.129466 0.387202
vt 0.150025 0.394250
vt 0.127907 0.394354
vt 0.148148 0.397356
vt 0.126823 0.398276
vt 0.175559 0.399631
vt 0.172876 0.401494
vt 0.504152 0.647114
vt 0.480747 0.645912
vt 0.479057 0.642062
vt 0.496848 0.640567
vt 0.513445 0.639841
vt 0.518576 0.647368
vt 0.193046 0.399996
vt 0.195298 0.401603
vt 0.482191 0.648279
vt 0.467614 0.653443
vt 0.465479 0.649840
vt 0.175203 0.395255
vt 0.192114 0.395918
vt 0.204794 0.398072
vt 0.205087 0.402378
vt 0.860455 0.216729
vt 0.862864 0.204132
vt 0.867510 0.204772
vt 0.864773 0.217337
vt 0.191373 0.391674
vt 0.204648 0.393356
vt 0.855735 0.216545
vt 0.857190 0.203847
vt 0.857598 0.189819
vt 0.863781 0.189800
vt 0.851124 0.216015
vt 0.851745 0.203552
vt 0.851931 0.189264
vt 0.851702 0.174654
vt 0.856738 0.175350
vt 0.848104 0.201896
vt 0.847858 0.187926
vt 0.847913 0.173786
vt 0.847838 0.159228
vt 0.851042 0.159512
vt 0.929625 0.659654
vt 0.915251 0.659949
vt 0.915902 0.654898
vt 0.929588 0.654442
vt 0.942838 0.651439
vt 0.943858 0.656593
vt 0.955305 0.645928
vt 0.957428 0.650594
vt 0.929507 0.648975
vt 0.941849 0.646255
vt 0.953409 0.641172
vt 0.963669 0.633638
vt 0.966503 0.637714
vt 0.940739 0.640589
vt 0.951227 0.636061
vt 0.960592 0.629487
vt 0.968624 0.620893
vt 0.972206 0.624235
vt 0.973738 0.611417
vt 0.971412 0.599783
vt 0.971902 0.590222
vt 0.967600 0.598662
vt 0.967934 0.590093
vt 0.929439 0.643360
vt 0.929053 0.636872
vt 0.958900 0.654125
vt 0.944252 0.659894
vt 0.900348 0.656825
vt 0.899290 0.659872
vt 0.885056 0.652523
vt 0.203885 0.388761
vt 0.190205 0.387432
vt 0.868663 0.190493
vt 0.441040 0.671112
vt 0.437609 0.667117
vt 0.450932 0.657446
vt 0.454059 0.661225
vt 0.447184 0.653011
vt 0.462663 0.645979
vt 0.459595 0.641363
vt 0.476786 0.636889
vt 0.453435 0.629520
vt 0.472139 0.625356
vt 0.490667 0.622768
vt 0.494193 0.634111
vt 0.508381 0.621601
vt 0.511111 0.632507
vt 0.523854 0.620633
vt 0.524808 0.631329
vt 0.525623 0.639174
vt 0.535695 0.630652
vt 0.536044 0.638165
vt 0.536430 0.643279
vt 0.526678 0.645141
vt 0.544875 0.637111
vt 0.545037 0.642426
vt 0.552704 0.636304
vt 0.552952 0.641661
vt 0.559543 0.636147
vt 0.559512 0.641118
vt 0.565374 0.635525
vt 0.565521 0.640840
vt 0.559301 0.629162
vt 0.565352 0.628992
vt 0.558988 0.618959
vt 0.565267 0.618817
vt 0.559079 0.604474
vt 0.565175 0.604171
vt 0.552411 0.604739
vt 0.552131 0.588192
vt 0.552537 0.619168
vt 0.544752 0.619503
vt 0.544825 0.605125
vt 0.552625 0.629397
vt 0.544663 0.630068
vt 0.535697 0.619880
vt 0.522333 0.606741
vt 0.535011 0.605779
vt 0.519960 0.590408
vt 0.533733 0.589641
vt 0.544220 0.588895
vt 0.532702 0.573531
vt 0.543700 0.572975
vt 0.551458 0.572371
vt 0.543054 0.557892
vt 0.550513 0.558036
vt 0.541655 0.542051
vt 0.549586 0.542360
vt 0.555406 0.542527
vt 0.548361 0.525549
vt 0.554570 0.525703
vt 0.559994 0.525795
vt 0.560420 0.542713
vt 0.564699 0.525817
vt 0.564743 0.542814
vt 0.558915 0.508856
vt 0.564604 0.508822
vt 0.564546 0.494742
vt 0.560726 0.475401
vt 0.564499 0.475420
vt 0.564451 0.493717
vt 0.558959 0.460533
vt 0.564512 0.460260
vt 0.559594 0.448209
vt 0.562684 0.448231
vt 0.084745 0.001577
vt 0.095480 0.001577
vt 0.095730 0.001887
vt 0.085352 0.003217
vt 0.210053 0.035234
vt 0.210484 0.033378
vt 0.222118 0.035223
vt 0.222387 0.035188
vt 0.883783 0.001705
vt 0.896395 0.002974
vt 0.897436 0.003610
vt 0.883274 0.003610
vt 0.564739 0.437260
vt 0.554989 0.447731
vt 0.556609 0.436639
vt 0.568842 0.450678
vt 0.568859 0.443629
vt 0.581768 0.439792
vt 0.581778 0.448048
vt 0.582636 0.454737
vt 0.567663 0.458563
vt 0.548869 0.447013
vt 0.549474 0.435633
vt 0.541003 0.446287
vt 0.539790 0.434625
vt 0.554233 0.460590
vt 0.548644 0.460429
vt 0.541697 0.460230
vt 0.531440 0.459969
vt 0.529705 0.445696
vt 0.549669 0.475274
vt 0.542826 0.475304
vt 0.533301 0.475419
vt 0.519951 0.475671
vt 0.517880 0.459655
vt 0.544852 0.492100
vt 0.535584 0.491930
vt 0.522290 0.492203
vt 0.504371 0.493059
vt 0.502470 0.476193
vt 0.537876 0.508560
vt 0.524720 0.508799
vt 0.506768 0.509714
vt 0.487894 0.510783
vt 0.485911 0.493974
vt 0.527288 0.525466
vt 0.509448 0.526054
vt 0.490166 0.527125
vt 0.470339 0.528346
vt 0.468630 0.511759
vt 0.512066 0.542156
vt 0.492656 0.543086
vt 0.472508 0.544490
vt 0.452094 0.546021
vt 0.450429 0.529519
vt 0.495367 0.558905
vt 0.475214 0.560367
vt 0.454535 0.562309
vt 0.433600 0.564252
vt 0.431522 0.547506
vt 0.478495 0.576305
vt 0.457820 0.578388
vt 0.436693 0.580836
vt 0.415603 0.583405
vt 0.412719 0.566173
vt 0.461971 0.594440
vt 0.440967 0.597153
vt 0.466754 0.610174
vt 0.446412 0.613257
vt 0.482378 0.592538
vt 0.486592 0.608477
vt 0.501805 0.591254
vt 0.505251 0.607652
vt 0.498385 0.574867
vt 0.517177 0.574035
vt 0.514575 0.558078
vt 0.531445 0.557809
vt 0.529652 0.541889
vt 0.539836 0.525404
vt 0.546864 0.508684
vt 0.551579 0.492481
vt 0.553333 0.508784
vt 0.557149 0.493248
vt 0.555220 0.475298
vt 0.391723 0.568298
vt 0.390524 0.550067
vt 0.411015 0.548815
vt 0.390463 0.531611
vt 0.410421 0.531146
vt 0.430426 0.530500
vt 0.410842 0.513132
vt 0.430246 0.512845
vt 0.449390 0.512489
vt 0.430427 0.494841
vt 0.448831 0.494888
vt 0.467371 0.494526
vt 0.448685 0.476830
vt 0.466476 0.476967
vt 0.484489 0.476725
vt 0.466083 0.459822
vt 0.483557 0.459983
vt 0.500951 0.459780
vt 0.482809 0.444818
vt 0.499632 0.445021
vt 0.515860 0.445303
vt 0.498339 0.433076
vt 0.513793 0.433358
vt 0.527617 0.433868
vt 0.568276 0.422509
vt 0.567886 0.409359
vt 0.580990 0.404413
vt 0.581309 0.417228
vt 0.581622 0.429328
vt 0.568673 0.434191
vt 0.597084 0.413869
vt 0.597264 0.425656
vt 0.597251 0.436383
vt 0.614605 0.423854
vt 0.614643 0.434793
vt 0.614505 0.444842
vt 0.598528 0.445154
vt 0.614263 0.454863
vt 0.614614 0.454533
vt 0.633164 0.444668
vt 0.633099 0.455053
vt 0.652242 0.444952
vt 0.652720 0.455373
vt 0.671773 0.445588
vt 0.673322 0.455382
vt 0.688013 0.446399
vt 0.687780 0.455654
vt 0.704585 0.447205
vt 0.704030 0.456154
vt 0.721141 0.448345
vt 0.714591 0.456328
vt 0.737537 0.450677
vt 0.737207 0.456914
vt 0.751691 0.453379
vt 0.751738 0.457271
vt 0.763413 0.456326
vt 0.763854 0.457634
vt 0.752086 0.447463
vt 0.763578 0.451330
vt 0.738006 0.443892
vt 0.738524 0.436216
vt 0.752617 0.440683
vt 0.722142 0.440630
vt 0.722495 0.432246
vt 0.722871 0.422503
vt 0.739293 0.427079
vt 0.705002 0.438273
vt 0.705299 0.428933
vt 0.705495 0.418698
vt 0.705565 0.407164
vt 0.723207 0.411269
vt 0.687977 0.426509
vt 0.687828 0.415694
vt 0.687647 0.403965
vt 0.687424 0.391237
vt 0.705513 0.394280
vt 0.669876 0.413473
vt 0.669527 0.401676
vt 0.669185 0.388917
vt 0.668810 0.375372
vt 0.687133 0.377492
vt 0.651098 0.400156
vt 0.650729 0.387448
vt 0.650310 0.373889
vt 0.649874 0.359481
vt 0.668385 0.360772
vt 0.632075 0.386767
vt 0.631629 0.373109
vt 0.631182 0.358713
vt 0.630732 0.343541
vt 0.649388 0.344278
vt 0.613020 0.373009
vt 0.612537 0.358429
vt 0.612066 0.343015
vt 0.611663 0.326909
vt 0.630279 0.327447
vt 0.595024 0.358690
vt 0.594454 0.343056
vt 0.593808 0.326606
vt 0.593251 0.310062
vt 0.611306 0.310359
vt 0.578855 0.344467
vt 0.577597 0.327831
vt 0.576964 0.311270
vt 0.576257 0.294521
vt 0.592993 0.293499
vt 0.564239 0.331077
vt 0.563508 0.314367
vt 0.562514 0.297437
vt 0.561811 0.280522
vt 0.575881 0.277869
vt 0.395413 0.430787
vt 0.413432 0.430886
vt 0.413512 0.442822
vt 0.395283 0.443038
vt 0.376948 0.443121
vt 0.377376 0.430805
vt 0.358432 0.442967
vt 0.359162 0.431184
vt 0.395093 0.458385
vt 0.376414 0.458462
vt 0.357573 0.458201
vt 0.338509 0.457881
vt 0.339610 0.442770
vt 0.375599 0.475502
vt 0.356483 0.475428
vt 0.337295 0.475331
vt 0.318189 0.475551
vt 0.319338 0.457876
vt 0.355117 0.493948
vt 0.336073 0.494039
vt 0.317190 0.494377
vt 0.298000 0.494848
vt 0.298920 0.475967
vt 0.334738 0.513443
vt 0.316097 0.513817
vt 0.297193 0.514230
vt 0.277848 0.514723
vt 0.278640 0.495360
vt 0.314841 0.534074
vt 0.296214 0.534256
vt 0.277213 0.534571
vt 0.257657 0.535075
vt 0.258193 0.515221
vt 0.295569 0.555158
vt 0.276839 0.555333
vt 0.257583 0.555614
vt 0.237812 0.555895
vt 0.237627 0.535523
vt 0.277037 0.576863
vt 0.258143 0.576958
vt 0.238789 0.577120
vt 0.218807 0.577333
vt 0.217510 0.556140
vt 0.259618 0.599411
vt 0.240514 0.599346
vt 0.221023 0.599509
vt 0.201223 0.600035
vt 0.198578 0.577782
vt 0.242591 0.621974
vt 0.223157 0.621849
vt 0.203289 0.622051
vt 0.182694 0.622310
vt 0.181182 0.600806
vt 0.224598 0.643380
vt 0.204257 0.643007
vt 0.183321 0.642849
vt 0.162229 0.642800
vt 0.161993 0.622295
vt 0.204405 0.663153
vt 0.183419 0.662835
vt 0.162313 0.662959
vt 0.142425 0.662888
vt 0.143173 0.642190
vt 0.183465 0.682753
vt 0.162535 0.682987
vt 0.142275 0.683090
vt 0.128494 0.682827
vt 0.129961 0.662364
vt 0.163100 0.703263
vt 0.142741 0.703502
vt 0.127931 0.703782
vt 0.119636 0.703648
vt 0.120568 0.682313
vt 0.144115 0.723753
vt 0.127990 0.724067
vt 0.118519 0.724425
vt 0.112145 0.724945
vt 0.113610 0.703271
vt 0.128465 0.744584
vt 0.117586 0.745252
vt 0.111387 0.745596
vt 0.106698 0.746005
vt 0.107347 0.725276
vt 0.117182 0.761394
vt 0.111449 0.762142
vt 0.106062 0.763747
vt 0.102192 0.765199
vt 0.102829 0.746822
vt 0.975538 0.078428
vt 0.974296 0.081816
vt 0.960090 0.071203
vt 0.963532 0.066078
vt 0.971530 0.062938
vt 0.979160 0.075949
vt 0.979836 0.061707
vt 0.984664 0.074483
vt 0.879598 0.046477
vt 0.873591 0.045727
vt 0.985078 0.093833
vt 0.987247 0.061004
vt 0.985277 0.052526
vt 0.984978 0.045906
vt 0.985059 0.039481
vt 0.967991 0.269043
vt 0.969605 0.279174
vt 0.964415 0.261032
vt 0.102783 0.725023
vt 0.512057 0.998323
vt 0.506381 0.998033
vt 0.509740 0.983142
vt 0.129273 0.760786
vt 0.494341 0.997770
vt 0.145709 0.744036
vt 0.146753 0.760467
vt 0.476893 0.997599
vt 0.474177 0.983297
vt 0.457263 0.996415
vt 0.455644 0.981512
vt 0.454989 0.973994
vt 0.473021 0.974697
vt 0.455279 0.963306
vt 0.474001 0.961764
vt 0.456613 0.941905
vt 0.474421 0.941665
vt 0.492657 0.940185
vt 0.506784 0.937908
vt 0.474932 0.923411
vt 0.493139 0.924214
vt 0.507212 0.922390
vt 0.518823 0.920583
vt 0.517696 0.935214
vt 0.492750 0.914631
vt 0.506838 0.912211
vt 0.518755 0.912327
vt 0.392806 0.009276
vt 0.382882 0.010089
vt 0.382422 0.001634
vt 0.393277 0.001992
vt 0.405004 0.007833
vt 0.405724 0.014840
vt 0.393073 0.018123
vt 0.384317 0.019869
vt 0.419429 0.005109
vt 0.420499 0.010831
vt 0.969638 0.226887
vt 0.954322 0.226887
vt 0.953918 0.222670
vt 0.968858 0.222766
vt 0.552298 0.257077
vt 0.554257 0.257853
vt 0.557612 0.270050
vt 0.552297 0.269196
vt 0.506115 0.909374
vt 0.492349 0.908044
vt 0.493383 0.899052
vt 0.507784 0.901122
vt 0.981995 0.238347
vt 0.981484 0.246187
vt 0.970178 0.246187
vt 0.968449 0.231341
vt 0.493495 0.882599
vt 0.507433 0.886164
vt 0.516779 0.887041
vt 0.518962 0.901908
vt 0.523985 0.887028
vt 0.522405 0.900410
vt 0.505073 0.869115
vt 0.514078 0.870621
vt 0.521476 0.871264
vt 0.493085 0.865234
vt 0.475464 0.896801
vt 0.472933 0.908032
vt 0.458859 0.908391
vt 0.458633 0.895761
vt 0.438004 0.907807
vt 0.439167 0.894109
vt 0.440690 0.870666
vt 0.442475 0.853415
vt 0.419324 0.891324
vt 0.420485 0.869769
vt 0.420861 0.853314
vt 0.422042 0.842451
vt 0.442275 0.845195
vt 0.400534 0.869607
vt 0.401558 0.852818
vt 0.402640 0.838858
vt 0.404019 0.820460
vt 0.423511 0.823276
vt 0.382240 0.851907
vt 0.383450 0.835713
vt 0.384603 0.818153
vt 0.385170 0.800933
vt 0.404573 0.801368
vt 0.364184 0.833522
vt 0.365153 0.816405
vt 0.365756 0.800119
vt 0.366099 0.785617
vt 0.385212 0.786511
vt 0.345674 0.815018
vt 0.346292 0.798982
vt 0.346881 0.784753
vt 0.347493 0.772098
vt 0.366528 0.772919
vt 0.326804 0.797658
vt 0.327390 0.783663
vt 0.328194 0.771572
vt 0.329167 0.762198
vt 0.348057 0.762145
vt 0.307823 0.782355
vt 0.308799 0.771062
vt 0.263179 0.043490
vt 0.282662 0.044288
vt 0.281982 0.053491
vt 0.262767 0.052764
vt 0.281511 0.065343
vt 0.262453 0.065524
vt 0.243494 0.065315
vt 0.243817 0.052424
vt 0.281237 0.078243
vt 0.262165 0.079252
vt 0.242958 0.079251
vt 0.223563 0.078180
vt 0.224202 0.063788
vt 0.261935 0.095296
vt 0.242576 0.095651
vt 0.223092 0.095151
vt 0.203610 0.094137
vt 0.203883 0.076531
vt 0.242498 0.113841
vt 0.223113 0.113736
vt 0.203853 0.113229
vt 0.184917 0.112563
vt 0.184540 0.092842
vt 0.223503 0.133075
vt 0.204464 0.132927
vt 0.185565 0.132551
vt 0.166717 0.132038
vt 0.166078 0.111783
vt 0.205083 0.152947
vt 0.186145 0.152666
vt 0.167283 0.152159
vt 0.148420 0.151487
vt 0.147825 0.131417
vt 0.186489 0.172837
vt 0.167507 0.172273
vt 0.148756 0.171536
vt 0.129931 0.170784
vt 0.129474 0.150689
vt 0.167263 0.192240
vt 0.148455 0.191489
vt 0.129916 0.190767
vt 0.111794 0.190277
vt 0.111470 0.170116
vt 0.147576 0.211254
vt 0.129271 0.210638
vt 0.111439 0.210206
vt 0.094102 0.209999
vt 0.094418 0.190014
vt 0.128249 0.230440
vt 0.110716 0.230049
vt 0.093685 0.229690
vt 0.077402 0.229612
vt 0.077790 0.209909
vt 0.109767 0.249842
vt 0.092695 0.249306
vt 0.076159 0.249138
vt 0.062977 0.249980
vt 0.063458 0.229884
vt 0.092065 0.268808
vt 0.075111 0.268874
vt 0.063139 0.269612
vt 0.054353 0.270077
vt 0.053828 0.250463
vt 0.076780 0.288990
vt 0.063558 0.289392
vt 0.055527 0.289795
vt 0.048438 0.290070
vt 0.046955 0.270323
vt 0.064741 0.310475
vt 0.056376 0.310505
vt 0.049771 0.310373
vt 0.043918 0.310693
vt 0.041777 0.289963
vt 0.056840 0.331556
vt 0.050692 0.331482
vt 0.045371 0.331482
vt 0.052277 0.353761
vt 0.046694 0.353382
vt 0.054558 0.375579
vt 0.048937 0.375210
vt 0.044246 0.374938
vt 0.040111 0.373825
vt 0.052498 0.392975
vt 0.047487 0.393080
vt 0.042827 0.393111
vt 0.845148 0.291717
vt 0.829690 0.292742
vt 0.845651 0.286813
vt 0.866033 0.288939
vt 0.863860 0.290485
vt 0.052079 0.408009
vt 0.047365 0.408010
vt 0.056456 0.419307
vt 0.051061 0.418944
vt 0.057684 0.407409
vt 0.062890 0.419034
vt 0.017660 0.342697
vt 0.018262 0.357761
vt 0.012275 0.358419
vt 0.011521 0.343597
vt 0.063628 0.405558
vt 0.068697 0.414235
vt 0.024755 0.344142
vt 0.023668 0.358635
vt 0.021857 0.376178
vt 0.324639 0.008182
vt 0.339170 0.013515
vt 0.334610 0.020218
vt 0.322802 0.014479
vt 0.306391 0.011491
vt 0.307045 0.004889
vt 0.320535 0.022234
vt 0.305636 0.018334
vt 0.304742 0.026708
vt 0.304243 0.032968
vt 0.289474 0.031784
vt 0.280319 0.028470
vt 0.763315 0.005063
vt 0.778099 0.004746
vt 0.777414 0.011847
vt 0.764550 0.011718
vt 0.754731 0.012779
vt 0.754032 0.008995
vt 0.743731 0.010414
vt 0.744411 0.005280
vt 0.764294 0.018503
vt 0.754308 0.018467
vt 0.743170 0.015468
vt 0.741468 0.019848
vt 0.776966 0.018450
vt 0.789909 0.014766
vt 0.789825 0.021010
vt 0.789784 0.030527
vt 0.798546 0.023033
vt 0.797631 0.033143
vt 0.797318 0.047546
vt 0.787787 0.043183
vt 0.797685 0.063223
vt 0.785796 0.058466
vt 0.768290 0.055838
vt 0.785777 0.075987
vt 0.797843 0.079666
vt 0.797680 0.097010
vt 0.806773 0.081065
vt 0.805456 0.098020
vt 0.803720 0.116272
vt 0.806659 0.064564
vt 0.129438 0.380341
vt 0.112556 0.382297
vt 0.111781 0.375705
vt 0.097297 0.384141
vt 0.096985 0.378332
vt 0.094358 0.368902
vt 0.084688 0.382104
vt 0.082133 0.372349
vt 0.078161 0.353609
vt 0.090490 0.351415
vt 0.077858 0.330686
vt 0.089937 0.330504
vt 0.077616 0.309628
vt 0.091879 0.308848
vt 0.092540 0.288606
vt 0.109068 0.269068
vt 0.127050 0.250084
vt 0.146397 0.230874
vt 0.166433 0.211899
vt 0.186399 0.192801
vt 0.205561 0.173110
vt 0.224113 0.152927
vt 0.242757 0.132881
vt 0.261878 0.113314
vt 0.281032 0.093787
vt 0.066471 0.331440
vt 0.068550 0.354548
vt 0.058742 0.354397
vt 0.071275 0.375038
vt 0.061415 0.376140
vt 0.066423 0.394312
vt 0.057794 0.393361
vt 0.074335 0.387211
vt 0.811540 0.038680
vt 0.806056 0.035374
vt 0.082875 0.386209
vt 0.804551 0.049564
vt 0.799013 0.016610
vt 0.790379 0.009526
vt 0.799789 0.011671
vt 0.809854 0.009988
vt 0.270586 0.030919
vt 0.253389 0.031915
vt 0.253157 0.027864
vt 0.727294 0.002567
vt 0.233746 0.026536
vt 0.233760 0.021861
vt 0.252977 0.023022
vt 0.233741 0.031263
vt 0.233852 0.017656
vt 0.253115 0.018419
vt 0.233926 0.013306
vt 0.253249 0.014479
vt 0.268611 0.014994
vt 0.253299 0.010598
vt 0.268508 0.011492
vt 0.276488 0.012552
vt 0.276839 0.015050
vt 0.253090 0.006651
vt 0.234086 0.004998
vt 0.233969 0.001916
vt 0.252848 0.003030
vt 0.234016 0.009180
vt 0.020875 0.430362
vt 0.020007 0.449222
vt 0.016425 0.449493
vt 0.017314 0.430569
vt 0.019650 0.413943
vt 0.022051 0.414546
vt 0.012245 0.449683
vt 0.013106 0.430793
vt 0.015085 0.413718
vt 0.009705 0.431040
vt 0.010521 0.413666
vt 0.011199 0.399171
vt 0.016789 0.400104
vt 0.022404 0.401624
vt 0.022274 0.389179
vt 0.987645 0.462181
vt 0.989385 0.444810
vt 0.993735 0.444610
vt 0.992135 0.462223
vt 0.997634 0.444513
vt 0.996913 0.462195
vt 0.006666 0.413667
vt 0.005960 0.431350
vt 0.002088 0.431346
vt 0.002421 0.413922
vt 0.002813 0.397131
vt 0.007797 0.397551
vt 0.819815 0.232372
vt 0.820151 0.215581
vt 0.824811 0.215368
vt 0.825079 0.232532
vt 0.825736 0.251267
vt 0.819642 0.250904
vt 0.003208 0.378600
vt 0.008444 0.379737
vt 0.002548 0.360628
vt 0.007895 0.359756
vt 0.002146 0.344350
vt 0.006593 0.343829
vt 0.996106 0.516105
vt 0.991479 0.517438
vt 0.830723 0.232457
vt 0.829980 0.215184
vt 0.834948 0.214913
vt 0.836542 0.232501
vt 0.813490 0.043314
vt 0.814362 0.060898
vt 0.809825 0.060640
vt 0.809431 0.042126
vt 0.841245 0.233707
vt 0.838273 0.215192
vt 0.838075 0.197765
vt 0.842310 0.197837
vt 0.843333 0.215701
vt 0.845220 0.231601
vt 0.813711 0.078076
vt 0.809938 0.078067
vt 0.814012 0.096627
vt 0.809777 0.096854
vt 0.834351 0.197739
vt 0.829538 0.197889
vt 0.829395 0.179246
vt 0.834528 0.179186
vt 0.829156 0.160421
vt 0.834194 0.160358
vt 0.825008 0.198063
vt 0.824889 0.179306
vt 0.824686 0.160452
vt 0.824824 0.141387
vt 0.829448 0.141351
vt 0.820680 0.179396
vt 0.820416 0.160565
vt 0.820357 0.141359
vt 0.820130 0.121563
vt 0.825138 0.121844
vt 0.001993 0.488144
vt 0.002231 0.468938
vt 0.006257 0.468852
vt 0.006240 0.488312
vt 0.006074 0.508234
vt 0.001578 0.507939
vt 0.006428 0.526700
vt 0.002244 0.526470
vt 0.009729 0.488479
vt 0.009633 0.508610
vt 0.998061 0.367629
vt 0.994470 0.367250
vt 0.994009 0.348838
vt 0.997747 0.349163
vt 0.993431 0.332176
vt 0.997630 0.332358
vt 0.989943 0.366738
vt 0.989654 0.348383
vt 0.988811 0.332059
vt 0.987900 0.315949
vt 0.992644 0.315708
vt 0.009731 0.543790
vt 0.009643 0.527467
vt 0.010122 0.559899
vt 0.992126 0.298281
vt 0.996881 0.298648
vt 0.997015 0.315547
vt 0.986953 0.297916
vt 0.989956 0.280141
vt 0.993281 0.281522
vt 0.010945 0.577930
vt 0.013018 0.595713
vt 0.009694 0.594336
vt 0.010509 0.608076
vt 0.006699 0.607274
vt 0.006933 0.593070
vt 0.997466 0.282793
vt 0.014323 0.609138
vt 0.016554 0.618977
vt 0.011968 0.618167
vt 0.018795 0.609612
vt 0.021694 0.618672
vt 0.022294 0.608713
vt 0.024613 0.616276
vt 0.088878 0.393471
vt 0.084565 0.406519
vt 0.085034 0.393324
vt 0.008278 0.617420
vt 0.004494 0.616258
vt 0.002735 0.606796
vt 0.084958 0.422377
vt 0.080676 0.422016
vt 0.077200 0.421832
vt 0.086356 0.438823
vt 0.082083 0.438900
vt 0.077825 0.438988
vt 0.866091 0.009264
vt 0.866538 0.013169
vt 0.850343 0.017354
vt 0.850584 0.011993
vt 0.083842 0.459453
vt 0.079936 0.459829
vt 0.884383 0.006164
vt 0.885752 0.008428
vt 0.885607 0.012465
vt 0.867008 0.017273
vt 0.077331 0.460221
vt 0.081861 0.484356
vt 0.077989 0.485051
vt 0.908297 0.004350
vt 0.908803 0.008257
vt 0.083980 0.509152
vt 0.080142 0.509555
vt 0.929921 0.001696
vt 0.931639 0.004907
vt 0.077590 0.510369
vt 0.073119 0.511418
vt 0.081752 0.532029
vt 0.077635 0.532495
vt 0.207458 0.037590
vt 0.186990 0.038913
vt 0.185279 0.033536
vt 0.205113 0.033177
vt 0.073751 0.533214
vt 0.062491 0.533156
vt 0.064267 0.511654
vt 0.168125 0.039115
vt 0.166999 0.033800
vt 0.074307 0.553297
vt 0.062088 0.553238
vt 0.052990 0.553610
vt 0.053553 0.532938
vt 0.074540 0.574091
vt 0.063250 0.574127
vt 0.054630 0.575141
vt 0.047245 0.576365
vt 0.045559 0.554119
vt 0.065436 0.595998
vt 0.056874 0.597003
vt 0.049925 0.598270
vt 0.044297 0.599302
vt 0.041515 0.577244
vt 0.059146 0.618519
vt 0.052567 0.619647
vt 0.047204 0.620656
vt 0.568448 0.621473
vt 0.573164 0.620038
vt 0.572901 0.637989
vt 0.568844 0.639886
vt 0.568860 0.603700
vt 0.573749 0.602548
vt 0.580241 0.584989
vt 0.580203 0.602658
vt 0.579640 0.620320
vt 0.587646 0.603290
vt 0.587225 0.620802
vt 0.587251 0.638185
vt 0.579425 0.637919
vt 0.587127 0.656364
vt 0.579445 0.656388
vt 0.573372 0.656670
vt 0.579499 0.674764
vt 0.573402 0.676026
vt 0.037243 0.578054
vt 0.033926 0.555479
vt 0.039194 0.554789
vt 0.040964 0.600055
vt 0.034697 0.532422
vt 0.039942 0.532241
vt 0.046360 0.532611
vt 0.045347 0.510521
vt 0.050678 0.511345
vt 0.056744 0.511806
vt 0.056121 0.488811
vt 0.060269 0.487747
vt 0.057560 0.465618
vt 0.569873 0.767750
vt 0.569784 0.745916
vt 0.573457 0.743971
vt 0.572911 0.765637
vt 0.054552 0.466714
vt 0.053814 0.450826
vt 0.057533 0.450008
vt 0.055683 0.433917
vt 0.058355 0.435902
vt 0.062336 0.437807
vt 0.066612 0.438126
vt 0.059876 0.424066
vt 0.063751 0.424940
vt 0.068086 0.424526
vt 0.856367 0.033511
vt 0.858449 0.035862
vt 0.850945 0.042851
vt 0.848079 0.041811
vt 0.844823 0.039718
vt 0.854681 0.028434
vt 0.852950 0.026577
vt 0.844733 0.052991
vt 0.839355 0.052332
vt 0.842151 0.067939
vt 0.838299 0.068500
vt 0.834362 0.069452
vt 0.838146 0.086029
vt 0.834525 0.086185
vt 0.829306 0.086109
vt 0.829012 0.069493
vt 0.824567 0.086071
vt 0.824230 0.069352
vt 0.819650 0.086021
vt 0.819259 0.069180
vt 0.819569 0.052608
vt 0.819592 0.037018
vt 0.002238 0.576896
vt 0.002777 0.560324
vt 0.007391 0.560315
vt 0.007234 0.577214
vt 0.002224 0.592485
vt 0.002715 0.543482
vt 0.006932 0.543505
vt 0.825319 0.103392
vt 0.819653 0.103033
vt 0.830140 0.103708
vt 0.829920 0.122098
vt 0.834532 0.103829
vt 0.834496 0.122423
vt 0.834182 0.141413
vt 0.998373 0.203792
vt 0.998373 0.222804
vt 0.994498 0.222909
vt 0.994623 0.203996
vt 0.838050 0.141388
vt 0.838373 0.160141
vt 0.843110 0.140796
vt 0.843271 0.159818
vt 0.842701 0.178863
vt 0.838269 0.178979
vt 0.809417 0.115694
vt 0.813518 0.115457
vt 0.551582 0.214899
vt 0.550849 0.233941
vt 0.547745 0.233721
vt 0.547777 0.214878
vt 0.547388 0.195912
vt 0.550828 0.195921
vt 0.542905 0.214791
vt 0.542768 0.195891
vt 0.547522 0.178185
vt 0.551271 0.178058
vt 0.547505 0.163689
vt 0.551196 0.162158
vt 0.547541 0.154802
vt 0.551161 0.154059
vt 0.547371 0.146263
vt 0.552740 0.148636
vt 0.542122 0.130147
vt 0.546739 0.133164
vt 0.551974 0.136309
vt 0.545078 0.115465
vt 0.548372 0.120180
vt 0.552165 0.123134
vt 0.817123 0.195493
vt 0.814407 0.196223
vt 0.814222 0.180700
vt 0.817109 0.180962
vt 0.934831 0.002552
vt 0.950288 0.001596
vt 0.538888 0.127941
vt 0.542310 0.113964
vt 0.819096 0.820725
vt 0.833276 0.809841
vt 0.815204 0.174139
vt 0.817123 0.174302
vt 0.956357 0.003317
vt 0.957691 0.006116
vt 0.839738 0.795574
vt 0.838512 0.788343
vt 0.840352 0.789905
vt 0.538484 0.214832
vt 0.538078 0.195870
vt 0.751113 0.823293
vt 0.732166 0.822393
vt 0.732061 0.819260
vt 0.750968 0.818976
vt 0.732050 0.814769
vt 0.750586 0.814526
vt 0.766651 0.813899
vt 0.750188 0.809756
vt 0.766459 0.808934
vt 0.778575 0.809530
vt 0.778164 0.813943
vt 0.790507 0.810938
vt 0.781033 0.803211
vt 0.794036 0.804695
vt 0.804595 0.804982
vt 0.800455 0.811756
vt 0.799547 0.792108
vt 0.810408 0.792350
vt 0.803290 0.774339
vt 0.813818 0.775434
vt 0.804810 0.755221
vt 0.814584 0.756637
vt 0.822233 0.758367
vt 0.814708 0.735522
vt 0.822035 0.737310
vt 0.828542 0.739714
vt 0.822940 0.713999
vt 0.829630 0.716151
vt 0.834989 0.718290
vt 0.834004 0.741570
vt 0.840524 0.720343
vt 0.840564 0.741580
vt 0.015773 0.313168
vt 0.007371 0.293667
vt 0.014454 0.292474
vt 0.002106 0.271831
vt 0.009170 0.271821
vt 0.018206 0.271518
vt 0.023649 0.291061
vt 0.028161 0.270903
vt 0.033777 0.290262
vt 0.039187 0.270254
vt 0.024412 0.250925
vt 0.036556 0.251173
vt 0.045794 0.250875
vt 0.035113 0.231243
vt 0.044468 0.230876
vt 0.053541 0.230286
vt 0.043918 0.210204
vt 0.053536 0.209833
vt 0.063936 0.209748
vt 0.053778 0.189409
vt 0.063842 0.189581
vt 0.078116 0.189814
vt 0.063722 0.169176
vt 0.078333 0.169680
vt 0.094392 0.169997
vt 0.077765 0.149505
vt 0.093582 0.149991
vt 0.110809 0.149952
vt 0.092818 0.129295
vt 0.110176 0.129595
vt 0.128950 0.130470
vt 0.110051 0.109064
vt 0.128500 0.109986
vt 0.147273 0.110908
vt 0.127918 0.088664
vt 0.146815 0.090120
vt 0.165671 0.091504
vt 0.146491 0.070787
vt 0.165508 0.072708
vt 0.184586 0.074337
vt 0.165504 0.056439
vt 0.184893 0.058906
vt 0.204812 0.061672
vt 0.185613 0.046072
vt 0.205288 0.049259
vt 0.224545 0.051632
vt 0.367242 0.762486
vt 0.386311 0.763097
vt 0.385426 0.773505
vt 0.404728 0.775872
vt 0.404447 0.787643
vt 0.405749 0.764542
vt 0.424223 0.778713
vt 0.424054 0.788265
vt 0.424200 0.802440
vt 0.443421 0.788131
vt 0.443587 0.802267
vt 0.443029 0.825154
vt 0.462440 0.823007
vt 0.479691 0.819321
vt 0.495068 0.816076
vt 0.494587 0.832799
vt 0.508114 0.814212
vt 0.507148 0.830215
vt 0.505619 0.842630
vt 0.493868 0.845157
vt 0.504112 0.850775
vt 0.518071 0.829840
vt 0.516677 0.842179
vt 0.514782 0.850316
vt 0.527962 0.831066
vt 0.527073 0.843129
vt 0.525141 0.850731
vt 0.535471 0.832861
vt 0.534876 0.844436
vt 0.533768 0.850780
vt 0.540118 0.845487
vt 0.539157 0.851502
vt 0.521200 0.381877
vt 0.526950 0.384808
vt 0.526139 0.390030
vt 0.518424 0.387282
vt 0.524813 0.395310
vt 0.516155 0.392581
vt 0.523470 0.400979
vt 0.513799 0.397273
vt 0.532789 0.391025
vt 0.532676 0.396220
vt 0.532239 0.401240
vt 0.539071 0.395464
vt 0.539811 0.400208
vt 0.949928 0.422056
vt 0.942289 0.422230
vt 0.942631 0.418888
vt 0.950729 0.418033
vt 0.539820 0.403588
vt 0.544298 0.393919
vt 0.542109 0.389027
vt 0.545506 0.387118
vt 0.548529 0.391839
vt 0.537937 0.390445
vt 0.536525 0.385467
vt 0.532480 0.385852
vt 0.532153 0.382285
vt 0.534642 0.380349
vt 0.544537 0.852024
vt 0.544595 0.846724
vt 0.547290 0.848358
vt 0.548939 0.835391
vt 0.545325 0.834317
vt 0.545660 0.817360
vt 0.549757 0.817634
vt 0.540283 0.833495
vt 0.540390 0.816812
vt 0.540656 0.799866
vt 0.545604 0.799852
vt 0.535767 0.815625
vt 0.528220 0.814200
vt 0.518878 0.813541
vt 0.544558 0.789068
vt 0.549132 0.788326
vt 0.549578 0.800075
vt 0.539585 0.789167
vt 0.787284 0.431827
vt 0.793809 0.429409
vt 0.794328 0.435868
vt 0.787482 0.436786
vt 0.800375 0.434703
vt 0.801081 0.441206
vt 0.794751 0.441401
vt 0.787231 0.441336
vt 0.799670 0.427133
vt 0.804778 0.425244
vt 0.805579 0.433404
vt 0.798146 0.418185
vt 0.802681 0.416051
vt 0.968129 0.487210
vt 0.968484 0.491741
vt 0.959639 0.491610
vt 0.958851 0.486792
vt 0.797934 0.409370
vt 0.970571 0.300715
vt 0.966056 0.301140
vt 0.950898 0.491651
vt 0.950677 0.486237
vt 0.967804 0.497286
vt 0.967108 0.505874
vt 0.960549 0.301752
vt 0.951264 0.308212
vt 0.951949 0.301795
vt 0.939734 0.317104
vt 0.931379 0.317854
vt 0.060979 0.022533
vt 0.055456 0.022890
vt 0.060919 0.034206
vt 0.054562 0.034777
vt 0.048401 0.034237
vt 0.049868 0.022293
vt 0.054936 0.049201
vt 0.048791 0.049756
vt 0.043466 0.049787
vt 0.042551 0.033608
vt 0.054945 0.067765
vt 0.048568 0.068076
vt 0.043159 0.067879
vt 0.039269 0.068061
vt 0.046340 0.086925
vt 0.041227 0.086942
vt 0.036796 0.086945
vt 0.031705 0.086785
vt 0.034583 0.068099
vt 0.037938 0.106636
vt 0.032762 0.106324
vt 0.027684 0.105921
vt 0.023386 0.105587
vt 0.027202 0.086580
vt 0.029089 0.126174
vt 0.024152 0.125647
vt 0.020324 0.125219
vt 0.844890 0.572049
vt 0.839804 0.571692
vt 0.839380 0.555055
vt 0.844559 0.555384
vt 0.021158 0.145621
vt 0.016973 0.145146
vt 0.845719 0.588877
vt 0.840266 0.588475
vt 0.834283 0.588733
vt 0.834111 0.572046
vt 0.845770 0.606320
vt 0.840003 0.605623
vt 0.833632 0.605697
vt 0.827096 0.605839
vt 0.827867 0.589091
vt 0.839487 0.622742
vt 0.832936 0.622720
vt 0.826280 0.622867
vt 0.818999 0.623056
vt 0.819856 0.606251
vt 0.832643 0.639802
vt 0.825748 0.639774
vt 0.818373 0.639728
vt 0.806209 0.639743
vt 0.806415 0.623344
vt 0.826154 0.656607
vt 0.818656 0.656335
vt 0.806212 0.656013
vt 0.788500 0.656308
vt 0.788984 0.640193
vt 0.818404 0.673265
vt 0.805747 0.672404
vt 0.788000 0.672517
vt 0.769416 0.673519
vt 0.769749 0.657255
vt 0.804842 0.690105
vt 0.788178 0.690279
vt 0.769981 0.691080
vt 0.751040 0.691702
vt 0.750471 0.674449
vt 0.789317 0.710622
vt 0.770999 0.710478
vt 0.751903 0.710333
vt 0.732192 0.710574
vt 0.731754 0.692177
vt 0.771309 0.731276
vt 0.752074 0.730466
vt 0.732189 0.730196
vt 0.712262 0.730297
vt 0.712402 0.710676
vt 0.751459 0.750084
vt 0.731738 0.749561
vt 0.711888 0.749748
vt 0.692216 0.750321
vt 0.692392 0.730609
vt 0.731242 0.768512
vt 0.711676 0.769057
vt 0.692213 0.770084
vt 0.673237 0.771149
vt 0.672840 0.751215
vt 0.712195 0.788120
vt 0.692831 0.789507
vt 0.674076 0.790748
vt 0.655759 0.791201
vt 0.654401 0.772094
vt 0.694137 0.804693
vt 0.675265 0.806270
vt 0.656577 0.806257
vt 0.638105 0.805530
vt 0.636551 0.791339
vt 0.675866 0.812498
vt 0.656714 0.812764
vt 0.638619 0.811923
vt 0.621639 0.812852
vt 0.620122 0.806317
vt 0.656684 0.817108
vt 0.638832 0.816752
vt 0.622405 0.817851
vt 0.606829 0.818746
vt 0.605998 0.814153
vt 0.638935 0.821163
vt 0.622588 0.821963
vt 0.606971 0.821421
vt 0.535391 0.324385
vt 0.535590 0.308055
vt 0.539260 0.308004
vt 0.539598 0.324778
vt 0.544030 0.307939
vt 0.544403 0.325243
vt 0.548487 0.307975
vt 0.548626 0.325335
vt 0.549289 0.339837
vt 0.549435 0.350900
vt 0.848288 0.053913
vt 0.845100 0.068412
vt 0.551824 0.307980
vt 0.551397 0.325824
vt 0.548619 0.290085
vt 0.551876 0.289884
vt 0.841085 0.085786
vt 0.841741 0.103881
vt 0.837901 0.103964
vt 0.842377 0.122230
vt 0.838202 0.122503
vt 0.845004 0.103661
vt 0.846815 0.121940
vt 0.846763 0.140526
vt 0.549014 0.253221
vt 0.549149 0.271809
vt 0.543564 0.271453
vt 0.544169 0.252387
vt 0.543748 0.233543
vt 0.551964 0.252969
vt 0.539502 0.251400
vt 0.539091 0.233396
vt 0.713610 0.821953
vt 0.695605 0.822058
vt 0.695784 0.819301
vt 0.713665 0.818675
vt 0.695385 0.814916
vt 0.713819 0.813907
vt 0.694849 0.810808
vt 0.713774 0.809397
vt 0.732206 0.809968
vt 0.713351 0.803283
vt 0.731902 0.802040
vt 0.749893 0.801588
vt 0.731197 0.787159
vt 0.750060 0.787058
vt 0.768479 0.787835
vt 0.766672 0.801775
vt 0.785846 0.790284
vt 0.770036 0.770202
vt 0.788554 0.772495
vt 0.770928 0.751388
vt 0.789413 0.753331
vt 0.789622 0.732446
vt 0.805137 0.733963
vt 0.805158 0.711062
vt 0.815824 0.712257
vt 0.817060 0.691006
vt 0.825187 0.692552
vt 0.826576 0.674093
vt 0.833706 0.674858
vt 0.832231 0.694042
vt 0.840025 0.675704
vt 0.838385 0.695909
vt 0.844593 0.677903
vt 0.843041 0.698317
vt 0.839607 0.657392
vt 0.845093 0.658733
vt 0.001583 0.249655
vt 0.003456 0.227792
vt 0.008847 0.228638
vt 0.007708 0.250097
vt 0.015758 0.229658
vt 0.015234 0.250538
vt 0.024473 0.230559
vt 0.018634 0.208744
vt 0.026259 0.209629
vt 0.035233 0.210289
vt 0.028716 0.188606
vt 0.036565 0.189165
vt 0.044762 0.189258
vt 0.037884 0.168224
vt 0.045736 0.168591
vt 0.054297 0.169029
vt 0.046564 0.147931
vt 0.054470 0.148279
vt 0.063566 0.148669
vt 0.055274 0.127754
vt 0.064061 0.128174
vt 0.077114 0.128721
vt 0.065444 0.107511
vt 0.077555 0.107944
vt 0.092993 0.108358
vt 0.077840 0.085902
vt 0.091987 0.086667
vt 0.109130 0.087500
vt 0.090403 0.065329
vt 0.107482 0.066870
vt 0.127152 0.068652
vt 0.105894 0.050602
vt 0.126238 0.052543
vt 0.146175 0.054344
vt 0.126145 0.041774
vt 0.146114 0.042711
vt 0.165927 0.044119
vt 0.425278 0.766977
vt 0.444967 0.768436
vt 0.443822 0.780492
vt 0.464838 0.769257
vt 0.483897 0.771074
vt 0.106963 0.040350
vt 0.485583 0.760119
vt 0.501126 0.761045
vt 0.513143 0.759811
vt 0.090244 0.049373
vt 0.067758 0.086436
vt 0.059221 0.087123
vt 0.056860 0.107190
vt 0.049272 0.106998
vt 0.052532 0.087061
vt 0.047434 0.127289
vt 0.040335 0.127014
vt 0.042700 0.106695
vt 0.038861 0.147506
vt 0.032191 0.146827
vt 0.034467 0.126642
vt 0.030808 0.167620
vt 0.024495 0.166870
vt 0.026366 0.146151
vt 0.021840 0.187763
vt 0.015607 0.186861
vt 0.018722 0.166098
vt 0.012166 0.207703
vt 0.007110 0.206730
vt 0.010585 0.186069
vt 0.845601 0.623596
vt 0.014269 0.165476
vt 0.845143 0.641013
vt 0.839239 0.639896
vt 0.833140 0.656928
vt 0.750765 0.768779
vt 0.676265 0.816826
vt 0.676518 0.820820
vt 0.656647 0.821285
vt 0.535698 0.290344
vt 0.536417 0.270486
vt 0.538993 0.270796
vt 0.538817 0.290224
vt 0.543783 0.290068
vt 0.537206 0.251253
vt 0.597319 0.814494
vt 0.594536 0.807382
vt 0.603701 0.807082
vt 0.597877 0.819068
vt 0.591035 0.792745
vt 0.601041 0.793297
vt 0.617403 0.792515
vt 0.600722 0.775675
vt 0.615798 0.774283
vt 0.634900 0.773094
vt 0.614995 0.754740
vt 0.634026 0.753601
vt 0.653568 0.752342
vt 0.633798 0.733102
vt 0.653257 0.732083
vt 0.672727 0.731198
vt 0.653364 0.711488
vt 0.672894 0.711040
vt 0.692607 0.710690
vt 0.673153 0.692410
vt 0.692683 0.692459
vt 0.712250 0.692389
vt 0.692779 0.675360
vt 0.712092 0.675425
vt 0.731376 0.675048
vt 0.712097 0.659209
vt 0.731310 0.658948
vt 0.750557 0.658266
vt 0.731569 0.642456
vt 0.750986 0.641849
vt 0.770278 0.640941
vt 0.751616 0.625601
vt 0.771030 0.624804
vt 0.789515 0.623927
vt 0.771682 0.608379
vt 0.790204 0.607567
vt 0.807157 0.606840
vt 0.791048 0.591160
vt 0.808199 0.590282
vt 0.820704 0.589572
vt 0.809176 0.573615
vt 0.821651 0.572873
vt 0.828105 0.572460
vt 0.821261 0.556447
vt 0.827659 0.556024
vt 0.833703 0.555494
vt 0.828028 0.539689
vt 0.834042 0.539324
vt 0.839494 0.539013
vt 0.833805 0.522940
vt 0.839089 0.522835
vt 0.842834 0.523833
vt 0.844173 0.539596
vt 0.838229 0.507102
vt 0.841696 0.508159
vt 0.030059 0.068053
vt 0.832924 0.507025
vt 0.831773 0.494087
vt 0.836632 0.493342
vt 0.026697 0.051339
vt 0.025110 0.037011
vt 0.830911 0.485336
vt 0.835853 0.483780
vt 0.021003 0.028394
vt 0.831088 0.477105
vt 0.835123 0.474604
vt 0.016569 0.020347
vt 0.020878 0.016716
vt 0.025333 0.013487
vt 0.563237 0.372183
vt 0.563237 0.381700
vt 0.013969 0.024354
vt 0.825775 0.495007
vt 0.817916 0.496137
vt 0.827292 0.507518
vt 0.819684 0.507783
vt 0.808238 0.508527
vt 0.807159 0.498034
vt 0.827974 0.523198
vt 0.820702 0.523376
vt 0.809520 0.523530
vt 0.791592 0.523987
vt 0.790890 0.509715
vt 0.821020 0.540037
vt 0.810206 0.540516
vt 0.792099 0.541111
vt 0.772562 0.541471
vt 0.772251 0.524212
vt 0.809938 0.557183
vt 0.792189 0.557897
vt 0.772700 0.558477
vt 0.752702 0.558638
vt 0.752686 0.541525
vt 0.791770 0.574498
vt 0.772574 0.575295
vt 0.752622 0.575633
vt 0.732736 0.575459
vt 0.732850 0.558250
vt 0.772224 0.591983
vt 0.752430 0.592319
vt 0.732545 0.592516
vt 0.712860 0.592291
vt 0.713078 0.574930
vt 0.752125 0.609092
vt 0.732289 0.609349
vt 0.712657 0.609374
vt 0.693173 0.609024
vt 0.693368 0.591749
vt 0.731935 0.625958
vt 0.712442 0.626142
vt 0.693046 0.625910
vt 0.673628 0.625166
vt 0.673696 0.608280
vt 0.712240 0.642547
vt 0.692965 0.642634
vt 0.673672 0.641978
vt 0.654213 0.641143
vt 0.654007 0.624270
vt 0.692876 0.659142
vt 0.673688 0.658651
vt 0.654404 0.657806
vt 0.634923 0.656730
vt 0.634376 0.639889
vt 0.673483 0.675041
vt 0.654290 0.674479
vt 0.635292 0.673505
vt 0.616116 0.672571
vt 0.614898 0.655838
vt 0.653809 0.692243
vt 0.634969 0.691848
vt 0.617241 0.690524
vt 0.600819 0.690716
vt 0.598439 0.673113
vt 0.634144 0.711870
vt 0.615559 0.711367
vt 0.601906 0.712455
vt 0.591586 0.715559
vt 0.589487 0.693108
vt 0.615307 0.734258
vt 0.602104 0.735574
vt 0.592076 0.737892
vt 0.583038 0.740782
vt 0.584155 0.718381
vt 0.600940 0.755684
vt 0.591338 0.757147
vt 0.584497 0.761106
vt 0.578417 0.764294
vt 0.577667 0.742427
vt 0.591613 0.777459
vt 0.584818 0.778671
vt 0.578829 0.778944
vt 0.573776 0.779928
vt 0.584832 0.793402
vt 0.579481 0.795134
vt 0.577603 0.796298
vt 0.589560 0.807763
vt 0.585031 0.808387
vt 0.961696 0.125670
vt 0.961696 0.111304
vt 0.965428 0.113478
vt 0.964149 0.125445
vt 0.573456 0.721814
vt 0.578612 0.720410
vt 0.041235 0.510434
vt 0.575549 0.697535
vt 0.581422 0.695251
vt 0.587457 0.674107
vt 0.597386 0.655890
vt 0.596886 0.638559
vt 0.614083 0.639051
vt 0.596462 0.621334
vt 0.613709 0.621938
vt 0.634015 0.623100
vt 0.613741 0.604756
vt 0.634115 0.605994
vt 0.654053 0.607285
vt 0.634646 0.588731
vt 0.654454 0.589972
vt 0.673949 0.590979
vt 0.655193 0.572358
vt 0.674377 0.573413
vt 0.693647 0.574233
vt 0.674988 0.555390
vt 0.693986 0.556470
vt 0.713324 0.557441
vt 0.694455 0.538485
vt 0.713796 0.539856
vt 0.733025 0.541005
vt 0.714790 0.522578
vt 0.733504 0.523758
vt 0.752633 0.524384
vt 0.752561 0.510207
vt 0.771948 0.510358
vt 0.752261 0.501768
vt 0.771825 0.502735
vt 0.790382 0.501195
vt 0.771725 0.496502
vt 0.752274 0.496224
vt 0.752443 0.492128
vt 0.771697 0.492345
vt 0.753103 0.489541
vt 0.771812 0.489384
vt 0.790000 0.488464
vt 0.558075 0.818577
vt 0.553869 0.818166
vt 0.554142 0.800084
vt 0.553280 0.787882
vt 0.695359 0.520773
vt 0.675692 0.537083
vt 0.676569 0.518747
vt 0.677926 0.504963
vt 0.659333 0.517206
vt 0.661424 0.504191
vt 0.678841 0.495959
vt 0.639916 0.516577
vt 0.641194 0.503471
vt 0.620082 0.516852
vt 0.619464 0.502303
vt 0.602976 0.517867
vt 0.602539 0.503052
vt 0.591788 0.518279
vt 0.591129 0.504162
vt 0.590284 0.494668
vt 0.584369 0.503766
vt 0.584276 0.493268
vt 0.584814 0.486416
vt 0.590577 0.487497
vt 0.584928 0.480209
vt 0.591112 0.481159
vt 0.583908 0.473497
vt 0.590904 0.474620
vt 0.600410 0.469745
vt 0.612498 0.470583
vt 0.599964 0.464185
vt 0.611644 0.464924
vt 0.624378 0.465549
vt 0.624533 0.469868
vt 0.600200 0.460333
vt 0.611480 0.460655
vt 0.624410 0.461405
vt 0.638582 0.462122
vt 0.638626 0.465829
vt 0.915743 0.307380
vt 0.915887 0.294444
vt 0.919274 0.294801
vt 0.918232 0.307504
vt 0.624530 0.458623
vt 0.638589 0.459937
vt 0.918126 0.321577
vt 0.918071 0.335642
vt 0.915399 0.335698
vt 0.915696 0.321560
vt 0.921657 0.321610
vt 0.921777 0.335619
vt 0.925436 0.321657
vt 0.925822 0.335626
vt 0.925861 0.348049
vt 0.921809 0.348168
vt 0.917453 0.348062
vt 0.917382 0.359290
vt 0.914391 0.359166
vt 0.914376 0.347950
vt 0.921915 0.359217
vt 0.921998 0.369575
vt 0.917189 0.370023
vt 0.917087 0.381284
vt 0.913707 0.381828
vt 0.913886 0.370216
vt 0.921543 0.380658
vt 0.917479 0.393359
vt 0.919151 0.404861
vt 0.914733 0.404616
vt 0.914060 0.393697
vt 0.710757 0.460627
vt 0.721668 0.460390
vt 0.721570 0.464086
vt 0.711098 0.465075
vt 0.699339 0.465404
vt 0.698888 0.461038
vt 0.711976 0.470595
vt 0.699324 0.470823
vt 0.686358 0.469730
vt 0.687136 0.465116
vt 0.687274 0.461002
vt 0.675108 0.469256
vt 0.675799 0.465130
vt 0.676213 0.461396
vt 0.664583 0.469820
vt 0.664854 0.465607
vt 0.664996 0.461541
vt 0.653041 0.469913
vt 0.652780 0.465933
vt 0.652721 0.462389
vt 0.638762 0.469817
vt 0.227458 0.048167
vt 0.213179 0.048236
vt 0.664205 0.473542
vt 0.653555 0.473263
vt 0.673997 0.473066
vt 0.405280 0.018418
vt 0.416174 0.018426
vt 0.673052 0.477034
vt 0.664199 0.477657
vt 0.684755 0.473892
vt 0.699324 0.475460
vt 0.722244 0.469114
vt 0.730754 0.468217
vt 0.731911 0.471995
vt 0.730496 0.463981
vt 0.739280 0.464298
vt 0.739422 0.468129
vt 0.730692 0.462076
vt 0.912809 0.413457
vt 0.916150 0.413680
vt 0.915778 0.422276
vt 0.913141 0.422250
vt 0.915573 0.432205
vt 0.913250 0.432471
vt 0.920202 0.413965
vt 0.919326 0.422358
vt 0.919024 0.431950
vt 0.921737 0.443645
vt 0.918144 0.444547
vt 0.914925 0.445418
vt 0.762437 0.462939
vt 0.777882 0.462430
vt 0.779084 0.464641
vt 0.763446 0.464962
vt 0.913094 0.446424
vt 0.917715 0.459768
vt 0.914183 0.460847
vt 0.920998 0.458513
vt 0.917554 0.474546
vt 0.914727 0.475291
vt 0.792322 0.462022
vt 0.803973 0.462059
vt 0.804680 0.464513
vt 0.793179 0.464733
vt 0.918806 0.486236
vt 0.915998 0.486961
vt 0.920582 0.495686
vt 0.916737 0.496199
vt 0.912751 0.505743
vt 0.913367 0.496919
vt 0.913387 0.487659
vt 0.813959 0.462940
vt 0.815017 0.467107
vt 0.805316 0.468292
vt 0.805651 0.472630
vt 0.794922 0.471880
vt 0.794002 0.468560
vt 0.781677 0.471210
vt 0.780313 0.468195
vt 0.766023 0.471178
vt 0.764624 0.468165
vt 0.751004 0.471549
vt 0.749975 0.468324
vt 0.749493 0.464764
vt 0.739947 0.471706
vt 0.001725 0.098360
vt 0.001928 0.087308
vt 0.004918 0.085858
vt 0.005272 0.097139
vt 0.001693 0.106390
vt 0.004545 0.070664
vt 0.008313 0.068883
vt 0.001651 0.072296
vt 0.008733 0.053884
vt 0.011755 0.052407
vt 0.011827 0.067200
vt 0.004993 0.055286
vt 0.005999 0.042551
vt 0.001597 0.056643
vt 0.001898 0.043390
vt 0.810595 0.202104
vt 0.809755 0.216909
vt 0.807031 0.203741
vt 0.803302 0.205130
vt 0.803531 0.190490
vt 0.925161 0.442629
vt 0.924421 0.457269
vt 0.810088 0.227916
vt 0.001597 0.113794
vt 0.535984 0.025254
vt 0.535917 0.039246
vt 0.532093 0.039243
vt 0.531291 0.025232
vt 0.527947 0.038960
vt 0.919285 0.283893
vt 0.915960 0.283161
vt 0.919110 0.272834
vt 0.916558 0.272575
vt 0.920920 0.263704
vt 0.916775 0.264097
vt 0.050017 0.800416
vt 0.046091 0.796741
vt 0.049339 0.791619
vt 0.053390 0.794066
vt 0.057559 0.796085
vt 0.054480 0.801901
vt 0.052045 0.785500
vt 0.055997 0.787732
vt 0.054792 0.779853
vt 0.058325 0.782663
vt 0.058063 0.774719
vt 0.580323 0.485043
vt 0.579705 0.492066
vt 0.061023 0.768330
vt 0.580324 0.479023
vt 0.579320 0.502935
vt 0.575077 0.502745
vt 0.576674 0.490054
vt 0.584608 0.517983
vt 0.579152 0.517508
vt 0.574342 0.517279
vt 0.583827 0.534328
vt 0.590967 0.535024
vt 0.589478 0.551353
vt 0.582308 0.550912
vt 0.588271 0.567849
vt 0.580971 0.567280
vt 0.587826 0.585359
vt 0.597691 0.569147
vt 0.597295 0.586115
vt 0.596769 0.603902
vt 0.614691 0.587391
vt 0.615893 0.570249
vt 0.635701 0.571318
vt 0.617372 0.553043
vt 0.637170 0.553686
vt 0.656234 0.554474
vt 0.638806 0.535418
vt 0.657536 0.535803
vt 0.619302 0.535602
vt 0.601024 0.535512
vt 0.599126 0.552172
vt 0.579406 0.472716
vt 0.597129 0.819994
vt 0.044606 0.021473
vt 0.047462 0.010248
vt 0.051882 0.011093
vt 0.956157 0.532245
vt 0.951788 0.530970
vt 0.952293 0.524349
vt 0.956516 0.525607
vt 0.051895 0.004782
vt 0.943325 0.491905
vt 0.943479 0.486621
vt 0.936948 0.492278
vt 0.937366 0.486077
vt 0.806279 0.440552
vt 0.806566 0.446676
vt 0.937514 0.499328
vt 0.491722 0.079440
vt 0.485751 0.082792
vt 0.479552 0.080134
vt 0.487808 0.075637
vt 0.494343 0.084595
vt 0.550879 0.370369
vt 0.475555 0.086500
vt 0.550350 0.363028
vt 0.475888 0.091985
vt 0.956920 0.219548
vt 0.951633 0.218853
vt 0.552238 0.357905
vt 0.542903 0.004641
vt 0.541629 0.001579
vt 0.556186 0.001579
vt 0.556754 0.003690
vt 0.053064 0.489724
vt 0.075401 0.595376
vt 0.148012 0.033266
vt 0.148981 0.039514
vt 0.078406 0.553316
vt 0.085482 0.483840
vt 0.087892 0.459306
vt 0.850760 0.024073
vt 0.986654 0.366161
vt 0.986457 0.347954
vt 0.994753 0.387381
vt 0.990145 0.387355
vt 0.986326 0.387240
vt 0.990463 0.407261
vt 0.986688 0.407443
vt 0.012304 0.488606
vt 0.012186 0.468404
vt 0.016502 0.468312
vt 0.020556 0.468261
vt 0.990278 0.426018
vt 0.986838 0.426165
vt 0.994696 0.407073
vt 0.994709 0.425905
vt 0.986369 0.445054
vt 0.009251 0.449955
vt 0.010079 0.468787
vt 0.005941 0.450049
vt 0.998232 0.425815
vt 0.001909 0.450107
vt 0.820478 0.198157
vt 0.216502 0.026450
vt 0.216688 0.030709
vt 0.046006 0.418102
vt 0.042353 0.407892
vt 0.867275 0.283360
vt 0.035414 0.373562
vt 0.033108 0.352099
vt 0.868636 0.276828
vt 0.887744 0.278823
vt 0.015025 0.052463
vt 0.015025 0.072082
vt 0.872380 0.275352
vt 0.287829 0.780972
vt 0.288949 0.770273
vt 0.307140 0.796025
vt 0.287098 0.794055
vt 0.266390 0.791947
vt 0.286765 0.810021
vt 0.306554 0.811933
vt 0.306014 0.829322
vt 0.286647 0.827817
vt 0.305513 0.847090
vt 0.286602 0.845915
vt 0.304897 0.865157
vt 0.286286 0.864124
vt 0.304073 0.883403
vt 0.285570 0.882472
vt 0.302980 0.901725
vt 0.322956 0.884250
vt 0.321992 0.902430
vt 0.320951 0.920598
vt 0.341177 0.903097
vt 0.340413 0.921092
vt 0.339695 0.939034
vt 0.359965 0.921411
vt 0.359530 0.939362
vt 0.358904 0.956723
vt 0.379542 0.939479
vt 0.378958 0.957311
vt 0.378127 0.972194
vt 0.398411 0.959044
vt 0.397859 0.971914
vt 0.397476 0.984532
vt 0.416785 0.972570
vt 0.416580 0.981694
vt 0.418020 0.996015
vt 0.398062 0.997079
vt 0.436612 0.980594
vt 0.437660 0.995743
vt 0.205751 0.759933
vt 0.186044 0.761293
vt 0.185207 0.744196
vt 0.204935 0.743563
vt 0.184480 0.724015
vt 0.204350 0.724111
vt 0.183841 0.703214
vt 0.203896 0.703448
vt 0.204075 0.683056
vt 0.224942 0.663920
vt 0.244246 0.643892
vt 0.261840 0.622268
vt 0.278311 0.599373
vt 0.295570 0.576761
vt 0.296927 0.599043
vt 0.314040 0.576263
vt 0.314043 0.554891
vt 0.332722 0.554090
vt 0.332624 0.575103
vt 0.351485 0.552903
vt 0.351460 0.573190
vt 0.370606 0.551476
vt 0.371220 0.570781
vt 0.352022 0.532891
vt 0.371031 0.532215
vt 0.353489 0.513030
vt 0.372421 0.512886
vt 0.391628 0.513037
vt 0.374267 0.493945
vt 0.393206 0.494263
vt 0.411880 0.494722
vt 0.394487 0.475626
vt 0.412860 0.475980
vt 0.430815 0.476478
vt 0.413364 0.458287
vt 0.431124 0.458804
vt 0.448712 0.459330
vt 0.431326 0.443062
vt 0.448704 0.443944
vt 0.465922 0.444491
vt 0.448523 0.432010
vt 0.465513 0.432487
vt 0.482071 0.432988
vt 0.566884 0.379465
vt 0.566296 0.363756
vt 0.579486 0.360401
vt 0.579946 0.375703
vt 0.580464 0.390451
vt 0.567409 0.394760
vt 0.595572 0.373677
vt 0.596165 0.388049
vt 0.596690 0.401468
vt 0.613506 0.386934
vt 0.613963 0.399973
vt 0.614350 0.412274
vt 0.632479 0.399570
vt 0.632811 0.411639
vt 0.633046 0.423191
vt 0.651427 0.412077
vt 0.651733 0.423497
vt 0.652003 0.434371
vt 0.633148 0.434148
vt 0.670267 0.424660
vt 0.670821 0.435269
vt 0.688059 0.436630
vt 0.565616 0.347654
vt 0.431240 0.430897
vt 0.333398 0.533609
vt 0.164186 0.723697
vt 0.165291 0.744048
vt 0.166411 0.761119
vt 0.435836 0.973844
vt 0.418061 0.961657
vt 0.436624 0.963236
vt 0.418481 0.940737
vt 0.437507 0.941538
vt 0.418326 0.919200
vt 0.437896 0.918725
vt 0.462881 0.918414
vt 0.418023 0.906362
vt 0.399030 0.920488
vt 0.399143 0.905338
vt 0.399634 0.888786
vt 0.379886 0.904324
vt 0.380302 0.887093
vt 0.381128 0.869015
vt 0.361180 0.885965
vt 0.362001 0.868080
vt 0.363034 0.850568
vt 0.342890 0.867097
vt 0.343826 0.849397
vt 0.344797 0.832053
vt 0.324628 0.848282
vt 0.325431 0.830739
vt 0.326223 0.813586
vt 0.323808 0.866145
vt 0.342029 0.885076
vt 0.360456 0.903721
vt 0.379646 0.921237
vt 0.399031 0.939695
vt 0.491115 0.911236
vt 0.474719 0.911316
vt 0.437405 0.005427
vt 0.437301 0.008598
vt 0.529691 0.919671
vt 0.527232 0.933484
vt 0.528501 0.912374
vt 0.535706 0.913229
vt 0.535716 0.920552
vt 0.951274 0.184910
vt 0.958615 0.184790
vt 0.957612 0.197560
vt 0.951274 0.198847
vt 0.533729 0.933064
vt 0.532007 0.951006
vt 0.524242 0.951645
vt 0.541475 0.921484
vt 0.539533 0.932998
vt 0.537137 0.949979
vt 0.001691 0.185756
vt 0.002606 0.170495
vt 0.008169 0.171245
vt 0.007017 0.185037
vt 0.545868 0.932764
vt 0.542796 0.949820
vt 0.541111 0.966074
vt 0.536166 0.965274
vt 0.546913 0.950075
vt 0.545414 0.967410
vt 0.545749 0.976109
vt 0.540432 0.974586
vt 0.535495 0.973685
vt 0.881684 0.241881
vt 0.880494 0.246883
vt 0.874666 0.247327
vt 0.876330 0.240124
vt 0.880661 0.233660
vt 0.885965 0.236296
vt 0.001782 0.162034
vt 0.007755 0.163356
vt 0.889160 0.227649
vt 0.530135 0.972709
vt 0.521663 0.972574
vt 0.522494 0.965143
vt 0.531088 0.964845
vt 0.889608 0.218598
vt 0.870407 0.238684
vt 0.873862 0.231256
vt 0.864765 0.237950
vt 0.867378 0.229328
vt 0.860957 0.236977
vt 0.863210 0.227182
vt 0.868179 0.220613
vt 0.962276 0.293263
vt 0.961142 0.297460
vt 0.952576 0.297562
vt 0.953568 0.293088
vt 0.971008 0.287179
vt 0.971946 0.293680
vt 0.944681 0.297178
vt 0.945353 0.293197
vt 0.937894 0.297530
vt 0.864822 0.254427
vt 0.869475 0.254556
vt 0.864229 0.246555
vt 0.869432 0.247098
vt 0.874653 0.253823
vt 0.880486 0.252203
vt 0.549654 0.968383
vt 0.551275 0.976569
vt 0.551066 0.949839
vt 0.553549 0.968873
vt 0.556415 0.975984
vt 0.554755 0.932669
vt 0.550966 0.932923
vt 0.557168 0.925672
vt 0.542441 0.913985
vt 0.368803 0.009759
vt 0.375486 0.010815
vt 0.375872 0.018661
vt 0.367518 0.016351
vt 0.376094 0.026517
vt 0.366680 0.023504
vt 0.949363 0.361002
vt 0.959031 0.362503
vt 0.367143 0.028450
vt 0.385180 0.028450
vt 0.968209 0.364555
vt 0.968907 0.371701
vt 0.474818 0.915533
vt 0.340702 0.430792
vt 0.561389 0.263556
vt 0.771507 0.454626
vt 0.772679 0.458913
vt 0.972735 0.571171
vt 0.967803 0.562526
vt 0.971913 0.559145
vt 0.960926 0.554338
vt 0.964654 0.550060
vt 0.968328 0.545729
vt 0.975795 0.555833
vt 0.970881 0.542278
vt 0.978922 0.553229
vt 0.026498 0.434228
vt 0.025287 0.420715
vt 0.030858 0.433737
vt 0.957076 0.537613
vt 0.958871 0.533947
vt 0.025064 0.407275
vt 0.954602 0.542518
vt 0.966045 0.360392
vt 0.853719 0.299365
vt 0.860477 0.331611
vt 0.919227 0.013921
vt 0.938393 0.016435
vt 0.922804 0.021632
vt 0.905974 0.020709
vt 0.901355 0.014233
vt 0.850277 0.347000
vt 0.893315 0.020688
vt 0.890226 0.015738
vt 0.846059 0.359016
vt 0.894908 0.029933
vt 0.370805 0.758981
vt 0.392866 0.758913
vt 0.883732 0.102456
vt 0.891758 0.118358
vt 0.914352 0.135445
vt 0.928513 0.134992
vt 0.928798 0.151122
vt 0.947796 0.215433
vt 0.948673 0.220182
vt 0.949934 0.224056
vt 0.951218 0.227652
vt 0.936162 0.228060
vt 0.066921 0.838582
vt 0.066072 0.832790
vt 0.068400 0.848043
vt 0.076347 0.860318
vt 0.897741 0.191764
vt 0.875737 0.102984
vt 0.869983 0.117526
vt 0.870691 0.103810
vt 0.445185 0.005223
vt 0.443444 0.002041
vt 0.366095 0.382581
vt 0.036123 0.816177
vt 0.382047 0.382611
vt 0.299769 0.378648
vt 0.800156 0.134194
vt 0.221709 0.317469
vt 0.241701 0.316881
vt 0.242107 0.301100
vt 0.262376 0.301282
vt 0.263487 0.285986
vt 0.283794 0.286140
vt 0.284804 0.268927
vt 0.305080 0.267814
vt 0.305148 0.249296
vt 0.325291 0.247601
vt 0.324134 0.228206
vt 0.382743 0.080655
vt 0.388915 0.079122
vt 0.797370 0.265590
vt 0.795672 0.284425
vt 0.490987 0.239291
vt 0.076450 0.762125
vt 0.077993 0.779151
vt 0.413869 0.390868
vt 0.051090 0.867451
vt 0.055669 0.875605
vt 0.049073 0.875204
vt 0.417009 0.384374
vt 0.411257 0.379196
vt 0.419936 0.378530
vt 0.047726 0.880887
vt 0.802764 0.163256
vt 0.349619 0.005520
vt 0.345757 0.001692
vt 0.900961 0.262952
vt 0.815731 0.156619
vt 0.914029 0.515333
vt 0.968666 0.378641
vt 0.968549 0.389296
vt 0.244761 0.407451
vt 0.244895 0.401407
vt 0.256932 0.399698
vt 0.256896 0.406477
vt 0.965640 0.401266
vt 0.244432 0.394809
vt 0.234265 0.403248
vt 0.850317 0.366911
vt 0.850317 0.362278
vt 0.949589 0.250663
vt 0.945313 0.252095
vt 0.939851 0.261422
vt 0.939450 0.252895
vt 0.933063 0.261345
vt 0.933218 0.254228
vt 0.986084 0.007253
vt 0.992967 0.008992
vt 0.979420 0.021906
vt 0.981675 0.026768
vt 0.224765 0.422699
vt 0.852215 0.257453
vt 0.860926 0.270629
vt 0.532420 0.074630
vt 0.337785 0.050085
vt 0.331424 0.048832
vt 0.344568 0.049135
vt 0.556047 0.971596
vt 0.223875 0.407136
vt 0.504389 0.395199
vt 0.499092 0.392951
vt 0.874815 0.213601
vt 0.954375 0.064995
vt 0.954346 0.061628
vt 0.392479 0.384107
vt 0.403559 0.381342
vt 0.050616 0.821372
vt 0.240456 0.036968
vt 0.997629 0.013858
vt 0.996102 0.013858
vt 0.996111 0.010219
vt 0.996175 0.010373
vt 0.545762 0.085738
vt 0.715548 0.485609
vt 0.564304 0.001623
vt 0.794801 0.406125
vt 0.924810 0.689746
vt 0.844368 0.007454
vt 0.841737 0.003628
vt 0.068619 0.786220
vt 0.073316 0.784494
vt 0.071006 0.793653
vt 0.066073 0.794833
vt 0.070897 0.800636
vt 0.065275 0.800070
vt 0.077863 0.785534
vt 0.961162 0.256277
vt 0.872414 0.321929
vt 0.494817 0.390596
vt 0.847357 0.220545
vt 0.854425 0.220545
vt 0.860368 0.220750
vt 0.993192 0.036362
vt 0.992439 0.029975
vt 0.992574 0.025785
vt 0.488139 0.104345
vt 0.484517 0.104340
vt 0.488835 0.094494
vt 0.971510 0.312533
vt 0.815784 0.172251
vt 0.839150 0.771241
vt 0.509815 0.029099
vt 0.509435 0.026024
vt 0.509815 0.022722
vt 0.965167 0.001854
vt 0.532449 0.368365
vt 0.871821 0.148425
vt 0.871589 0.132163
vt 0.871829 0.121604
vt 0.952894 0.014216
vt 0.941299 0.015269
vt 0.939568 0.014216
vt 0.536118 0.659151
vt 0.360301 0.003928
vt 0.360149 0.003078
vt 0.360301 0.001652
vt 0.478110 0.097679
vt 0.488534 0.103746
vt 0.004643 0.160216
vt 0.003318 0.157175
vt 0.001599 0.143191
vt 0.002720 0.138008
vt 0.006550 0.137971
vt 0.674234 0.021502
vt 0.675420 0.024389
vt 0.846578 0.239700
vt 0.848155 0.245131
vt 0.845146 0.245953
vt 0.843665 0.238942
vt 0.539763 0.011045
vt 0.539762 0.006036
vt 0.546518 0.010217
vt 0.908755 0.520803
vt 0.859153 0.552239
vt 0.993175 0.691402
vt 0.555530 0.224540
vt 0.554804 0.206060
vt 0.554641 0.186437
vt 0.555319 0.165825
vt 0.554659 0.224900
vt 0.076000 0.006738
vt 0.075938 0.004687
vt 0.019499 0.085399
vt 0.018899 0.087158
vt 0.015424 0.085384
vt 0.018545 0.084230
vt 0.020973 0.085274
vt 0.020592 0.086460
vt 0.020699 0.083761
vt 0.020278 0.082467
vt 0.022050 0.082214
vt 0.022050 0.083660
vt 0.022051 0.085277
vt 0.017933 0.082588
vt 0.017771 0.080709
vt 0.020061 0.081050
vt 0.014967 0.082807
vt 0.014926 0.080159
vt 0.016022 0.077754
vt 0.017830 0.078357
vt 0.019929 0.079058
vt 0.022051 0.079766
vt 0.022050 0.080914
vt 0.022051 0.086884
s 1
usemtl Trash
f 1/1/1 2/2/2 203/3/3 204/4/4
f 2/2/2 207/5/5 208/6/6 203/3/3
f 2/7/2 206/8/7 209/9/8 210/10/9
f 2/11/2 210/12/9 211/13/10 207/14/5
f 3/15/11 212/16/12 213/17/13 214/18/14
f 3/19/11 210/20/9 209/21/8 215/22/15
f 3/15/11 215/23/15 216/24/16 212/16/12
f 4/25/17 4772/26/18 217/27/19 218/28/20
f 5/29/21 219/30/22 220/31/23 221/32/24
f 5/33/21 222/34/25 223/35/26 36/36/27
f 5/29/21 224/37/28 225/38/29 222/39/25
f 5/29/21 221/32/24 226/40/30 224/37/28
f 5/41/21 36/42/27 227/43/31 219/44/22
f 6/45/32 228/46/33 229/47/34 230/48/35
f 6/45/32 230/48/35 231/49/36 211/50/10
f 6/51/32 211/52/10 210/53/9 3/54/11
f 6/45/32 3/15/11 232/55/37 233/56/38
f 6/45/32 233/56/38 234/57/39 228/46/33
f 4/25/17 235/58/40 8/59/41 4772/26/18
f 7/60/42 8/59/41 236/61/43 237/62/44
f 8/59/41 235/58/40 238/63/45 239/64/46
f 9/65/47 240/66/48 241/67/49 242/68/50
f 9/69/47 243/70/51 244/71/52 10/72/53
f 9/73/47 242/74/50 21/75/54 243/76/51
f 9/65/47 10/77/53 245/78/55 246/79/56
f 9/65/47 246/79/56 247/80/57 240/66/48
f 10/81/53 244/82/52 13/83/58 248/84/59
f 10/85/53 248/86/59 243/87/51 21/88/54
f 11/89/60 249/90/61 250/91/62 251/92/63
f 11/93/60 251/94/63 252/95/64 253/96/65
f 11/93/60 253/96/65 254/97/66 249/98/61
f 12/99/67 255/100/68 256/101/69 257/102/70
f 12/99/67 258/103/71 259/104/72 255/100/68
f 12/99/67 257/102/70 260/105/73 261/106/74
f 12/107/67 262/108/75 263/109/76 258/110/71
f 13/111/58 264/112/77 14/113/78 248/114/59
f 13/115/58 244/116/52 14/117/78 265/118/79
f 13/119/58 266/120/80 267/121/81 264/122/77
f 14/123/78 268/124/82 269/125/83 265/126/79
f 14/123/78 31/127/84 270/128/85 268/124/82
f 14/129/78 244/130/52 243/87/51 248/86/59
f 14/113/78 264/112/77 271/131/86 31/132/84
f 15/133/87 272/134/88 273/135/89 20/136/90
f 15/133/87 274/137/91 275/138/92 272/134/88
f 15/139/87 20/140/90 276/141/93 277/142/94
f 15/133/87 278/143/95 279/144/96 274/137/91
f 15/145/87 277/146/94 280/147/97 278/148/95
f 16/149/98 281/150/99 282/151/100 17/152/101
f 16/149/98 283/153/102 284/154/103 281/150/99
f 16/149/98 18/155/104 285/156/105 283/153/102
f 16/149/98 17/152/101 286/157/106 287/158/107
f 16/149/98 287/158/107 288/159/108 18/155/104
f 17/160/101 289/161/109 290/162/110 291/163/111
f 17/164/101 282/165/100 292/166/112 289/167/109
f 17/152/101 291/168/111 293/169/113 286/157/106
f 18/155/104 288/159/108 294/170/114 285/156/105
f 19/171/115 295/172/116 296/173/117 297/174/118
f 19/171/115 298/175/119 299/176/120 295/172/116
f 19/177/115 297/178/118 300/179/121 298/180/119
f 20/181/90 273/182/89 301/183/122 302/184/123
f 20/140/90 303/185/124 304/186/125 276/141/93
f 21/187/54 305/188/126 306/189/127 10/77/53
f 21/187/54 307/190/128 308/191/129 305/188/126
f 21/187/54 242/68/50 309/192/130 307/190/128
f 22/193/131 310/194/132 311/195/133
f 22/193/131 312/196/134 313/197/135 310/194/132
f 22/193/131 311/195/133 314/198/136 315/199/137
f 23/200/138 316/201/139 317/202/140 318/203/141
f 23/200/138 318/203/141 319/204/142 320/205/143
f 24/206/144 25/207/145 321/208/146 322/209/147
f 24/210/144 322/211/147 323/212/148 324/213/149
f 24/206/144 28/214/150 325/215/151 25/207/145
f 24/216/144 324/217/149 326/218/152 28/219/150
f 22/193/131 327/220/153 328/221/154 312/196/134
f 22/193/131 315/199/137 329/222/155 327/220/153
f 25/223/145 325/224/151 330/225/156 321/226/146
f 26/227/157 331/228/158 332/229/159 27/230/160
f 26/227/157 333/231/161 334/232/162 331/228/158
f 26/227/157 27/230/160 335/233/163 333/231/161
f 27/230/160 28/219/150 326/218/152 339/234/164
f 28/214/150 340/235/165 341/236/166 336/237/167
f 27/230/160 339/234/164 342/238/168 335/233/163
f 4771/239/169 343/240/170 330/225/156 325/224/151
f 29/241/171 344/242/172 345/243/173 346/244/174
f 29/241/171 30/245/175 347/246/176 344/242/172
f 29/241/171 346/244/174 348/247/177 349/248/178
f 29/241/171 350/249/179 351/250/180 30/245/175
f 29/241/171 349/248/178 199/251/181 350/249/179
f 30/245/175 351/250/180 352/252/182 347/246/176
f 3/15/11 214/18/14 353/253/183 232/55/37
f 31/132/84 271/131/86 354/254/184 355/255/185
f 32/256/186 356/257/187 357/258/188 358/259/189
f 32/256/186 66/260/190 83/261/191 356/257/187
f 33/262/192 359/263/193 360/264/194 361/265/195
f 33/262/192 67/266/196 362/267/197 359/263/193
f 4773/268/198 363/269/199 364/270/200 67/266/196
f 34/271/201 365/272/202 366/273/203 367/274/204
f 34/275/201 367/276/204 368/277/205 47/278/206
f 35/279/207 369/280/208 370/281/209 371/282/210
f 35/279/207 371/282/210 372/283/211 373/284/212
f 36/36/27 223/35/26 374/285/213 375/286/214
f 36/287/27 375/288/214 38/289/215 150/290/216
f 37/291/217 376/292/218 377/293/219 378/294/220
f 37/295/217 379/296/221 46/297/222 376/298/218
f 37/295/217 380/299/223 379/296/221
f 38/300/215 381/301/224 382/302/225 383/303/226
f 38/300/215 383/303/226 384/304/227 385/305/228
f 38/300/215 375/306/214 386/307/229 381/301/224
f 38/300/215 385/305/228 387/308/230 150/309/216
f 39/310/231 151/311/232 222/39/25 225/38/29
f 39/310/231 388/312/233 389/313/234 390/314/235
f 39/310/231 390/314/235 391/315/236 151/311/232
f 40/316/237 392/317/238 393/318/239 394/319/240
f 40/316/237 394/319/240 395/320/241 396/321/242
f 40/316/237 396/321/242 397/322/243 392/317/238
f 41/323/244 398/324/245 399/325/246 400/326/247
f 41/323/244 400/326/247 401/327/248 402/328/249
f 41/323/244 403/329/250 404/330/251 398/324/245
f 41/331/244 402/332/249 405/333/252 406/334/253
f 41/331/244 406/334/253 114/335/254 403/336/250
f 42/337/255 407/338/256 408/339/257 409/340/258
f 42/337/255 409/340/258 410/341/259 411/342/260
f 42/337/255 411/342/260 53/343/261 407/338/256
f 43/344/262 412/345/263 413/346/264 414/347/265
f 43/344/262 414/347/265 405/333/252 415/348/266
f 43/349/262 415/350/266 416/351/267 417/352/268
f 44/353/269 418/354/270 419/355/271 420/356/272
f 44/353/269 421/357/273 422/358/274 418/354/270
f 44/359/269 420/360/272 423/361/275 424/362/276
f 44/353/269 425/363/277 426/364/278 421/357/273
f 44/353/269 424/365/276 58/366/279 425/363/277
f 45/367/280 419/355/271 418/354/270 427/368/281
f 45/369/280 428/370/282 429/371/283 430/372/284
f 45/369/280 427/373/281 431/374/285 428/370/282
f 45/369/280 430/372/284 432/375/286 433/376/287
f 45/377/280 433/378/287 434/379/288 419/380/271
f 46/381/222 379/382/221 435/383/289 436/384/290
f 46/297/222 436/385/290 437/386/291 376/298/218
f 438/387/292 439/388/293 437/389/291 440/390/294
f 37/295/217 368/391/205 441/392/295 380/299/223
f 48/393/296 442/394/297 443/395/298 444/396/299
f 48/397/296 444/398/299 445/399/300 446/400/301
f 48/393/296 446/401/301 447/402/302 442/394/297
f 49/403/303 448/404/304 449/405/305 450/406/306
f 49/407/303 451/408/307 452/409/308 453/410/309
f 49/403/303 454/411/310 455/412/311 451/413/307
f 49/403/303 450/406/306 456/414/312 454/411/310
f 49/415/303 453/416/309 457/417/313 448/418/304
f 458/419/314 459/420/315 460/421/316 461/422/317
f 50/423/318 462/424/319 463/425/320 464/426/321
f 50/427/318 465/428/322 466/429/323 467/430/324
f 50/423/318 464/426/321 468/431/325 465/432/322
f 50/427/318 467/430/324 469/433/326 470/434/327
f 50/427/318 470/434/327 471/435/328 462/436/319
f 51/437/329 472/438/330 473/439/331 474/440/332
f 51/441/329 475/442/333 476/443/334 472/444/330
f 51/441/329 477/445/335 478/446/336 475/442/333
f 51/441/329 479/447/337 480/448/338 477/445/335
f 51/441/329 474/449/332 481/450/339 479/447/337
f 52/451/340 482/452/341 483/453/342 484/454/343
f 52/451/340 485/455/344 417/352/268 416/351/267
f 52/451/340 54/456/345 486/457/346 485/455/344
f 52/451/340 484/454/343 487/458/347 54/456/345
f 52/459/340 416/460/267 488/461/348 482/462/341
f 53/343/261 411/342/260 489/463/349 490/464/350
f 53/343/261 491/465/351 492/466/352 493/467/353
f 53/468/261 490/469/350 494/470/354 491/471/351
f 53/343/261 493/467/353 495/472/355 407/338/256
f 54/456/345 496/473/356 497/474/357 498/475/358
f 54/456/345 487/458/347 499/476/359 496/473/356
f 55/477/360 500/478/361 188/479/362 501/480/363
f 55/477/360 502/481/364 503/482/365 500/478/361
f 55/477/360 501/480/363 504/483/366 502/481/364
f 56/484/367 505/485/368 506/486/369 507/487/370
f 56/484/367 509/488/371 510/489/372 505/485/368
f 56/484/367 511/490/373 57/491/374 509/488/371
f 56/492/367 508/493/375 512/494/376 511/495/373
f 57/496/374 513/497/377 514/498/378 515/499/379
f 57/496/374 515/499/379 328/221/154 327/220/153
f 57/500/374 511/495/373 516/501/380 513/502/377
f 58/503/279 517/504/381 518/505/382 425/506/277
f 58/507/279 519/508/383 520/509/384 517/510/381
f 58/507/279 164/511/385 521/512/386 519/508/383
f 59/513/387 522/514/388 523/515/389 524/516/390
f 59/517/387 525/518/391 526/519/392 522/520/388
f 59/521/387 527/522/393 528/523/394 525/524/391
f 60/525/395 529/526/396 530/527/397 531/528/398
f 60/525/395 531/528/398 532/529/399 533/530/400
f 60/525/395 533/530/400 534/531/401 529/526/396
f 61/532/402 535/533/403 526/534/392 536/535/404
f 61/532/402 536/535/404 537/536/405 538/537/406
f 62/538/407 539/539/408 64/540/409 540/541/410
f 62/538/407 540/541/410 541/542/411 542/543/412
f 62/538/407 542/543/412 63/544/413 539/539/408
f 63/545/413 543/546/414 544/547/415 539/548/408
f 63/545/413 545/549/416 546/550/417 543/546/414
f 63/544/413 65/551/418 547/552/419 545/553/416
f 63/544/413 542/543/412 548/554/420 65/551/418
f 64/555/409 539/556/408 544/557/415 549/558/421
f 64/559/409 550/560/422 551/561/423 540/562/410
f 65/563/418 552/564/424 553/565/425 554/566/426
f 65/551/418 548/554/420 555/567/427 552/568/424
f 65/563/418 554/566/426 556/569/428 547/570/419
f 66/571/190 358/572/189 357/573/188 557/574/429
f 66/575/190 557/576/429 368/277/205 367/276/204
f 66/577/190 363/578/199 4774/579/430 358/580/189
f 4771/581/169 325/215/151 28/214/150 336/237/167
f 4771/581/169 338/582/431 558/583/432 559/584/433
f 4771/581/169 559/584/433 68/585/434 343/586/170
f 68/587/434 559/588/433 560/589/435 561/590/436
f 68/587/434 561/590/436 562/591/437 343/592/170
f 69/593/438 563/594/439 564/595/440 565/596/441
f 69/593/438 566/597/442 567/598/443 563/594/439
f 70/599/444 568/600/445 569/601/446 570/602/447
f 70/599/444 571/603/448 563/594/439 567/598/443
f 70/599/444 567/598/443 572/604/449 568/600/445
f 71/605/450 74/606/451 573/607/452 574/608/453
f 71/609/450 96/610/454 575/611/455 576/612/456
f 71/609/450 577/613/457 578/614/458 96/610/454
f 71/605/450 574/608/453 579/615/459 577/616/457
f 72/617/460 580/618/461 75/619/462 581/620/463
f 583/621/464 584/622/465 580/618/461 72/617/460
f 72/623/460 581/624/463 582/625/466 583/626/464
f 73/627/467 585/628/468 586/629/469 587/630/470
f 73/631/467 587/632/470 588/633/471 589/634/472
f 73/631/467 589/634/472 590/635/473 585/636/468
f 74/606/451 591/637/474 592/638/475 573/607/452
f 74/606/451 593/639/476 594/640/477 591/637/474
f 74/606/451 71/605/450 576/641/456 593/639/476
f 75/642/462 595/643/478 596/644/479 597/645/480
f 75/646/462 597/647/480 598/648/481 581/649/463
f 75/642/462 599/650/482 600/651/483 595/643/478
f 75/642/462 580/652/461 601/653/484 599/650/482
f 76/654/485 602/655/486 118/656/487 603/657/488
f 76/654/485 604/658/489 605/659/490 606/660/491
f 608/661/492 609/662/493 610/663/494 79/664/495
f 77/665/496 611/666/497 612/667/498 607/668/499
f 77/665/496 79/664/495 610/663/494 613/669/500
f 77/665/496 614/670/501 615/671/502 611/666/497
f 4775/672/503 4776/673/504 616/674/505 617/675/506
f 4775/676/503 617/677/506 618/678/507 619/679/508
f 4775/672/503 619/680/508 620/681/509 4776/673/504
f 78/682/510 621/683/511 622/684/512 623/685/513
f 78/686/510 624/687/514 625/688/515 621/689/511
f 78/690/510 626/691/516 627/692/517 624/693/514
f 4776/673/504 620/681/509 628/694/518 629/695/519
f 80/696/520 428/370/282 431/374/285 630/697/521
f 632/698/522 429/371/283 428/370/282 80/696/520
f 80/699/520 630/700/521 631/701/523 632/702/522
f 81/703/524 633/704/525 634/705/526 635/706/527
f 81/707/524 635/708/527 636/709/528 637/710/529
f 81/707/524 637/710/529 632/698/522 633/711/525
f 82/712/530 87/713/531 638/714/532 639/715/533
f 82/712/530 639/715/533 640/716/534 641/717/535
f 82/712/530 641/717/535 642/718/536 87/713/531
f 83/261/191 84/719/537 643/720/538 356/257/187
f 83/721/191 66/722/190 367/274/204 366/273/203
f 84/723/537 83/721/191 644/724/539 645/725/540
f 84/726/537 645/727/540 646/728/541 643/729/538
f 85/730/542 357/258/188 356/257/187 643/720/538
f 85/731/542 158/732/543 557/574/429 357/573/188
f 85/733/542 647/734/544 648/735/545 649/736/546
f 85/733/542 643/729/538 646/728/541 647/734/544
f 85/733/542 649/736/546 650/737/547 158/738/543
f 86/739/548 651/740/549 652/741/550 653/742/551
f 655/743/552 656/744/553 651/740/549 86/739/548
f 86/739/548 653/742/551 654/745/554 655/743/552
f 87/746/531 642/747/536 653/742/551 638/748/532
f 88/749/555 657/750/556 658/751/557 90/752/558
f 4777/753/559 659/754/560 660/755/561 4778/756/562
f 4777/753/559 661/757/563 662/758/564 659/754/560
f 4777/759/559 4778/760/562 663/761/565 664/762/566
f 4777/753/559 664/763/566 665/764/567 661/757/563
f 88/765/555 90/766/558 666/767/568 667/768/569
f 88/769/555 667/770/569 668/771/570 657/772/556
f 89/773/571 669/774/572 670/775/573 671/776/574
f 89/773/571 672/777/575 662/758/564 673/778/576
f 89/773/571 671/776/574 674/779/577 672/777/575
f 89/773/571 673/778/576 675/780/578 676/781/579
f 89/773/571 676/781/579 677/782/580 669/774/572
f 90/752/558 658/751/557 678/783/581 679/784/582
f 91/785/583 680/786/584 681/787/585 682/788/586
f 91/789/583 683/790/587 684/791/588 685/792/589
f 91/789/583 682/793/586 686/794/590 683/790/587
f 91/785/583 687/795/591 688/796/592 680/786/584
f 91/789/583 685/792/589 689/797/593 687/798/591
f 92/799/594 682/788/586 681/787/585 690/800/595
f 92/799/594 690/800/595 691/801/596 692/802/597
f 92/799/594 692/802/597 686/803/590 682/788/586
f 93/804/598 693/805/599 694/806/600 695/807/601
f 93/804/598 695/807/601 696/808/602 697/809/603
f 93/804/598 697/809/603 698/810/604 699/811/605
f 93/804/598 699/811/605 700/812/606 701/813/607
f 93/804/598 701/813/607 702/814/608 693/805/599
f 94/815/609 703/816/610 704/817/611 705/818/612
f 94/819/609 706/820/613 707/821/614 202/822/615
f 94/815/609 705/818/612 708/823/616 706/824/613
f 95/825/617 709/826/618 710/827/619 711/828/620
f 95/825/617 711/828/620 712/829/621 713/830/622
f 96/831/454 578/832/458 714/833/623 715/834/624
f 96/831/454 716/835/625 717/836/626 575/837/455
f 96/831/454 715/834/624 718/838/627 716/835/625
f 97/839/628 719/840/629 720/841/630 721/842/631
f 97/839/628 721/842/631 722/843/632 723/844/633
f 97/845/628 717/836/626 716/835/625 724/846/634
f 97/845/628 723/847/633 725/848/635 717/836/626
f 98/849/636 726/850/637 99/851/638 727/852/639
f 98/849/636 727/852/639 677/782/580 676/781/579
f 98/849/636 676/781/579 675/780/578 726/850/637
f 99/851/638 726/850/637 543/546/414 546/550/417
f 99/853/638 546/854/417 728/855/640 729/856/641
f 99/857/638 730/858/642 731/859/643 727/860/639
f 99/857/638 729/861/641 732/862/644 730/858/642
f 100/863/645 102/864/646 733/865/647 734/866/648
f 100/867/645 734/868/648 101/869/649 735/870/650
f 100/871/645 103/872/651 736/873/652 102/874/646
f 101/875/649 660/755/561 737/876/653 738/877/654
f 101/875/649 734/878/648 4778/756/562 660/755/561
f 90/766/558 679/879/582 103/872/651 666/767/568
f 4778/760/562 734/880/648 733/881/647 663/761/565
f 102/882/646 739/883/655 740/884/656 733/885/647
f 102/882/646 736/886/652 741/887/657 742/888/658
f 102/882/646 742/888/658 743/889/659 739/883/655
f 103/872/651 100/871/645 744/890/660 666/767/568
f 104/891/661 745/892/662 746/893/663 747/894/664
f 104/891/661 747/894/664 748/895/665 749/896/666
f 104/897/661 749/898/666 750/899/667 745/900/662
f 105/901/668 751/902/669 752/903/670 753/904/671
f 105/901/668 753/904/671 754/905/672 755/906/673
f 105/901/668 755/906/673 756/907/674 757/908/675
f 105/901/668 758/909/676 759/910/677 751/902/669
f 105/901/668 757/908/675 760/911/678 758/909/676
f 106/912/679 761/913/680 762/914/681 763/915/682
f 106/912/679 763/915/682 764/916/683 107/917/684
f 106/912/679 107/917/684 765/918/685 761/913/680
f 107/919/684 764/920/683 766/921/686 767/922/687
f 108/923/688 109/924/689 768/925/690 769/926/691
f 108/923/688 769/926/691 770/927/692 771/928/693
f 108/923/688 772/929/694 773/930/695 109/924/689
f 108/923/688 771/928/693 774/931/696 775/932/697
f 108/923/688 775/932/697 776/933/698 772/929/694
f 109/924/689 773/930/695 777/934/699 768/925/690
f 110/935/700 778/936/701 779/937/702 780/938/703
f 110/935/700 780/938/703 781/939/704 116/940/705
f 110/935/700 116/940/705 782/941/706 778/936/701
f 111/942/707 184/943/708 783/944/709 112/945/710
f 111/942/707 784/946/711 785/947/712 184/943/708
f 111/942/707 112/945/710 786/948/713 787/949/714
f 112/945/710 783/944/709 788/950/715 786/948/713
f 113/951/716 789/952/717 790/953/718 791/954/719
f 113/951/716 791/954/719 792/955/720 793/956/721
f 113/951/716 793/956/721 794/957/722 789/952/717
f 114/958/254 795/959/723 774/931/696 796/960/724
f 114/961/254 796/962/724 797/963/725 403/964/250
f 114/335/254 798/965/726 799/966/727 795/967/723
f 114/335/254 406/334/253 800/968/728 798/965/726
f 115/969/729 801/970/730 793/956/721 792/955/720
f 115/971/729 802/972/731 803/973/732 804/974/733
f 115/971/729 792/975/720 805/976/734 802/972/731
f 116/940/705 806/977/735 807/978/736 782/941/706
f 116/940/705 178/979/737 808/980/738 806/977/735
f 116/940/705 781/939/704 809/981/739 178/979/737
f 117/982/740 813/983/741 814/984/742 815/985/743
f 117/982/740 815/985/743 816/986/744 817/987/745
f 118/656/487 816/986/744 815/985/743 818/988/746
f 119/989/747 819/990/748 820/991/749 821/992/750
f 119/993/747 821/994/750 822/995/751 823/996/752
f 120/997/753 121/998/754 824/999/755 822/1000/751
f 120/997/753 825/1001/756 826/1002/757 121/998/754
f 120/997/753 822/1000/751 821/992/750 827/1003/758
f 121/1004/754 189/1005/759 831/1006/760 824/1007/755
f 121/1008/754 122/1009/761 826/1010/757 189/1011/759
f 119/993/747 823/996/752 832/1012/762 833/1013/763
f 119/1014/747 833/1015/763 834/1016/764 835/1017/765
f 119/1018/747 835/1019/765 830/1020/766 836/1021/767
f 119/989/747 836/1022/767 837/1023/768 838/1024/769
f 123/1025/770 839/1026/771 840/1027/772 126/1028/773
f 123/1025/770 841/1029/774 842/1030/775 839/1026/771
f 123/1025/770 126/1028/773 843/1031/776 841/1029/774
f 124/1032/777 844/1033/778 845/1034/779 846/1035/780
f 124/1036/777 846/1037/780 847/1038/781 848/1039/782
f 124/1040/777 848/1041/782 125/1042/783 849/1043/784
f 125/1042/783 850/1044/785 851/1045/786 852/1046/787
f 125/1042/783 852/1046/787 853/1047/788 849/1043/784
f 125/1048/783 848/1049/782 854/1050/789 855/1051/790
f 125/1042/783 855/1052/790 843/1031/776 850/1044/785
f 126/1028/773 840/1027/772 856/1053/791 857/1054/792
f 127/1055/793 858/1056/794 859/1057/795 860/1058/796
f 127/1059/793 128/1060/797 861/1061/798 129/1062/799
f 127/1055/793 860/1058/796 862/1063/800 863/1064/801
f 127/1055/793 863/1064/801 864/1065/802 128/1066/797
f 128/1066/797 865/1067/803 866/1068/804 861/1069/798
f 129/1062/799 861/1061/798 867/1070/805 868/1071/806
f 129/1062/799 868/1071/806 858/1072/794 127/1059/793
f 130/1073/807 869/1074/808 870/1075/809 871/1076/810
f 130/1077/807 871/1078/810 872/1079/811 873/1080/812
f 130/1077/807 874/1081/813 747/894/664 746/893/663
f 130/1077/807 873/1080/812 875/1082/814 874/1081/813
f 131/1083/815 474/440/332 473/439/331 877/1084/816
f 131/1085/815 878/1086/817 879/1087/818 876/1088/819
f 131/1089/815 877/1090/816 133/1091/820 878/1092/817
f 132/1093/821 880/1094/822 881/1095/823 882/1096/824
f 132/1093/821 883/1097/825 879/1087/818 880/1094/822
f 132/1093/821 882/1096/824 884/1098/826 883/1097/825
f 133/1099/820 877/1084/816 885/1100/827 886/1101/828
f 133/1102/820 886/1103/828 887/1104/829 888/1105/830
f 133/1102/820 889/1106/831 890/1107/832 878/1108/817
f 133/1102/820 891/1109/833 892/1110/834 889/1106/831
f 133/1102/820 888/1105/830 893/1111/835 891/1109/833
f 57/491/374 894/1112/836 895/1113/837 509/488/371
f 57/491/374 327/1114/153 329/1115/155 894/1112/836
f 134/1116/838 896/1117/839 897/1118/840 898/1119/841
f 134/1116/838 329/1115/155 315/1120/137 899/1121/842
f 134/1116/838 898/1119/841 894/1112/836 329/1115/155
f 134/1122/838 900/1123/843 901/1124/844 896/1125/839
f 134/1122/838 899/1126/842 902/1127/845 900/1123/843
f 135/1128/846 338/582/431 337/1129/847 903/1130/848
f 135/1131/846 904/1132/849 558/1133/432 338/1134/431
f 135/1135/846 903/1136/848 334/1137/162 905/1138/850
f 135/1135/846 906/1139/851 907/1140/852 904/1141/849
f 135/1135/846 905/1138/850 908/1142/853 906/1139/851
f 136/1143/854 909/1144/855 910/1145/856 911/1146/857
f 136/1143/854 911/1146/857 912/1147/858 913/1148/859
f 136/1149/854 914/1150/860 915/1151/861 916/1152/862
f 136/1153/854 913/1154/859 917/1155/863 914/1156/860
f 136/1143/854 916/1157/862 918/1158/864 909/1144/855
f 137/1159/865 919/1160/866 920/1161/867 921/1162/868
f 137/1163/865 922/1164/869 923/1165/870 919/1166/866
f 137/1163/865 924/1167/871 925/1168/872 926/1169/873
f 137/1163/865 926/1169/873 907/1140/852 922/1164/869
f 137/1170/865 921/1171/868 927/1172/874 924/1173/871
f 138/1174/875 928/1175/876 929/1176/877 930/1177/878
f 138/1178/875 930/1179/878 931/1180/879 932/1181/880
f 138/1182/875 932/1183/880 933/1184/881 928/1185/876
f 139/1186/882 934/1187/883 935/1188/884 936/1189/885
f 139/1186/882 936/1189/885 910/1145/856 909/1144/855
f 139/1186/882 909/1144/855 918/1158/864 937/1190/886
f 139/1191/882 556/569/428 554/566/426 934/1192/883
f 139/1193/882 937/1194/886 938/1195/887 556/1196/428
f 140/1197/888 939/1198/889 940/1199/890 941/1200/891
f 140/1197/888 942/1201/892 943/1202/893 939/1198/889
f 140/1197/888 941/1200/891 944/1203/894 942/1201/892
f 141/1204/895 945/1205/896 301/183/122 273/182/89
f 141/1206/895 273/135/89 272/134/88 946/1207/897
f 141/1204/895 947/1208/898 948/1209/899 945/1205/896
f 142/1210/900 949/1211/901 950/1212/902 951/1213/903
f 142/1210/900 951/1213/903 103/872/651 679/879/582
f 142/1214/900 679/784/582 678/783/581 952/1215/904
f 142/1216/900 953/1217/905 954/1218/906 949/1219/901
f 142/1216/900 952/1220/904 955/1221/907 953/1217/905
f 143/1222/908 956/1223/909 144/1224/910 957/1225/911
f 143/1222/908 958/1226/912 959/1227/913 956/1223/909
f 143/1222/908 960/1228/914 961/1229/915 958/1226/912
f 143/1222/908 962/1230/916 963/1231/917 960/1228/914
f 143/1222/908 957/1225/911 964/1232/918 962/1230/916
f 144/1233/910 956/1234/909 965/1235/919 145/1236/920
f 145/1237/920 966/1238/921 957/1225/911 144/1224/910
f 146/1239/922 967/1240/923 968/1241/924 149/1242/925
f 146/1239/922 969/1243/926 970/1244/927 967/1240/923
f 146/1245/922 149/1246/925 971/1247/928 972/1248/929
f 146/1245/922 972/1248/929 973/1249/930 974/1250/931
f 146/1239/922 974/1251/931 975/1252/932 969/1243/926
f 147/1253/933 721/842/631 720/841/630 976/1254/934
f 972/1248/929 722/843/632 721/842/631 147/1253/933
f 147/1253/933 976/1254/934 973/1249/930 972/1248/929
f 148/1255/935 971/1247/928 149/1246/925 977/1256/936
f 148/1255/935 978/1257/937 979/1258/938 971/1247/928
f 148/1255/935 977/1256/936 980/1259/939 978/1257/937
f 150/309/216 387/308/230 369/280/208 35/279/207
f 150/1260/216 35/1261/207 981/1262/940 982/1263/941
f 150/1260/216 982/1263/941 151/1264/232 36/1265/27
f 36/1266/27 151/311/232 391/315/236 227/1267/31
f 152/1268/942 983/1269/943 984/1270/944 985/1271/945
f 152/1268/942 986/1272/946 987/1273/947 988/1274/948
f 152/1268/942 985/1271/945 989/1275/949 986/1272/946
f 153/1276/950 990/1277/951 987/1273/947 991/1278/952
f 154/1279/953 992/1280/954 993/1281/955 994/1282/956
f 154/1279/953 995/1283/957 996/1284/958 992/1280/954
f 154/1285/953 997/1286/959 998/1287/960 995/1288/957
f 154/1285/953 994/1289/956 999/1290/961 997/1286/959
f 155/1291/962 994/1282/956 993/1281/955 156/1292/963
f 155/1293/962 1000/1294/964 999/1290/961 994/1289/956
f 155/1291/962 156/1292/963 1001/1295/965 1002/1296/966
f 156/1292/963 993/1281/955 1003/1297/967 1001/1295/965
f 157/1298/968 838/1024/769 837/1023/768 1004/1299/969
f 157/1298/968 1005/1300/970 1006/1301/971 838/1024/769
f 157/1298/968 1004/1299/969 1002/1296/966 1005/1300/970
f 158/738/543 1007/1302/972 1008/1303/973 441/1304/295
f 158/738/543 650/737/547 1009/1305/974 1007/1302/972
f 158/738/543 441/1304/295 368/277/205 557/576/429
f 159/1306/975 1010/1307/976 1011/1308/977 1012/1309/978
f 159/1306/975 1013/1310/979 1014/1311/980 1015/1312/981
f 159/1306/975 1015/1312/981 1010/1307/976
f 160/1313/982 1016/1314/983 1017/1315/984 161/1316/985
f 160/1313/982 1018/1317/986 1019/1318/987 1016/1314/983
f 160/1313/982 161/1316/985 1020/1319/988 1018/1317/986
f 161/1320/985 1017/1321/984 1014/1311/980 1013/1310/979
f 161/1316/985 1013/1322/979 1021/1323/989 1022/1324/990
f 162/1325/991 1023/1326/992 163/1327/993 1024/1328/994
f 162/1329/991 1025/1330/995 1026/1331/996 1023/1332/992
f 162/1329/991 1027/1333/997 1028/1334/998 1025/1330/995
f 163/1327/993 1029/1335/999 1030/1336/1000 1031/1337/1001
f 163/1327/993 1032/1338/1002 1033/1339/1003 1029/1335/999
f 163/1327/993 1023/1326/992 1034/1340/1004 1032/1338/1002
f 162/1329/991 1024/1341/994 1035/1342/1005 1027/1333/997
f 164/511/385 1036/1343/1006 1037/1344/1007 521/512/386
f 164/511/385 1038/1345/1008 1039/1346/1009 1036/1343/1006
f 164/511/385 58/507/279 424/1347/276 1040/1348/1010
f 164/1349/385 1040/1350/1010 1041/1351/1011 1038/1352/1008
f 165/1353/1012 1042/1354/1013 1043/1355/1014 1044/1356/1015
f 165/1357/1012 1045/1358/1016 1046/1359/1017 1042/1360/1013
f 165/1361/1012 1047/1362/1018 1048/1363/1019 1045/1364/1016
f 166/1365/1020 1049/1366/1021 954/1218/906 953/1217/905
f 166/1367/1020 917/1155/863 913/1154/859 1049/1368/1021
f 166/1367/1020 1050/1369/1022 1051/1370/1023 917/1155/863
f 166/1365/1020 953/1217/905 955/1221/907 1052/1371/1024
f 166/1372/1020 1052/1373/1024 1053/1374/1025 1050/1375/1022
f 167/1376/1026 1054/1377/1027 168/1378/1028 1055/1379/1029
f 167/1376/1026 1056/1380/1030 1057/1381/1031 1054/1377/1027
f 167/1376/1026 1055/1379/1029 1058/1382/1032 1056/1380/1030
f 168/1383/1028 1059/1384/1033 1060/1385/1034 1055/1386/1029
f 168/1383/1028 1054/1387/1027 1061/1388/1035 1059/1384/1033
f 169/1389/1036 1057/1381/1031 1056/1380/1030 931/1180/879
f 169/1390/1036 1062/1391/1037 1063/1392/1038 1057/1393/1031
f 169/1390/1036 931/1394/879 930/1395/878 1062/1391/1037
f 170/1396/1039 1064/1397/1040 1065/1398/1041 1066/1399/1042
f 170/1396/1039 1067/1400/1043 1052/1371/1024 955/1221/907
f 170/1396/1039 1066/1399/1042 1068/1401/1044 925/1168/872
f 170/1396/1039 925/1168/872 924/1167/871 1067/1400/1043
f 171/1402/1045 1069/1403/1046 175/1404/1047 1070/1405/1048
f 171/1406/1045 1070/1407/1048 1071/1408/1049 1072/1409/1050
f 171/1402/1045 1072/1410/1050 1073/1411/1051 1069/1403/1046
f 172/1412/1052 173/1413/1053 1074/1414/1054 1075/1415/1055
f 172/1416/1052 1076/1417/1056 1077/1418/1057 1078/1419/1058
f 172/1420/1052 1078/1421/1058 1079/1422/1059 173/1423/1053
f 172/1412/1052 1080/1424/1060 1081/1425/1061 1076/1426/1056
f 172/1412/1052 1075/1415/1055 1082/1427/1062 1080/1424/1060
f 173/1428/1053 1079/1429/1059 1083/1430/1063 1084/1431/1064
f 173/1428/1053 1084/1431/1064 1085/1432/1065 1086/1433/1066
f 173/1428/1053 1086/1433/1066 1087/1434/1067 1074/1435/1054
f 174/1436/1068 1088/1437/1069 1089/1438/1070 1090/1439/1071
f 174/1440/1068 1090/1441/1071 1039/1346/1009 1091/1442/1072
f 174/1440/1068 1091/1442/1072 1092/1443/1073 1088/1444/1069
f 175/1404/1047 1069/1403/1046 1093/1445/1074 1094/1446/1075
f 175/1447/1047 1094/1448/1075 1095/1449/1076 1070/1450/1048
f 176/1451/1077 1073/1452/1051 1072/1409/1050 1096/1453/1078
f 176/1454/1077 1097/1455/1079 1098/1456/1080 1073/1457/1051
f 176/1454/1077 1096/1458/1078 1099/1459/1081 1100/1460/1082
f 176/1454/1077 1100/1460/1082 1101/1461/1083 1102/1462/1084
f 177/1463/1085 1103/1464/1086 1104/1465/1087 1105/1466/1088
f 177/1463/1085 1105/1466/1088 627/692/517 1106/1467/1089
f 177/1463/1085 1106/1467/1089 192/1468/1090 1107/1469/1091
f 177/1463/1085 1107/1469/1091 1108/1470/1092 1109/1471/1093
f 177/1463/1085 1109/1471/1093 1110/1472/1094 1103/1464/1086
f 178/979/737 809/981/739 1111/1473/1095 808/980/738
f 179/1474/1096 1112/1475/1097 1113/1476/1098 1114/1477/1099
f 179/1474/1096 1114/1477/1099 1115/1478/1100 1116/1479/1101
f 179/1474/1096 1116/1479/1101 1117/1480/1102 1112/1475/1097
f 180/1481/1103 1118/1482/1104 493/467/353 492/466/352
f 180/1481/1103 488/1483/348 1119/1484/1105 1120/1485/1106
f 180/1486/1103 492/1487/352 482/462/341 488/461/348
f 180/1481/1103 1121/1488/1107 1122/1489/1108 1118/1482/1104
f 180/1481/1103 1120/1485/1106 1123/1490/1109 1121/1488/1107
f 181/1491/1110 1124/1492/1111 1085/1432/1065 1084/1431/1064
f 181/1491/1110 1125/1493/1112 1126/1494/1113 1124/1492/1111
f 182/1495/1114 1127/1496/1115 1128/1497/1116 1129/1498/1117
f 182/1499/1114 1130/1500/1118 1131/1501/1119 1127/1502/1115
f 182/1503/1114 1129/1504/1117 1132/1505/1120 1130/1506/1118
f 183/1507/1121 1133/1508/1122 1134/1509/1123 832/1510/762
f 183/1507/1121 532/529/399 1135/1511/1124 1133/1508/1122
f 183/1507/1121 1136/1512/1125 533/530/400 532/529/399
f 184/943/708 1137/1513/1126 1138/1514/1127 783/944/709
f 184/943/708 785/947/712 188/1515/362 1139/1516/1128
f 184/1517/708 1139/1518/1128 1140/1519/1129 1137/1520/1126
f 185/1521/1130 1141/1522/1131 1142/1523/1132 1143/1524/1133
f 185/1525/1130 1144/1526/1134 1145/1527/1135 1141/1528/1131
f 185/1521/1130 1143/1524/1133 1146/1529/1136 1144/1530/1134
f 186/1531/1137 1147/1532/1138 1140/1533/1129 1148/1534/1139
f 186/1531/1137 1148/1534/1139 1149/1535/1140 1150/1536/1141
f 186/1531/1137 1150/1536/1141 1151/1537/1142 1147/1532/1138
f 187/1538/1143 1152/1539/1144 1145/1527/1135 1153/1540/1145
f 187/1538/1143 1154/1541/1146 1155/1542/1147 1152/1539/1144
f 187/1538/1143 1156/1543/1148 1157/1544/1149 1154/1541/1146
f 187/1538/1143 1158/1545/1150 1159/1546/1151 1156/1543/1148
f 187/1538/1143 1153/1540/1145 1034/1547/1004 1158/1545/1150
f 188/1548/362 785/1549/712 1160/1550/1152 412/345/263
f 188/479/362 500/478/361 1161/1551/1153 1139/1552/1128
f 189/1553/759 1162/1554/1154 190/1555/1155 191/1556/1156
f 189/1553/759 826/1557/757 825/1558/756 1162/1554/1154
f 189/1559/759 191/1560/1156 1163/1561/1157 831/1562/760
f 190/1555/1155 1164/1563/1158 1165/1564/1159 1166/1565/1160
f 190/1555/1155 1162/1554/1154 1167/1566/1161 1164/1563/1158
f 190/1567/1155 1168/1568/1162 1163/1561/1157 191/1560/1156
f 190/1555/1155 1166/1565/1160 1169/1569/1163 1168/1570/1162
f 192/1571/1090 1170/1572/1164 1171/1573/1165 1107/1574/1091
f 192/1468/1090 1106/1467/1089 1172/1575/1166 1170/1576/1164
f 193/1577/1167 1173/1578/1168 1174/1579/1169 1175/1580/1170
f 193/1577/1167 1175/1580/1170 1176/1581/1171 1177/1582/1172
f 193/1577/1167 1178/1583/1173 1179/1584/1174 1173/1578/1168
f 194/1585/1175 1180/1586/1176 1181/1587/1177 1182/1588/1178
f 194/1585/1175 1183/1589/1179 1184/1590/1180 1185/1591/1181
f 194/1585/1175 1185/1591/1181 323/212/148 1180/1586/1176
f 195/1592/1182 1186/1593/1183 1187/1594/1184 1188/1595/1185
f 195/1592/1182 1188/1595/1185 196/1596/1186 1189/1597/1187
f 195/1592/1182 1189/1597/1187 1190/1598/1188 1186/1593/1183
f 196/1596/1186 1188/1595/1185 1110/1472/1094 1109/1471/1093
f 196/1596/1186 1109/1471/1093 1108/1470/1092 1191/1599/1189
f 196/1596/1186 1192/1600/1190 1193/1601/1191 1189/1597/1187
f 196/1596/1186 1191/1599/1189 1194/1602/1192 1192/1600/1190
f 197/1603/1193 1195/1604/1194 1196/1605/1195 1197/1606/1196
f 197/1603/1193 1198/1607/1197 1199/1608/1198 1195/1604/1194
f 197/1609/1193 1197/1610/1196 1200/1611/1199 1198/1612/1197
f 198/1613/1200 1201/1614/1201 1202/1615/1202 1203/1616/1203
f 198/1613/1200 1204/1617/1204 1205/1618/1205 1206/1619/1206
f 198/1613/1200 1207/1620/1207 853/1047/788 1201/1614/1201
f 198/1613/1200 1203/1616/1203 1208/1621/1208 1204/1617/1204
f 200/1622/1209 1209/1623/1210 1210/1624/1211 1211/1625/1212
f 200/1622/1209 1212/1626/1213 1213/1627/1214 1214/1628/1215
f 201/1629/1216 1215/1630/1217 1176/1631/1171 1216/1632/1217
f 202/822/615 707/821/614 1217/1633/1217 1218/1634/1218
f 1219/1635/1219 1220/1636/1220 1221/1637/1221 1222/1638/1222
f 1219/1635/1219 1213/1639/1214 1223/1640/1223 1220/1636/1220
f 1223/1640/1223 1224/1641/1224 1225/1642/1225 1220/1636/1220
f 1223/1640/1223 1213/1639/1214 1212/1643/1213 1226/1644/1226
f 1223/1640/1223 1226/1644/1226 1227/1645/1227 1224/1641/1224
f 1227/1645/1227 1228/1646/1228 1229/1647/1229 1224/1641/1224
f 1227/1648/1227 1226/1649/1226 1230/1650/1230 1231/1651/1231
f 1227/1648/1227 1231/1651/1231 1232/1652/1232 1228/1653/1228
f 1232/1652/1232 1233/1654/1233 1234/1655/1234 1228/1653/1228
f 1232/1652/1232 1231/1651/1231 1235/1656/1235 1236/1657/1236
f 1232/1652/1232 1236/1657/1236 1237/1658/1237 1233/1654/1233
f 1237/1658/1237 1238/1659/1238 1239/1660/1239 1233/1654/1233
f 1237/1658/1237 1236/1657/1236 1240/1661/1240 1241/1662/1241
f 1237/1658/1237 1241/1662/1241 1242/1663/1242 1238/1659/1238
f 1242/1663/1242 1243/1664/1243 1244/1665/1244 1238/1659/1238
f 1242/1663/1242 1241/1662/1241 1245/1666/1245 1246/1667/1246
f 1242/1663/1242 1246/1667/1246 1247/1668/1247 1243/1664/1243
f 1247/1668/1247 1248/1669/1248 1249/1670/1249 1243/1664/1243
f 1247/1668/1247 1246/1667/1246 1250/1671/1250 1251/1672/1251
f 1247/1668/1247 1251/1672/1251 1252/1673/1252 1248/1669/1248
f 1252/1673/1252 1253/1674/1253 1254/1675/1254 1248/1669/1248
f 1252/1673/1252 1251/1672/1251 1255/1676/1255 1256/1677/1256
f 1252/1673/1252 1256/1677/1256 1257/1678/1257 1253/1674/1253
f 1257/1678/1257 1258/1679/1258 1259/1680/1259 1253/1674/1253
f 1257/1678/1257 1256/1677/1256 1260/1681/1260 1261/1682/1261
f 1257/1678/1257 1261/1682/1261 1262/1683/1262 1258/1679/1258
f 1262/1683/1262 1263/1684/1263 1264/1685/1264 1258/1679/1258
f 1262/1683/1262 1261/1682/1261 1265/1686/1265 1266/1687/1266
f 1262/1683/1262 1266/1687/1266 1267/1688/1267 1263/1684/1263
f 1267/1688/1267 1268/1689/1268 1269/1690/1269 1263/1684/1263
f 1267/1688/1267 1266/1687/1266 1270/1691/1270 1271/1692/1271
f 1267/1688/1267 1271/1692/1271 1272/1693/1272 1268/1689/1268
f 1272/1693/1272 1273/1694/1273 1274/1695/1274 1268/1689/1268
f 1272/1693/1272 1271/1692/1271 1275/1696/1275 1276/1697/1276
f 1272/1693/1272 1276/1697/1276 1277/1698/1277 1273/1694/1273
f 1277/1698/1277 1278/1699/1278 1279/1700/1279 1273/1694/1273
f 1277/1698/1277 1276/1697/1276 1280/1701/1280 1281/1702/1281
f 1277/1698/1277 1281/1702/1281 1282/1703/1282 1278/1699/1278
f 1282/1703/1282 1283/1704/1283 1284/1705/1284 1278/1699/1278
f 1282/1703/1282 1281/1702/1281 1285/1706/1285 1286/1707/1286
f 1282/1703/1282 1286/1707/1286 1287/1708/1287 1283/1704/1283
f 1287/1708/1287 1288/1709/1288 1289/1710/1289 1283/1704/1283
f 1287/1708/1287 1286/1707/1286 1290/1711/1290 1291/1712/1291
f 1287/1708/1287 1291/1712/1291 1292/1713/1292 1288/1709/1288
f 1292/1713/1292 1293/1714/1293 1294/1715/1294 1288/1709/1288
f 1292/1716/1292 1291/1717/1291 1295/1718/1295 1296/1719/1296
f 1292/1716/1292 1296/1719/1296 1297/1720/1297 1293/1721/1293
f 1297/1720/1297 1298/1722/1298 1299/1723/1299 1293/1721/1293
f 1297/1720/1297 1296/1719/1296 1300/1724/1300 1301/1725/1301
f 1297/1720/1297 1301/1725/1301 1302/1726/1302 1298/1722/1298
f 1302/1726/1302 1303/1727/1303 1304/1728/1304 1298/1722/1298
f 1302/1726/1302 1301/1725/1301 1305/1729/1305 1306/1730/1306
f 1302/1726/1302 1306/1730/1306 1307/1731/1307 1303/1727/1303
f 1307/1731/1307 1308/1732/1308 1309/1733/1309 1303/1727/1303
f 1307/1731/1307 1306/1730/1306 1310/1734/1310 1311/1735/1311
f 1307/1731/1307 1311/1735/1311 1312/1736/1312 1308/1732/1308
f 1312/1736/1312 1313/1737/1313 1314/1738/1314 1308/1732/1308
f 1312/1736/1312 1311/1735/1311 1315/1739/1315 1316/1740/1316
f 1312/1736/1312 1316/1740/1316 1317/1741/1317 1313/1737/1313
f 1317/1741/1317 1318/1742/1318 1319/1743/1319 1313/1737/1313
f 1317/1741/1317 1316/1740/1316 1320/1744/1320 1321/1745/1321
f 1317/1741/1317 1321/1745/1321 1322/1746/1322 1318/1742/1318
f 1322/1746/1322 1323/1747/1323 1324/1748/1324 1318/1742/1318
f 1322/1746/1322 1321/1745/1321 1325/1749/1325 1326/1750/1326
f 1322/1746/1322 1326/1750/1326 1327/1751/1327 1323/1747/1323
f 1327/1751/1327 1328/1752/1328 1329/1753/1329 1323/1747/1323
f 1327/1751/1327 1326/1750/1326 1330/1754/1330 1331/1755/1331
f 1327/1751/1327 1331/1755/1331 1332/1756/1332 1328/1752/1328
f 1332/1756/1332 1333/1757/1333 1334/1758/1334 1328/1752/1328
f 1332/1756/1332 1331/1755/1331 1335/1759/1335 1336/1760/1336
f 1332/1756/1332 1336/1760/1336 1337/1761/1337 1333/1757/1333
f 1337/1761/1337 1338/1762/1338 1339/1763/1339 1333/1757/1333
f 1337/1761/1337 1336/1760/1336 1340/1764/1340 1341/1765/1341
f 1337/1761/1337 1341/1765/1341 1342/1766/1342 1338/1762/1338
f 1342/1766/1342 1343/1767/1343 1344/1768/1344 1338/1762/1338
f 1342/1766/1342 1341/1765/1341 1345/1769/1345 1346/1770/1346
f 1342/1766/1342 1346/1770/1346 1347/1771/1347 1343/1767/1343
f 1347/1771/1347 1348/1772/1348 1349/1773/1349 1343/1767/1343
f 1347/1771/1347 1346/1770/1346 1350/1774/1350 1351/1775/1351
f 1347/1771/1347 1351/1775/1351 1352/1776/1352 1348/1772/1348
f 1352/1776/1352 1353/1777/1353 1354/1778/1354 1348/1772/1348
f 1352/1776/1352 1351/1775/1351 1355/1779/1355 1356/1780/1356
f 1352/1776/1352 1356/1780/1356 1357/1781/1357 1353/1777/1353
f 1357/1782/1357 1358/1783/1358 1359/1784/1359 1353/1785/1353
f 1357/1781/1357 1356/1780/1356 1360/1786/1360 1361/1787/1361
f 1357/1782/1357 1361/1788/1361 1362/1789/1362 1358/1783/1358
f 1362/1789/1362 1363/1790/1363 1364/1791/1364 1358/1783/1358
f 1362/1789/1362 1361/1788/1361 1365/1792/1365 1366/1793/1366
f 1362/1789/1362 1366/1793/1366 1367/1794/1367 1363/1790/1363
f 1367/1794/1367 1368/1795/1368 1369/1796/1369 1363/1790/1363
f 1367/1794/1367 1366/1793/1366 1370/1797/1370 1371/1798/1371
f 1367/1794/1367 1371/1798/1371 1372/1799/1372 1368/1795/1368
f 1372/1800/1372 1373/1801/1373 1374/1802/1374 1368/1803/1368
f 1372/1799/1372 1371/1798/1371 1375/1804/1375 1376/1805/1376
f 1372/1800/1372 1376/1806/1376 1377/1807/1377 1373/1801/1373
f 1377/1807/1377 1378/1808/1378 1379/1809/1379 1373/1801/1373
f 1377/1810/1377 1376/1805/1376 1380/1811/1380 1381/1812/1381
f 1377/1807/1377 1381/1813/1381 1382/1814/1382 1378/1808/1378
f 1382/1814/1382 1383/1815/1383 1384/1816/1384 1378/1808/1378
f 1382/1814/1382 1381/1813/1381 446/400/301 445/399/300
f 1382/1814/1382 445/399/300 1385/1817/1385 1383/1815/1383
f 1385/1817/1385 1386/1818/1386 1387/1819/1387 1383/1815/1383
f 1385/1817/1385 445/399/300 444/398/299 460/1820/316
f 1385/1821/1385 460/1822/316 459/1823/315 1386/1824/1386
f 1387/1825/1387 1388/1826/1388 1389/1827/1389 1390/1828/1390
f 1387/1819/1387 1390/1829/1390 1384/1816/1384 1383/1815/1383
f 1387/1825/1387 1386/1824/1386 1391/1830/1391 1388/1826/1388
f 1391/1831/1391 463/425/320 462/424/319 1388/1832/1388
f 1391/1830/1391 1386/1824/1386 459/1823/315 457/417/313
f 1391/1830/1391 457/417/313 453/416/309 463/1833/320
f 1390/1828/1390 1389/1827/1389 1392/1834/1392 1393/1835/1393
f 1390/1829/1390 1393/1836/1393 1394/1837/1394 1384/1816/1384
f 1394/1837/1394 1393/1836/1393 1395/1838/1395 1396/1839/1396
f 1394/1837/1394 1396/1839/1396 1397/1840/1397 1379/1809/1379
f 1394/1837/1394 1379/1809/1379 1378/1808/1378 1384/1816/1384
f 1397/1840/1397 1396/1839/1396 1398/1841/1398 1399/1842/1399
f 1397/1840/1397 1399/1842/1399 1400/1843/1400 1374/1802/1374
f 1397/1840/1397 1374/1802/1374 1373/1801/1373 1379/1809/1379
f 1400/1843/1400 1399/1842/1399 1401/1844/1401 1402/1845/1402
f 1400/1843/1400 1402/1845/1402 1403/1846/1403 1369/1847/1369
f 1400/1843/1400 1369/1847/1369 1368/1803/1368 1374/1802/1374
f 1403/1846/1403 1402/1845/1402 1404/1848/1404 1405/1849/1405
f 1403/1850/1403 1405/1851/1405 1406/1852/1406 1364/1791/1364
f 1403/1850/1403 1364/1791/1364 1363/1790/1363 1369/1796/1369
f 1406/1852/1406 1405/1851/1405 1407/1853/1407 1408/1854/1408
f 1406/1852/1406 1408/1854/1408 1409/1855/1409 1359/1784/1359
f 1406/1852/1406 1359/1784/1359 1358/1783/1358 1364/1791/1364
f 1409/1855/1409 1408/1854/1408 1410/1856/1410 1411/1857/1411
f 1409/1858/1409 1411/1859/1411 1412/1860/1412 1354/1778/1354
f 1409/1858/1409 1354/1778/1354 1353/1777/1353 1359/1861/1359
f 1412/1860/1412 1411/1859/1411 1413/1862/1413 1414/1863/1414
f 1412/1860/1412 1414/1863/1414 1415/1864/1415 1349/1773/1349
f 1412/1860/1412 1349/1773/1349 1348/1772/1348 1354/1778/1354
f 1415/1864/1415 1414/1863/1414 1416/1865/1416 1417/1866/1417
f 1415/1864/1415 1417/1866/1417 1418/1867/1418 1344/1768/1344
f 1415/1864/1415 1344/1768/1344 1343/1767/1343 1349/1773/1349
f 1418/1867/1418 1417/1866/1417 1419/1868/1419 1420/1869/1420
f 1418/1867/1418 1420/1869/1420 1421/1870/1421 1339/1763/1339
f 1418/1867/1418 1339/1763/1339 1338/1762/1338 1344/1768/1344
f 1421/1870/1421 1420/1869/1420 1422/1871/1422 1423/1872/1423
f 1421/1870/1421 1423/1872/1423 1424/1873/1424 1334/1758/1334
f 1421/1870/1421 1334/1758/1334 1333/1757/1333 1339/1763/1339
f 1424/1873/1424 1423/1872/1423 1425/1874/1425 1426/1875/1426
f 1424/1873/1424 1426/1875/1426 1427/1876/1427 1329/1753/1329
f 1424/1873/1424 1329/1753/1329 1328/1752/1328 1334/1758/1334
f 1427/1876/1427 1426/1875/1426 1428/1877/1428 1429/1878/1429
f 1427/1876/1427 1429/1878/1429 1430/1879/1430 1324/1748/1324
f 1427/1876/1427 1324/1748/1324 1323/1747/1323 1329/1753/1329
f 1430/1879/1430 1429/1878/1429 1431/1880/1431 1432/1881/1432
f 1430/1879/1430 1432/1881/1432 1433/1882/1433 1319/1743/1319
f 1430/1879/1430 1319/1743/1319 1318/1742/1318 1324/1748/1324
f 1433/1882/1433 1432/1881/1432 1434/1883/1434 1435/1884/1435
f 1433/1882/1433 1435/1884/1435 1436/1885/1436 1314/1738/1314
f 1433/1882/1433 1314/1738/1314 1313/1737/1313 1319/1743/1319
f 1436/1885/1436 1435/1884/1435 1437/1886/1437 1438/1887/1438
f 1436/1885/1436 1438/1887/1438 1439/1888/1439 1309/1733/1309
f 1436/1885/1436 1309/1733/1309 1308/1732/1308 1314/1738/1314
f 1439/1888/1439 1438/1887/1438 1440/1889/1440 1441/1890/1441
f 1439/1888/1439 1441/1890/1441 1442/1891/1442 1304/1728/1304
f 1439/1888/1439 1304/1728/1304 1303/1727/1303 1309/1733/1309
f 1442/1892/1442 1441/1893/1441 1443/1894/1443 1444/1895/1444
f 1442/1892/1442 1444/1895/1444 1445/1896/1445 1299/1897/1299
f 1442/1891/1442 1299/1723/1299 1298/1722/1298 1304/1728/1304
f 1445/1896/1445 1444/1895/1444 1446/1898/1446 1447/1899/1447
f 1445/1896/1445 1447/1899/1447 1448/1900/1448 1294/1715/1294
f 1445/1896/1445 1294/1715/1294 1293/1714/1293 1299/1897/1299
f 1448/1900/1448 1447/1899/1447 1449/1901/1449 1450/1902/1450
f 1448/1900/1448 1450/1902/1450 1451/1903/1451 1289/1710/1289
f 1448/1900/1448 1289/1710/1289 1288/1709/1288 1294/1715/1294
f 1451/1903/1451 1450/1902/1450 1452/1904/1452 1453/1905/1453
f 1451/1903/1451 1453/1905/1453 1454/1906/1454 1284/1705/1284
f 1451/1903/1451 1284/1705/1284 1283/1704/1283 1289/1710/1289
f 1454/1906/1454 1453/1905/1453 1455/1907/1455 1456/1908/1456
f 1454/1906/1454 1456/1908/1456 1457/1909/1457 1279/1700/1279
f 1454/1906/1454 1279/1700/1279 1278/1699/1278 1284/1705/1284
f 1457/1909/1457 1456/1908/1456 1458/1910/1458 1459/1911/1459
f 1457/1909/1457 1459/1911/1459 1460/1912/1460 1274/1695/1274
f 1457/1909/1457 1274/1695/1274 1273/1694/1273 1279/1700/1279
f 1460/1912/1460 1459/1911/1459 1461/1913/1461 1462/1914/1462
f 1460/1912/1460 1462/1914/1462 1463/1915/1463 1269/1690/1269
f 1460/1912/1460 1269/1690/1269 1268/1689/1268 1274/1695/1274
f 1463/1915/1463 1462/1914/1462 1464/1916/1464 1465/1917/1465
f 1463/1915/1463 1465/1917/1465 1466/1918/1466 1264/1685/1264
f 1463/1915/1463 1264/1685/1264 1263/1684/1263 1269/1690/1269
f 1466/1918/1466 1465/1917/1465 1467/1919/1467 1468/1920/1468
f 1466/1918/1466 1468/1920/1468 1469/1921/1469 1259/1680/1259
f 1466/1918/1466 1259/1680/1259 1258/1679/1258 1264/1685/1264
f 1469/1921/1469 1468/1920/1468 1470/1922/1470 1471/1923/1471
f 1469/1921/1469 1471/1923/1471 1472/1924/1472 1254/1675/1254
f 1469/1921/1469 1254/1675/1254 1253/1674/1253 1259/1680/1259
f 1472/1924/1472 1471/1923/1471 1473/1925/1473 1474/1926/1474
f 1472/1924/1472 1474/1926/1474 1475/1927/1475 1249/1670/1249
f 1472/1924/1472 1249/1670/1249 1248/1669/1248 1254/1675/1254
f 1475/1927/1475 1474/1926/1474 1476/1928/1476 1477/1929/1477
f 1475/1927/1475 1477/1929/1477 1478/1930/1478 1244/1665/1244
f 1475/1927/1475 1244/1665/1244 1243/1664/1243 1249/1670/1249
f 1478/1930/1478 1477/1929/1477 1479/1931/1479 1480/1932/1480
f 1478/1930/1478 1480/1932/1480 1481/1933/1481 1239/1660/1239
f 1478/1930/1478 1239/1660/1239 1238/1659/1238 1244/1665/1244
f 1481/1934/1481 1480/1935/1480 1482/1936/1482 1483/1937/1483
f 1481/1934/1481 1483/1937/1483 1484/1938/1484 1234/1939/1234
f 1481/1933/1481 1234/1655/1234 1233/1654/1233 1239/1660/1239
f 1484/1938/1484 1483/1937/1483 1485/1940/1485 1486/1941/1486
f 1484/1938/1484 1486/1941/1486 1487/1942/1487 1229/1647/1229
f 1484/1938/1484 1229/1647/1229 1228/1646/1228 1234/1939/1234
f 1487/1942/1487 1486/1941/1486 1488/1943/1488 1489/1944/1489
f 1487/1942/1487 1489/1944/1489 1490/1945/1490 1225/1642/1225
f 1487/1942/1487 1225/1642/1225 1224/1641/1224 1229/1647/1229
f 1490/1945/1490 1489/1944/1489 1491/1946/1491 1492/1947/1492
f 1490/1945/1490 1492/1947/1492 1493/1948/1493 1221/1637/1221
f 1490/1945/1490 1221/1637/1221 1220/1636/1220 1225/1642/1225
f 1493/1948/1493 1492/1947/1492 1494/1949/1494 1495/1950/1495
f 1495/1950/1495 1494/1949/1494 1496/1951/1496 1497/1952/1497
f 1497/1952/1497 1496/1951/1496 688/796/592 687/795/591
f 1496/1951/1496 1498/1953/1498 1499/1954/1499 688/796/592
f 1496/1951/1496 1494/1949/1494 1500/1955/1500 1498/1953/1498
f 1500/1955/1500 1501/1956/1501 1502/1957/1502 1498/1953/1498
f 1500/1955/1500 1494/1949/1494 1492/1947/1492 1491/1946/1491
f 1500/1955/1500 1491/1946/1491 1503/1958/1503 1501/1956/1501
f 1503/1958/1503 1504/1959/1504 1505/1960/1505 1501/1956/1501
f 1503/1958/1503 1491/1946/1491 1489/1944/1489 1488/1943/1488
f 1503/1958/1503 1488/1943/1488 1506/1961/1506 1504/1959/1504
f 1506/1961/1506 1507/1962/1507 1508/1963/1508 1504/1959/1504
f 1506/1961/1506 1488/1943/1488 1486/1941/1486 1485/1940/1485
f 1506/1961/1506 1485/1940/1485 1509/1964/1509 1507/1962/1507
f 1509/1964/1509 1510/1965/1510 1511/1966/1511 1507/1962/1507
f 1509/1964/1509 1485/1940/1485 1483/1937/1483 1482/1936/1482
f 1509/1964/1509 1482/1936/1482 1512/1967/1512 1510/1965/1510
f 1512/1967/1512 1513/1968/1513 1514/1969/1514 1510/1965/1510
f 1512/1967/1512 1482/1936/1482 1480/1935/1480 1479/1970/1479
f 1512/1967/1512 1479/1970/1479 1515/1971/1515 1513/1968/1513
f 1515/1971/1515 1516/1972/1516 1517/1973/1517 1513/1968/1513
f 1515/1974/1515 1479/1931/1479 1477/1929/1477 1476/1928/1476
f 1515/1974/1515 1476/1928/1476 1518/1975/1518 1516/1976/1516
f 1518/1975/1518 1519/1977/1519 1520/1978/1520 1516/1976/1516
f 1518/1975/1518 1476/1928/1476 1474/1926/1474 1473/1925/1473
f 1518/1975/1518 1473/1925/1473 1521/1979/1521 1519/1977/1519
f 1521/1979/1521 1522/1980/1522 1523/1981/1523 1519/1977/1519
f 1521/1979/1521 1473/1925/1473 1471/1923/1471 1470/1922/1470
f 1521/1979/1521 1470/1922/1470 1524/1982/1524 1522/1980/1522
f 1524/1982/1524 1525/1983/1525 1526/1984/1526 1522/1980/1522
f 1524/1982/1524 1470/1922/1470 1468/1920/1468 1467/1919/1467
f 1524/1982/1524 1467/1919/1467 1527/1985/1527 1525/1983/1525
f 1527/1985/1527 1528/1986/1528 1529/1987/1529 1525/1983/1525
f 1527/1985/1527 1467/1919/1467 1465/1917/1465 1464/1916/1464
f 1527/1985/1527 1464/1916/1464 1530/1988/1530 1528/1986/1528
f 1530/1988/1530 1531/1989/1531 1532/1990/1532 1528/1986/1528
f 1530/1988/1530 1464/1916/1464 1462/1914/1462 1461/1913/1461
f 1530/1988/1530 1461/1913/1461 1533/1991/1533 1531/1989/1531
f 1533/1991/1533 1534/1992/1534 1535/1993/1535 1531/1989/1531
f 1533/1991/1533 1461/1913/1461 1459/1911/1459 1458/1910/1458
f 1533/1991/1533 1458/1910/1458 1536/1994/1536 1534/1992/1534
f 1536/1994/1536 1537/1995/1537 1538/1996/1538 1534/1992/1534
f 1536/1994/1536 1458/1910/1458 1456/1908/1456 1455/1907/1455
f 1536/1994/1536 1455/1907/1455 1539/1997/1539 1537/1995/1537
f 1539/1997/1539 1540/1998/1540 1541/1999/1541 1537/1995/1537
f 1539/1997/1539 1455/1907/1455 1453/1905/1453 1452/1904/1452
f 1539/1997/1539 1452/1904/1452 1542/2000/1542 1540/1998/1540
f 1542/2000/1542 1543/2001/1543 1544/2002/1544 1540/1998/1540
f 1542/2000/1542 1452/1904/1452 1450/1902/1450 1449/1901/1449
f 1542/2000/1542 1449/1901/1449 1545/2003/1545 1543/2001/1543
f 1545/2003/1545 1546/2004/1546 1547/2005/1547 1543/2001/1543
f 1545/2003/1545 1449/1901/1449 1447/1899/1447 1446/1898/1446
f 1545/2003/1545 1446/1898/1446 1548/2006/1548 1546/2004/1546
f 1548/2006/1548 1549/2007/1549 1550/2008/1550 1546/2004/1546
f 1548/2006/1548 1446/1898/1446 1444/1895/1444 1443/1894/1443
f 1548/2006/1548 1443/1894/1443 1551/2009/1551 1549/2007/1549
f 1551/2009/1551 1552/2010/1552 1553/2011/1553 1549/2007/1549
f 1551/2009/1551 1443/1894/1443 1441/1893/1441 1440/2012/1440
f 1551/2009/1551 1440/2012/1440 1554/2013/1554 1552/2010/1552
f 1554/2013/1554 1555/2014/1555 1556/2015/1556 1552/2010/1552
f 1554/2016/1554 1440/1889/1440 1438/1887/1438 1437/1886/1437
f 1554/2016/1554 1437/1886/1437 1557/2017/1557 1555/2018/1555
f 1557/2017/1557 1558/2019/1558 1559/2020/1559 1555/2018/1555
f 1557/2017/1557 1437/1886/1437 1435/1884/1435 1434/1883/1434
f 1557/2017/1557 1434/1883/1434 1560/2021/1560 1558/2019/1558
f 1560/2021/1560 1561/2022/1561 1562/2023/1562 1558/2019/1558
f 1560/2021/1560 1434/1883/1434 1432/1881/1432 1431/1880/1431
f 1560/2021/1560 1431/1880/1431 1563/2024/1563 1561/2022/1561
f 1563/2024/1563 752/903/670 751/902/669 1561/2022/1561
f 1563/2024/1563 1431/1880/1431 1429/1878/1429 1428/1877/1428
f 1563/2024/1563 1428/1877/1428 1564/2025/1564 752/903/670
f 1564/2025/1564 1565/2026/1565 753/904/671 752/903/670
f 1564/2025/1564 1428/1877/1428 1426/1875/1426 1425/1874/1425
f 1564/2025/1564 1425/1874/1425 1566/2027/1566 1565/2026/1565
f 1566/2027/1566 1567/2028/1567 1568/2029/1568 1565/2026/1565
f 1566/2027/1566 1425/1874/1425 1423/1872/1423 1422/1871/1422
f 1566/2027/1566 1422/1871/1422 1569/2030/1569 1567/2028/1567
f 1569/2030/1569 1570/2031/1570 1571/2032/1571 1567/2028/1567
f 1569/2030/1569 1422/1871/1422 1420/1869/1420 1419/1868/1419
f 1569/2030/1569 1419/1868/1419 1572/2033/1572 1570/2031/1570
f 1572/2034/1572 1573/2035/1573 1574/2036/1574 1570/2037/1570
f 1572/2033/1572 1419/1868/1419 1417/1866/1417 1416/1865/1416
f 1572/2034/1572 1416/2038/1416 1575/2039/1575 1573/2035/1573
f 1575/2039/1575 1576/2040/1576 1577/2041/1577 1573/2035/1573
f 1575/2042/1575 1416/1865/1416 1414/1863/1414 1413/1862/1413
f 1575/2039/1575 1413/2043/1413 1578/2044/1578 1576/2040/1576
f 1578/2045/1578 1579/2046/1579 1580/2047/1580 1576/2048/1576
f 1578/2044/1578 1413/2043/1413 1411/1857/1411 1410/1856/1410
f 1578/2045/1578 1410/2049/1410 1581/2050/1581 1579/2046/1579
f 1581/2050/1581 1582/2051/1582 1583/2052/1583 1579/2046/1579
f 1581/2050/1581 1410/2049/1410 1408/2053/1408 1407/2054/1407
f 1581/2050/1581 1407/2054/1407 1584/2055/1584 1582/2051/1582
f 1584/2055/1584 1585/2056/1585 1586/2057/1586 1582/2051/1582
f 1584/2055/1584 1407/2054/1407 1405/1849/1405 1404/1848/1404
f 1584/2055/1584 1404/1848/1404 1587/2058/1587 1585/2056/1585
f 1587/2058/1587 1588/2059/1588 1589/2060/1589 1585/2056/1585
f 1587/2058/1587 1404/1848/1404 1402/1845/1402 1401/1844/1401
f 1587/2058/1587 1401/1844/1401 1590/2061/1590 1588/2059/1588
f 1590/2061/1590 1591/2062/1591 1592/2063/1592 1588/2059/1588
f 1590/2061/1590 1401/1844/1401 1399/1842/1399 1398/1841/1398
f 1590/2061/1590 1398/1841/1398 1593/2064/1593 1591/2062/1591
f 1593/2064/1593 1594/2065/1594 1595/2066/1595 1591/2062/1591
f 1593/2064/1593 1398/1841/1398 1396/1839/1396 1395/1838/1395
f 1593/2067/1593 1395/2068/1395 1596/2069/1596 1594/2070/1594
f 1596/2069/1596 1395/2068/1395 1393/1835/1393 1392/1834/1392
f 1596/2071/1596 1392/2072/1392 1597/2073/1597 1598/2074/1598
f 1596/2071/1596 1598/2074/1598 1599/2075/1599 1594/2065/1594
f 1599/2075/1599 1600/2076/1600 1601/2077/1601 1602/2078/1602
f 1599/2075/1599 1602/2078/1602 1595/2066/1595 1594/2065/1594
f 1599/2075/1599 1598/2074/1598 1603/2079/1603 1600/2076/1600
f 1603/2079/1603 1598/2074/1598 1597/2073/1597 1604/2080/1604
f 1603/2079/1603 1604/2080/1604 1605/2081/1605 1606/2082/1606
f 1603/2079/1603 1606/2082/1606 1607/2083/1607 1600/2076/1600
f 1607/2084/1607 1606/2085/1606 1608/2086/1608 1609/2087/1609
f 1607/2084/1607 1609/2087/1609 1610/2088/1610 1611/2089/1611
f 1607/2083/1607 1611/2090/1611 1601/2077/1601 1600/2076/1600
f 1611/2089/1611 1610/2088/1610 1612/2091/1612 1613/2092/1613
f 1611/2090/1611 1613/2093/1613 1614/2094/1614 1601/2077/1601
f 1614/2094/1614 1613/2093/1613 1615/2095/1615 1616/2096/1616
f 1614/2094/1614 1616/2096/1616 1617/2097/1617 1618/2098/1618
f 1614/2094/1614 1618/2098/1618 1602/2078/1602 1601/2077/1601
f 1618/2098/1618 1617/2097/1617 1619/2099/1619 1620/2100/1620
f 1618/2098/1618 1620/2100/1620 1595/2066/1595 1602/2078/1602
f 1620/2100/1620 1619/2099/1619 1621/2101/1621 1592/2063/1592
f 1620/2100/1620 1592/2063/1592 1591/2062/1591 1595/2066/1595
f 1621/2101/1621 1619/2099/1619 1622/2102/1622 1623/2103/1623
f 1621/2101/1621 1623/2103/1623 1624/2104/1624 1589/2060/1589
f 1621/2101/1621 1589/2060/1589 1588/2059/1588 1592/2063/1592
f 1624/2105/1624 1623/2106/1623 1625/2107/1625 1626/2108/1626
f 1624/2104/1624 1626/2109/1626 1627/2110/1627 1586/2057/1586
f 1624/2104/1624 1586/2057/1586 1585/2056/1585 1589/2060/1589
f 1627/2110/1627 1626/2109/1626 1628/2111/1628 1629/2112/1629
f 1627/2110/1627 1629/2112/1629 1630/2113/1630 1583/2052/1583
f 1627/2110/1627 1583/2052/1583 1582/2051/1582 1586/2057/1586
f 1630/2113/1630 1629/2112/1629 1631/2114/1631 1632/2115/1632
f 1630/2113/1630 1632/2115/1632 1633/2116/1633 1580/2047/1580
f 1630/2113/1630 1580/2047/1580 1579/2046/1579 1583/2052/1583
f 1633/2116/1633 1632/2115/1632 1634/2117/1634 1635/2118/1635
f 1633/2116/1633 1635/2118/1635 1636/2119/1636 1577/2120/1577
f 1633/2116/1633 1577/2120/1577 1576/2048/1576 1580/2047/1580
f 1636/2119/1636 1635/2118/1635 1637/2121/1637 1638/2122/1638
f 1636/2119/1636 1638/2122/1638 1639/2123/1639 1574/2124/1574
f 1636/2125/1636 1574/2036/1574 1573/2035/1573 1577/2041/1577
f 1639/2123/1639 1638/2122/1638 1640/2126/1640 1641/2127/1641
f 1639/2123/1639 1641/2127/1641 1642/2128/1642 1571/2032/1571
f 1639/2129/1639 1571/2130/1571 1570/2037/1570 1574/2036/1574
f 1642/2128/1642 1641/2127/1641 1643/2131/1643 1644/2132/1644
f 1642/2128/1642 1644/2132/1644 754/905/672 1568/2029/1568
f 1642/2128/1642 1568/2029/1568 1567/2028/1567 1571/2032/1571
f 1644/2132/1644 1643/2131/1643 1645/2133/1645 1646/2134/1646
f 1644/2132/1644 1646/2134/1646 755/906/673 754/905/672
f 1646/2134/1646 1645/2133/1645 1647/2135/1647 1648/2136/1648
f 1646/2134/1646 1648/2136/1648 756/907/674 755/906/673
f 1648/2136/1648 1647/2135/1647 1649/2137/1649 1650/2138/1650
f 1648/2136/1648 1650/2138/1650 1651/2139/1651 756/907/674
f 1651/2139/1651 1650/2138/1650 1652/2140/1652 1653/2141/1653
f 1651/2139/1651 1653/2141/1653 1654/2142/1654 1655/2143/1655
f 1651/2139/1651 1655/2143/1655 757/908/675 756/907/674
f 1655/2144/1655 1654/2145/1654 1656/2146/1656 1657/2147/1657
f 1655/2143/1655 1657/2148/1657 760/911/678 757/908/675
f 1657/2147/1657 1656/2146/1656 1658/2149/1658 652/2150/550
f 1657/2151/1657 652/741/550 651/740/549 760/2152/678
f 1658/2149/1658 1656/2146/1656 1659/2153/1659 1660/2154/1660
f 1658/2149/1658 1660/2154/1660 639/715/533 638/714/532
f 1658/2155/1658 638/2156/532 653/2157/551 652/2158/550
f 1660/2154/1660 1659/2153/1659 1661/2159/1661 1662/2160/1662
f 1660/2154/1660 1662/2160/1662 640/716/534 639/715/533
f 1662/2160/1662 1661/2159/1661 648/735/545 647/734/544
f 1662/2160/1662 647/734/544 646/728/541 640/716/534
f 1661/2159/1661 1659/2153/1659 1663/2161/1663 1664/2162/1664
f 1661/2159/1661 1664/2162/1664 1665/2163/1665 648/735/545
f 1665/2164/1665 1664/2165/1664 1666/2166/1666 1667/2167/1667
f 1665/2164/1665 1667/2167/1667 1668/2168/1668 1669/2169/1669
f 1665/2163/1665 1669/2170/1669 649/736/546 648/735/545
f 1669/2169/1669 1668/2168/1668 1670/2171/1670 1671/2172/1671
f 1669/2169/1669 1671/2172/1671 650/2173/547 649/2174/546
f 1671/2172/1671 1670/2171/1670 1672/2175/1672 1673/2176/1673
f 1671/2172/1671 1673/2176/1673 1009/2177/974 650/2173/547
f 1673/2176/1673 1672/2175/1672 1674/2178/1674 1675/2179/1675
f 1673/2176/1673 1675/2179/1675 1676/2180/1676 1009/2177/974
f 1676/2180/1676 1675/2179/1675 1677/2181/1677 388/2182/233
f 1676/2183/1676 388/312/233 39/310/231 1678/2184/1678
f 1676/2183/1676 1678/2184/1678 1007/1302/972 1009/1305/974
f 1678/2184/1678 39/310/231 225/38/29 1679/2185/1679
f 1678/2184/1678 1679/2185/1679 1008/1303/973 1007/1302/972
f 1679/2185/1679 225/38/29 224/37/28 1680/2186/1680
f 1679/2185/1679 1680/2186/1680 1681/2187/1681 1008/1303/973
f 1681/2187/1681 380/2188/223 441/1304/295 1008/1303/973
f 1681/2187/1681 1680/2186/1680 1682/2189/1682 435/383/289
f 1681/2187/1681 435/383/289 379/382/221 380/2188/223
f 1682/2189/1682 1680/2186/1680 224/37/28 226/40/30
f 1682/2189/1682 226/40/30 1683/2190/1683 1684/2191/1684
f 1682/2189/1682 1684/2191/1684 436/384/290 435/383/289
f 1684/2191/1684 1683/2190/1683 1685/2192/1685 440/2193/294
f 1684/2191/1684 440/2193/294 437/2194/291 436/384/290
f 1685/2192/1685 1683/2190/1683 1686/2195/1686 1687/2196/1687
f 1685/2197/1685 1687/2198/1687 1688/2199/1688 1689/2200/1689
f 1685/2197/1685 1689/2200/1689 438/387/292 440/390/294
f 1689/2200/1689 1688/2199/1688 383/303/226 382/302/225
f 1689/2200/1689 382/302/225 439/388/293 438/387/292
f 1688/2199/1688 1687/2198/1687 1690/2201/1690 1691/2202/1691
f 1688/2199/1688 1691/2202/1691 384/304/227 383/303/226
f 1691/2202/1691 1690/2201/1690 1692/2203/1692 1693/2204/1693
f 1691/2202/1691 1693/2204/1693 1694/2205/1694 384/304/227
f 1694/2205/1694 1693/2204/1693 1695/2206/1695 1696/2207/1696
f 1694/2205/1694 1696/2207/1696 1697/2208/1697 1698/2209/1698
f 1694/2205/1694 1698/2209/1698 385/305/228 384/304/227
f 1698/2209/1698 1697/2208/1697 218/28/20 1699/2210/1699
f 1698/2209/1698 1699/2210/1699 387/308/230 385/305/228
f 1699/2210/1699 218/28/20 217/27/19 1700/2211/1700
f 1699/2210/1699 1700/2211/1700 369/280/208 387/308/230
f 1700/2211/1700 217/27/19 7/60/42 1701/2212/1701
f 1700/2211/1700 1701/2212/1701 370/281/209 369/280/208
f 1701/2212/1701 7/60/42 237/62/44 1702/2213/1702
f 1701/2212/1701 1702/2213/1702 1703/2214/1703 370/281/209
f 1703/2214/1703 1702/2213/1702 1704/2215/1704 1705/2216/1705
f 1703/2214/1703 1705/2216/1705 1706/2217/1706 1707/2218/1707
f 1703/2214/1703 1707/2218/1707 371/282/210 370/281/209
f 1707/2218/1707 1706/2217/1706 1708/2219/1708 1709/2220/1709
f 1707/2218/1707 1709/2220/1709 372/283/211 371/282/210
f 1709/2220/1709 1708/2219/1708 1710/2221/1710 362/267/197
f 1709/2220/1709 362/267/197 67/266/196 372/283/211
f 1710/2221/1710 1708/2219/1708 1711/2222/1711 1712/2223/1712
f 1710/2221/1710 1712/2223/1712 1713/2224/1713 1714/2225/1714
f 1710/2221/1710 1714/2225/1714 359/263/193 362/267/197
f 1714/2225/1714 1713/2224/1713 1715/2226/1715 1716/2227/1716
f 1714/2225/1714 1716/2227/1716 360/264/194 359/263/193
f 1716/2227/1716 1715/2226/1715 1556/2015/1556 1717/2228/1717
f 1716/2227/1716 1717/2228/1717 1718/2229/1718 360/264/194
f 1718/2229/1718 1719/2230/1719 361/265/195 360/264/194
f 1718/2229/1718 1717/2228/1717 1559/2231/1559 1720/2232/1720
f 1718/2229/1718 1720/2232/1720 1721/2233/1721 1719/2230/1719
f 1721/2233/1721 656/744/553 655/743/552 1719/2230/1719
f 1721/2234/1721 1720/2235/1720 1562/2023/1562 759/910/677
f 1721/2233/1721 759/2236/677 758/2237/676 656/744/553
f 1720/2235/1720 1559/2020/1559 1558/2019/1558 1562/2023/1562
f 1719/2230/1719 655/743/552 365/272/202 361/265/195
f 1717/2228/1717 1556/2015/1556 1555/2014/1555 1559/2231/1559
f 1715/2226/1715 1713/2224/1713 1722/2238/1722 1553/2011/1553
f 1715/2226/1715 1553/2011/1553 1552/2010/1552 1556/2015/1556
f 1722/2238/1722 1713/2224/1713 1712/2223/1712 1723/2239/1723
f 1722/2238/1722 1723/2239/1723 1724/2240/1724 1550/2008/1550
f 1722/2238/1722 1550/2008/1550 1549/2007/1549 1553/2011/1553
f 1724/2240/1724 1723/2239/1723 1725/2241/1725 1726/2242/1726
f 1724/2240/1724 1726/2242/1726 1727/2243/1727 1547/2005/1547
f 1724/2240/1724 1547/2005/1547 1546/2004/1546 1550/2008/1550
f 1727/2243/1727 1726/2242/1726 1728/2244/1728 1729/2245/1729
f 1727/2243/1727 1729/2245/1729 1730/2246/1730 1544/2002/1544
f 1727/2243/1727 1544/2002/1544 1543/2001/1543 1547/2005/1547
f 1730/2246/1730 1729/2245/1729 1731/2247/1731 1732/2248/1732
f 1730/2246/1730 1732/2248/1732 1733/2249/1733 1541/1999/1541
f 1730/2246/1730 1541/1999/1541 1540/1998/1540 1544/2002/1544
f 1733/2249/1733 1732/2248/1732 1734/2250/1734 1735/2251/1735
f 1733/2249/1733 1735/2251/1735 1736/2252/1736 1538/1996/1538
f 1733/2249/1733 1538/1996/1538 1537/1995/1537 1541/1999/1541
f 1736/2252/1736 1735/2251/1735 1737/2253/1737 1738/2254/1738
f 1736/2252/1736 1738/2254/1738 1739/2255/1739 1535/1993/1535
f 1736/2252/1736 1535/1993/1535 1534/1992/1534 1538/1996/1538
f 1739/2255/1739 1738/2254/1738 1740/2256/1740 1741/2257/1741
f 1739/2255/1739 1741/2257/1741 1742/2258/1742 1532/1990/1532
f 1739/2255/1739 1532/1990/1532 1531/1989/1531 1535/1993/1535
f 1742/2258/1742 1741/2257/1741 1743/2259/1743 1744/2260/1744
f 1742/2258/1742 1744/2260/1744 1745/2261/1745 1529/1987/1529
f 1742/2258/1742 1529/1987/1529 1528/1986/1528 1532/1990/1532
f 1745/2261/1745 1744/2260/1744 1746/2262/1746 1747/2263/1747
f 1745/2261/1745 1747/2263/1747 1748/2264/1748 1526/1984/1526
f 1745/2261/1745 1526/1984/1526 1525/1983/1525 1529/1987/1529
f 1748/2264/1748 1747/2263/1747 1749/2265/1749 1750/2266/1750
f 1748/2264/1748 1750/2266/1750 1751/2267/1751 1523/1981/1523
f 1748/2264/1748 1523/1981/1523 1522/1980/1522 1526/1984/1526
f 1751/2268/1751 1750/2269/1750 1752/2270/1752 1753/2271/1753
f 1751/2268/1751 1753/2271/1753 1754/2272/1754 1520/2273/1520
f 1751/2267/1751 1520/1978/1520 1519/1977/1519 1523/1981/1523
f 1754/2272/1754 1753/2271/1753 1755/2274/1755 1756/2275/1756
f 1754/2272/1754 1756/2275/1756 1757/2276/1757 1517/1973/1517
f 1754/2272/1754 1517/1973/1517 1516/1972/1516 1520/2273/1520
f 1757/2276/1757 1756/2275/1756 1758/2277/1758 1759/2278/1759
f 1757/2276/1757 1759/2278/1759 1760/2279/1760 1514/1969/1514
f 1757/2276/1757 1514/1969/1514 1513/1968/1513 1517/1973/1517
f 1760/2279/1760 1759/2278/1759 1761/2280/1761 1762/2281/1762
f 1760/2279/1760 1762/2281/1762 1763/2282/1763 1511/1966/1511
f 1760/2279/1760 1511/1966/1511 1510/1965/1510 1514/1969/1514
f 1763/2282/1763 1762/2281/1762 1764/2283/1764 1765/2284/1765
f 1763/2282/1763 1765/2284/1765 1766/2285/1766 1508/1963/1508
f 1763/2282/1763 1508/1963/1508 1507/1962/1507 1511/1966/1511
f 1766/2285/1766 1765/2284/1765 1767/2286/1767 1768/2287/1768
f 1766/2285/1766 1768/2287/1768 1769/2288/1769 1505/1960/1505
f 1766/2285/1766 1505/1960/1505 1504/1959/1504 1508/1963/1508
f 1769/2288/1769 1768/2287/1768 1770/2289/1770 1771/2290/1771
f 1769/2288/1769 1771/2290/1771 1772/2291/1772 1502/1957/1502
f 1769/2288/1769 1502/1957/1502 1501/1956/1501 1505/1960/1505
f 1772/2291/1772 1771/2290/1771 1773/2292/1773 1774/2293/1774
f 1772/2291/1772 1774/2293/1774 1775/2294/1775 1499/1954/1499
f 1772/2291/1772 1499/1954/1499 1498/1953/1498 1502/1957/1502
f 1775/2294/1775 1774/2293/1774 1776/2295/1776 1777/2296/1777
f 1775/2294/1775 1777/2296/1777 681/787/585 680/786/584
f 1775/2294/1775 680/786/584 688/796/592 1499/1954/1499
f 1777/2296/1777 1776/2295/1776 1778/2297/1778 1779/2298/1779
f 1777/2296/1777 1779/2298/1779 690/800/595 681/787/585
f 1779/2298/1779 1778/2297/1778 1780/2299/1780 1781/2300/1781
f 1779/2298/1779 1781/2300/1781 691/801/596 690/800/595
f 1781/2300/1781 1780/2299/1780 1782/2301/1782 1783/2302/1783
f 1781/2300/1781 1783/2302/1783 1784/2303/1784 691/801/596
f 1784/2303/1784 1783/2302/1783 1785/2304/1785 1786/2305/1786
f 1784/2303/1784 1786/2305/1786 1787/2306/1787 1788/2307/1788
f 1784/2303/1784 1788/2307/1788 692/802/597 691/801/596
f 1788/2307/1788 1787/2306/1787 1789/2308/1789 1790/2309/1790
f 1788/2307/1788 1790/2309/1790 686/803/590 692/802/597
f 1790/2310/1790 1789/2311/1789 1791/2312/1791 1792/2313/1792
f 1791/2312/1791 1789/2311/1789 1793/2314/1793 1794/2315/1794
f 1793/2316/1793 1795/2317/1795 703/816/610 94/815/609
f 1793/2316/1793 1789/2308/1789 1787/2306/1787 1795/2317/1795
f 1795/2317/1795 1796/2318/1796 1797/2319/1797 703/816/610
f 1795/2317/1795 1787/2306/1787 1786/2305/1786 1796/2318/1796
f 1797/2319/1797 1798/2320/1798 1799/2321/1799 1800/2322/1800
f 1797/2319/1797 1800/2322/1800 704/817/611 703/816/610
f 1797/2319/1797 1796/2318/1796 1801/2323/1801 1798/2320/1798
f 1801/2323/1801 1802/2324/1802 1803/2325/1803 1798/2320/1798
f 1801/2323/1801 1796/2318/1796 1786/2305/1786 1785/2304/1785
f 1801/2323/1801 1785/2304/1785 1804/2326/1804 1802/2324/1802
f 1804/2326/1804 1805/2327/1805 1806/2328/1806 1802/2324/1802
f 1804/2326/1804 1785/2304/1785 1783/2302/1783 1782/2301/1782
f 1804/2326/1804 1782/2301/1782 1807/2329/1807 1805/2327/1805
f 1807/2329/1807 1808/2330/1808 1809/2331/1809 1805/2327/1805
f 1807/2329/1807 1782/2301/1782 1780/2299/1780 1810/2332/1810
f 1807/2329/1807 1810/2332/1810 1811/2333/1811 1808/2330/1808
f 1811/2333/1811 1812/2334/1812 1813/2335/1813 1808/2330/1808
f 1811/2333/1811 1810/2332/1810 1814/2336/1814 1815/2337/1815
f 1811/2333/1811 1815/2337/1815 1816/2338/1816 1812/2334/1812
f 1816/2338/1816 693/805/599 702/814/608 1812/2334/1812
f 1816/2338/1816 1815/2337/1815 1817/2339/1817 1818/2340/1818
f 1816/2338/1816 1818/2340/1818 694/806/600 693/805/599
f 1818/2340/1818 1817/2339/1817 1819/2341/1819 1820/2342/1820
f 1818/2340/1818 1820/2342/1820 1821/2343/1821 694/806/600
f 1821/2343/1821 1822/2344/1822 695/807/601 694/806/600
f 1821/2343/1821 1820/2342/1820 1823/2345/1823 1824/2346/1824
f 1821/2343/1821 1824/2346/1824 1825/2347/1825 1822/2344/1822
f 1825/2347/1825 1826/2348/1826 1827/2349/1827 1822/2344/1822
f 1825/2347/1825 1824/2346/1824 1828/2350/1828 1829/2351/1829
f 1825/2347/1825 1829/2351/1829 1830/2352/1830 1826/2348/1826
f 1830/2352/1830 1831/2353/1831 1832/2354/1832 1826/2348/1826
f 1830/2352/1830 1829/2351/1829 1833/2355/1833 1834/2356/1834
f 1830/2352/1830 1834/2356/1834 1835/2357/1835 1831/2353/1831
f 1835/2357/1835 1836/2358/1836 1837/2359/1837 1831/2353/1831
f 1835/2357/1835 1834/2356/1834 1838/2360/1838 1839/2361/1839
f 1835/2357/1835 1839/2361/1839 1840/2362/1840 1836/2358/1836
f 1840/2362/1840 1841/2363/1841 1842/2364/1842 1836/2358/1836
f 1840/2362/1840 1839/2361/1839 1843/2365/1843 1844/2366/1844
f 1840/2362/1840 1844/2366/1844 1845/2367/1845 1841/2363/1841
f 1845/2367/1845 1846/2368/1846 1847/2369/1847 1841/2363/1841
f 1845/2367/1845 1844/2366/1844 1848/2370/1848 1849/2371/1849
f 1845/2367/1845 1849/2371/1849 1850/2372/1850 1846/2368/1846
f 1850/2372/1850 1851/2373/1851 1852/2374/1852 1846/2368/1846
f 1850/2372/1850 1849/2371/1849 1853/2375/1853 1854/2376/1854
f 1850/2372/1850 1854/2376/1854 1855/2377/1855 1851/2373/1851
f 1855/2377/1855 1856/2378/1856 1857/2379/1857 1851/2373/1851
f 1855/2380/1855 1854/2381/1854 1858/2382/1858 1859/2383/1859
f 1855/2380/1855 1859/2383/1859 1860/2384/1860 1856/2385/1856
f 1860/2384/1860 1861/2386/1861 1862/2387/1862 1856/2385/1856
f 1860/2384/1860 1859/2383/1859 1863/2388/1863 1864/2389/1864
f 1860/2384/1860 1864/2389/1864 1865/2390/1865 1861/2386/1861
f 1865/2390/1865 1866/2391/1866 1867/2392/1867 1861/2386/1861
f 1865/2390/1865 1864/2389/1864 1868/2393/1868 1869/2394/1869
f 1865/2390/1865 1869/2394/1869 1870/2395/1870 1866/2391/1866
f 1870/2395/1870 1871/2396/1871 1872/2397/1872 1866/2391/1866
f 1870/2395/1870 1869/2394/1869 1873/2398/1873 1874/2399/1874
f 1870/2395/1870 1874/2399/1874 1875/2400/1875 1871/2396/1871
f 1875/2400/1875 1876/2401/1876 1877/2402/1877 1871/2396/1871
f 1875/2400/1875 1874/2399/1874 1878/2403/1878 1879/2404/1879
f 1875/2400/1875 1879/2404/1879 1880/2405/1880 1876/2401/1876
f 1880/2405/1880 1881/2406/1881 1882/2407/1882 1876/2401/1876
f 1880/2405/1880 1879/2404/1879 1883/2408/1883 1884/2409/1884
f 1880/2405/1880 1884/2409/1884 1885/2410/1885 1881/2406/1881
f 1885/2410/1885 1886/2411/1886 1887/2412/1887 1881/2406/1881
f 1885/2410/1885 1884/2409/1884 1888/2413/1888 1889/2414/1889
f 1885/2410/1885 1889/2414/1889 1890/2415/1890 1886/2411/1886
f 1890/2415/1890 1705/2216/1705 1704/2215/1704 1886/2411/1886
f 1890/2415/1890 1889/2414/1889 1891/2416/1891 1892/2417/1892
f 1890/2415/1890 1892/2417/1892 1706/2217/1706 1705/2216/1705
f 1892/2417/1892 1891/2416/1891 1725/2241/1725 1711/2222/1711
f 1892/2417/1892 1711/2222/1711 1708/2219/1708 1706/2217/1706
f 1891/2416/1891 1889/2414/1889 1888/2413/1888 1728/2244/1728
f 1891/2416/1891 1728/2244/1728 1726/2242/1726 1725/2241/1725
f 1888/2413/1888 1884/2409/1884 1883/2408/1883 1731/2247/1731
f 1888/2413/1888 1731/2247/1731 1729/2245/1729 1728/2244/1728
f 1887/2412/1887 1893/2418/1893 1894/2419/1894 1895/2420/1895
f 1887/2412/1887 1895/2420/1895 1882/2407/1882 1881/2406/1881
f 1887/2412/1887 1886/2411/1886 1704/2215/1704 1893/2418/1893
f 1895/2420/1895 1894/2419/1894 1896/2421/1896 1897/2422/1897
f 1895/2420/1895 1897/2422/1897 1898/2423/1898 1882/2407/1882
f 1898/2423/1898 1897/2422/1897 1899/2424/1899 1900/2425/1900
f 1898/2423/1898 1900/2425/1900 1901/2426/1901 1877/2402/1877
f 1898/2423/1898 1877/2402/1877 1876/2401/1876 1882/2407/1882
f 1901/2426/1901 1900/2425/1900 1902/2427/1902 1903/2428/1903
f 1901/2426/1901 1903/2428/1903 1904/2429/1904 1872/2397/1872
f 1901/2426/1901 1872/2397/1872 1871/2396/1871 1877/2402/1877
f 1904/2430/1904 1903/2431/1903 1905/2432/1905 1906/2433/1906
f 1904/2430/1904 1906/2433/1906 1907/2434/1907 1867/2435/1867
f 1904/2429/1904 1867/2392/1867 1866/2391/1866 1872/2397/1872
f 1907/2434/1907 1906/2433/1906 1908/2436/1908 1909/2437/1909
f 1907/2434/1907 1909/2437/1909 1910/2438/1910 1862/2439/1862
f 1907/2440/1907 1862/2387/1862 1861/2386/1861 1867/2392/1867
f 1910/2438/1910 1909/2437/1909 1911/2441/1911 1912/2442/1912
f 1910/2438/1910 1912/2442/1912 1913/2443/1913 1857/2379/1857
f 1910/2438/1910 1857/2379/1857 1856/2378/1856 1862/2439/1862
f 1913/2443/1913 1912/2442/1912 1914/2444/1914 1915/2445/1915
f 1913/2443/1913 1915/2445/1915 1916/2446/1916 1852/2374/1852
f 1913/2443/1913 1852/2374/1852 1851/2373/1851 1857/2379/1857
f 1916/2446/1916 1915/2445/1915 1917/2447/1917 1918/2448/1918
f 1916/2446/1916 1918/2448/1918 1919/2449/1919 1847/2369/1847
f 1916/2446/1916 1847/2369/1847 1846/2368/1846 1852/2374/1852
f 1919/2449/1919 1918/2448/1918 1920/2450/1920 1921/2451/1921
f 1919/2449/1919 1921/2451/1921 1922/2452/1922 1842/2364/1842
f 1919/2449/1919 1842/2364/1842 1841/2363/1841 1847/2369/1847
f 1922/2452/1922 1921/2451/1921 1923/2453/1923 1924/2454/1924
f 1922/2452/1922 1924/2454/1924 1925/2455/1925 1837/2359/1837
f 1922/2452/1922 1837/2359/1837 1836/2358/1836 1842/2364/1842
f 1925/2455/1925 1924/2454/1924 1926/2456/1926 1927/2457/1927
f 1925/2455/1925 1927/2457/1927 1928/2458/1928 1832/2354/1832
f 1925/2455/1925 1832/2354/1832 1831/2353/1831 1837/2359/1837
f 1928/2458/1928 1927/2457/1927 1929/2459/1929 1930/2460/1930
f 1928/2458/1928 1930/2460/1930 696/808/602 1827/2349/1827
f 1928/2458/1928 1827/2349/1827 1826/2348/1826 1832/2354/1832
f 1930/2460/1930 1929/2459/1929 1931/2461/1931 1932/2462/1932
f 1930/2460/1930 1932/2462/1932 697/809/603 696/808/602
f 1932/2462/1932 1931/2461/1931 1933/2463/1933 1934/2464/1934
f 1932/2462/1932 1934/2464/1934 698/810/604 697/809/603
f 1934/2464/1934 1933/2463/1933 1935/2465/1935 1936/2466/1936
f 1934/2464/1934 1936/2466/1936 1937/2467/1937 698/810/604
f 1937/2467/1937 1936/2466/1936 1938/2468/1938 1939/2469/1939
f 1937/2467/1937 1939/2469/1939 1940/2470/1940 1941/2471/1941
f 1937/2467/1937 1941/2471/1941 699/811/605 698/810/604
f 1941/2471/1941 1940/2470/1940 1942/2472/1942 1943/2473/1943
f 1941/2471/1941 1943/2473/1943 700/812/606 699/811/605
f 1943/2473/1943 1942/2472/1942 1944/2474/1944 1945/2475/1945
f 1943/2473/1943 1945/2475/1945 1946/2476/1946 700/812/606
f 1946/2476/1946 1945/2475/1945 1947/2477/1947 1948/2478/1948
f 1946/2476/1946 1948/2478/1948 1949/2479/1949 1950/2480/1950
f 1946/2476/1946 1950/2480/1950 701/813/607 700/812/606
f 1950/2480/1950 1949/2479/1949 1951/2481/1951 1952/2482/1952
f 1950/2480/1950 1952/2482/1952 702/814/608 701/813/607
f 1952/2482/1952 1951/2481/1951 1953/2483/1953 1813/2335/1813
f 1952/2482/1952 1813/2335/1813 1812/2334/1812 702/814/608
f 1953/2483/1953 1951/2481/1951 1954/2484/1954 1955/2485/1955
f 1953/2483/1953 1955/2485/1955 1956/2486/1956 1809/2331/1809
f 1953/2483/1953 1809/2331/1809 1808/2330/1808 1813/2335/1813
f 1956/2486/1956 1955/2485/1955 1957/2487/1957 1958/2488/1958
f 1956/2486/1956 1958/2488/1958 1959/2489/1959 1806/2328/1806
f 1956/2486/1956 1806/2328/1806 1805/2327/1805 1809/2331/1809
f 1959/2489/1959 1958/2488/1958 1960/2490/1960 1961/2491/1961
f 1959/2489/1959 1961/2491/1961 1962/2492/1962 1803/2325/1803
f 1959/2489/1959 1803/2325/1803 1802/2324/1802 1806/2328/1806
f 1962/2492/1962 1799/2321/1799 1798/2320/1798 1803/2325/1803
f 1960/2490/1960 1958/2488/1958 1957/2487/1957 1963/2493/1963
f 1963/2493/1963 1957/2487/1957 1964/2494/1964 1965/2495/1965
f 1965/2495/1965 1964/2494/1964 1966/2496/1966 1967/2497/1967
f 1965/2495/1965 1967/2497/1967 1968/2498/1968 1969/2499/1969
f 1963/2493/1963 1965/2495/1965 1969/2499/1969 1970/2500/1970
f 1963/2493/1963 1970/2500/1970 1971/2501/1971 1972/2502/1972
f 1972/2502/1972 1971/2501/1971 985/1271/945 984/1270/944
f 1971/2501/1971 1970/2500/1970 1973/2503/1973 1974/2504/1974
f 1971/2501/1971 1974/2504/1974 989/1275/949 985/1271/945
f 1974/2504/1974 1973/2503/1973 1975/2505/1975 1976/2506/1976
f 1974/2504/1974 1976/2506/1976 1977/2507/1977 989/1275/949
f 1977/2507/1977 1976/2506/1976 1978/2508/1978 1979/2509/1979
f 1977/2507/1977 1979/2509/1979 1980/2510/1980 1981/2511/1981
f 1977/2507/1977 1981/2511/1981 986/1272/946 989/1275/949
f 1981/2511/1981 1980/2510/1980 1982/2512/1982 991/1278/952
f 1981/2511/1981 991/1278/952 987/1273/947 986/1272/946
f 1980/2510/1980 1979/2509/1979 1983/2513/1983 1984/2514/1984
f 1980/2510/1980 1984/2514/1984 410/341/259 1982/2512/1982
f 1984/2514/1984 1983/2513/1983 1985/2515/1985 489/463/349
f 1984/2514/1984 489/463/349 411/342/260 410/341/259
f 1985/2515/1985 1983/2513/1983 1986/2516/1986 1987/2517/1987
f 1985/2515/1985 1987/2517/1987 1988/2518/1988 1989/2519/1989
f 1985/2515/1985 1989/2519/1989 490/464/350 489/463/349
f 1989/2520/1989 1988/2521/1988 797/963/725 1990/2522/1990
f 1989/2523/1989 1990/2524/1990 494/470/354 490/469/350
f 1990/2522/1990 797/963/725 796/962/724 1991/2525/1991
f 1990/2524/1990 1991/2526/1991 1992/2527/1992 494/470/354
f 1992/2528/1992 1991/2529/1991 771/928/693 770/927/692
f 1992/2528/1992 770/927/692 484/454/343 483/453/342
f 1992/2527/1992 483/2530/342 491/471/351 494/470/354
f 1991/2529/1991 796/960/724 774/931/696 771/928/693
f 1988/2518/1988 1987/2517/1987 1993/2531/1993 404/330/251
f 1988/2521/1988 404/2532/251 403/964/250 797/963/725
f 1993/2531/1993 1994/2533/1994 1995/2534/1995 1996/2535/1996
f 1993/2531/1993 1996/2535/1996 398/324/245 404/330/251
f 1993/2536/1993 1987/2537/1987 1986/2538/1986 1994/2539/1994
f 1996/2535/1996 1995/2534/1995 1997/2540/1997 1998/2541/1998
f 1996/2535/1996 1998/2541/1998 399/325/246 398/324/245
f 1998/2541/1998 1997/2540/1997 1999/2542/1999 2000/2543/2000
f 1998/2541/1998 2000/2543/2000 2001/2544/2001 399/325/246
f 2001/2544/2001 2000/2543/2000 395/320/241 394/319/240
f 2001/2544/2001 394/319/240 393/318/239 2002/2545/2002
f 2001/2544/2001 2002/2545/2002 400/326/247 399/325/246
f 2002/2545/2002 393/318/239 2003/2546/2003 2004/2547/2004
f 2002/2545/2002 2004/2547/2004 401/327/248 400/326/247
f 2004/2547/2004 2003/2546/2003 2005/2548/2005 1123/1490/1109
f 2004/2547/2004 1123/1490/1109 1120/1485/1106 401/327/248
f 2005/2548/2005 2006/2549/2006 2007/2550/2007 2008/2551/2008
f 2005/2548/2005 2008/2551/2008 1121/1488/1107 1123/1490/1109
f 2005/2548/2005 2003/2546/2003 2009/2552/2009 2006/2549/2006
f 2009/2552/2009 2010/2553/2010 2011/2554/2011 2006/2549/2006
f 2009/2552/2009 2003/2546/2003 393/318/239 392/317/238
f 2009/2552/2009 392/317/238 397/322/243 2010/2553/2010
f 2011/2554/2011 2012/2555/2012 2013/2556/2013 2014/2557/2014
f 2011/2554/2011 2014/2557/2014 2007/2550/2007 2006/2549/2006
f 2011/2554/2011 2010/2553/2010 2015/2558/2015 2012/2555/2012
f 2015/2558/2015 2016/2559/2016 2017/2560/2017 2012/2555/2012
f 2015/2558/2015 2010/2553/2010 397/322/243 2018/2561/2018
f 2015/2558/2015 2018/2561/2018 2019/2562/2019 2016/2559/2016
f 2019/2562/2019 2020/2563/2020 2021/2564/2021 2016/2559/2016
f 2019/2562/2019 2018/2561/2018 2022/2565/2022 2023/2566/2023
f 2019/2562/2019 2023/2566/2023 2024/2567/2024 2020/2563/2020
f 2024/2567/2024 2025/2568/2025 2026/2569/2026 2020/2563/2020
f 2024/2567/2024 2023/2566/2023 2027/2570/2027 2028/2571/2028
f 2024/2567/2024 2028/2571/2028 2029/2572/2029 2025/2568/2025
f 2029/2572/2029 2030/2573/2030 2031/2574/2031 2025/2568/2025
f 2029/2572/2029 2028/2571/2028 2032/2575/2032 2033/2576/2033
f 2029/2572/2029 2033/2576/2033 2034/2577/2034 2030/2573/2030
f 2034/2577/2034 2035/2578/2035 2036/2579/2036 2030/2573/2030
f 2034/2577/2034 2033/2576/2033 2037/2580/2037 1968/2498/1968
f 2034/2581/2034 1968/2582/1968 1967/2583/1967 2035/2584/2035
f 2037/2580/2037 2033/2576/2033 2032/2575/2032 2038/2585/2038
f 2037/2580/2037 2038/2585/2038 2039/2586/2039 2040/2587/2040
f 2037/2580/2037 2040/2587/2040 1969/2499/1969 1968/2498/1968
f 2040/2587/2040 2039/2586/2039 1975/2505/1975 1973/2503/1973
f 2040/2587/2040 1973/2503/1973 1970/2500/1970 1969/2499/1969
f 2039/2586/2039 2038/2585/2038 2041/2588/2041 2042/2589/2042
f 2039/2586/2039 2042/2589/2042 2043/2590/2043 1975/2505/1975
f 2043/2590/2043 2042/2589/2042 1995/2534/1995 1994/2533/1994
f 2043/2590/2043 1994/2533/1994 1986/2516/1986 1978/2508/1978
f 2043/2590/2043 1978/2508/1978 1976/2506/1976 1975/2505/1975
f 2042/2589/2042 2041/2588/2041 1997/2540/1997 1995/2534/1995
f 2041/2588/2041 2038/2585/2038 2032/2575/2032 2044/2591/2044
f 2041/2588/2041 2044/2591/2044 1999/2542/1999 1997/2540/1997
f 2044/2591/2044 2032/2575/2032 2028/2571/2028 2027/2570/2027
f 2044/2591/2044 2027/2570/2027 2045/2592/2045 1999/2542/1999
f 2045/2592/2045 2027/2570/2027 2023/2566/2023 2022/2565/2022
f 2045/2592/2045 2022/2565/2022 396/321/242 395/320/241
f 2045/2592/2045 395/320/241 2000/2543/2000 1999/2542/1999
f 2036/2593/2036 2046/2594/2046 2047/2595/2047 2048/2596/2048
f 2036/2579/2036 2048/2597/2048 2031/2574/2031 2030/2573/2030
f 2036/2593/2036 2035/2598/2035 2049/2599/2049 2046/2594/2046
f 2049/2600/2049 2050/2601/2050 2051/2602/2051 2046/2603/2046
f 2049/2600/2049 2035/2578/2035 1967/2497/1967 1966/2496/1966
f 2049/2600/2049 1966/2496/1966 2052/2604/2052 2050/2601/2050
f 2052/2604/2052 1949/2479/1949 1948/2478/1948 2050/2601/2050
f 2052/2604/2052 1966/2496/1966 1964/2494/1964 1954/2484/1954
f 2052/2604/2052 1954/2484/1954 1951/2481/1951 1949/2479/1949
f 2051/2602/2051 1947/2477/1947 2053/2605/2053 2054/2606/2054
f 2051/2607/2051 2054/2608/2054 2047/2595/2047 2046/2594/2046
f 2051/2602/2051 2050/2601/2050 1948/2478/1948 1947/2477/1947
f 2054/2606/2054 2053/2605/2053 2055/2609/2055 2056/2610/2056
f 2054/2608/2054 2056/2611/2056 2057/2612/2057 2047/2595/2047
f 2057/2612/2057 2056/2611/2056 2058/2613/2058 2059/2614/2059
f 2057/2612/2057 2059/2614/2059 2060/2615/2060 2061/2616/2061
f 2057/2612/2057 2061/2616/2061 2048/2596/2048 2047/2595/2047
f 2061/2617/2061 2060/2618/2060 2062/2619/2062 2063/2620/2063
f 2061/2617/2061 2063/2620/2063 2031/2574/2031 2048/2597/2048
f 2063/2620/2063 2062/2619/2062 2064/2621/2064 2026/2569/2026
f 2063/2620/2063 2026/2569/2026 2025/2568/2025 2031/2574/2031
f 2064/2621/2064 2062/2619/2062 2065/2622/2065 2066/2623/2066
f 2064/2621/2064 2066/2623/2066 2067/2624/2067 2021/2564/2021
f 2064/2621/2064 2021/2564/2021 2020/2563/2020 2026/2569/2026
f 2067/2624/2067 2066/2623/2066 2068/2625/2068 2069/2626/2069
f 2067/2624/2067 2069/2626/2069 2070/2627/2070 2017/2560/2017
f 2067/2624/2067 2017/2560/2017 2016/2559/2016 2021/2564/2021
f 2070/2627/2070 2069/2626/2069 2071/2628/2071 2072/2629/2072
f 2070/2627/2070 2072/2629/2072 1113/1476/1098 2013/2556/2013
f 2070/2627/2070 2013/2556/2013 2012/2555/2012 2017/2560/2017
f 2072/2629/2072 2071/2628/2071 2073/2630/2073 2074/2631/2074
f 2072/2629/2072 2074/2631/2074 1114/1477/1099 1113/1476/1098
f 2074/2631/2074 2073/2630/2073 2075/2632/2075 2076/2633/2076
f 2074/2631/2074 2076/2633/2076 1115/1478/1100 1114/1477/1099
f 2076/2633/2076 2075/2632/2075 2077/2634/2077 2078/2635/2078
f 2076/2633/2076 2078/2635/2078 2079/2636/2079 1115/1478/1100
f 2079/2636/2079 2078/2635/2078 2080/2637/2080 2081/2638/2081
f 2079/2636/2079 2081/2638/2081 2082/2639/2082 2083/2640/2083
f 2079/2636/2079 2083/2640/2083 1116/1479/1101 1115/1478/1100
f 2083/2640/2083 2082/2639/2082 1122/1489/1108 2084/2641/2084
f 2083/2640/2083 2084/2641/2084 1117/1480/1102 1116/1479/1101
f 2084/2641/2084 1122/1489/1108 1121/1488/1107 2008/2551/2008
f 2084/2641/2084 2008/2551/2008 2007/2550/2007 1117/1480/1102
f 2082/2639/2082 2081/2638/2081 2085/2642/2085 2086/2643/2086
f 2082/2639/2082 2086/2643/2086 1118/1482/1104 1122/1489/1108
f 2086/2643/2086 2085/2642/2085 2087/2644/2087 495/472/355
f 2086/2643/2086 495/472/355 493/467/353 1118/1482/1104
f 2087/2644/2087 2088/2645/2088 2089/2646/2089 408/339/257
f 2087/2644/2087 408/339/257 407/338/256 495/472/355
f 2087/2644/2087 2085/2642/2085 2090/2647/2090 2088/2645/2088
f 2090/2647/2090 2091/2648/2091 2092/2649/2092 2088/2645/2088
f 2090/2647/2090 2085/2642/2085 2081/2638/2081 2080/2637/2080
f 2090/2647/2090 2080/2637/2080 2093/2650/2093 2091/2648/2091
f 2093/2650/2093 2094/2651/2094 2095/2652/2095 2091/2648/2091
f 2093/2650/2093 2080/2637/2080 2078/2635/2078 2077/2634/2077
f 2093/2650/2093 2077/2634/2077 2096/2653/2096 2094/2651/2094
f 2096/2653/2096 2097/2654/2097 2098/2655/2098 2094/2651/2094
f 2096/2653/2096 2077/2634/2077 2075/2632/2075 2099/2656/2099
f 2096/2653/2096 2099/2656/2099 2100/2657/2100 2097/2654/2097
f 2100/2658/2100 2101/2659/2101 2102/2660/2102 2097/2661/2097
f 2100/2657/2100 2099/2656/2099 2103/2662/2103 2104/2663/2104
f 2100/2657/2100 2104/2663/2104 2105/2664/2105 2101/2665/2101
f 2105/2666/2105 2106/2667/2106 2107/2668/2107 2101/2659/2101
f 2105/2664/2105 2104/2663/2104 2108/2669/2108 2109/2670/2109
f 2105/2666/2105 2109/2671/2109 2110/2672/2110 2106/2667/2106
f 2110/2672/2110 2111/2673/2111 2112/2674/2112 2106/2667/2106
f 2110/2672/2110 2109/2671/2109 2113/2675/2113 2114/2676/2114
f 2110/2672/2110 2114/2676/2114 2115/2677/2115 2111/2673/2111
f 2115/2677/2115 2116/2678/2116 2117/2679/2117 2111/2673/2111
f 2115/2680/2115 2114/2681/2114 2118/2682/2118 2119/2683/2119
f 2115/2680/2115 2119/2683/2119 1047/1362/1018 2116/2684/2116
f 2119/2683/2119 2118/2682/2118 2059/2614/2059 2058/2613/2058
f 2119/2683/2119 2058/2613/2058 1048/1363/1019 1047/1362/1018
f 2118/2682/2118 2114/2681/2114 2113/2685/2113 2120/2686/2120
f 2118/2682/2118 2120/2686/2120 2060/2615/2060 2059/2614/2059
f 2120/2687/2120 2113/2688/2113 2121/2689/2121 2065/2622/2065
f 2120/2687/2120 2065/2622/2065 2062/2619/2062 2060/2618/2060
f 2121/2689/2121 2113/2688/2113 2109/2670/2109 2108/2669/2108
f 2121/2689/2121 2108/2669/2108 2122/2690/2122 2068/2625/2068
f 2121/2689/2121 2068/2625/2068 2066/2623/2066 2065/2622/2065
f 2122/2690/2122 2108/2669/2108 2104/2663/2104 2103/2662/2103
f 2122/2690/2122 2103/2662/2103 2073/2630/2073 2071/2628/2071
f 2122/2690/2122 2071/2628/2071 2069/2626/2069 2068/2625/2068
f 2117/2679/2117 2123/2691/2123 2124/2692/2124 2125/2693/2125
f 2117/2679/2117 2125/2693/2125 2112/2674/2112 2111/2673/2111
f 2117/2694/2117 2116/2684/2116 2126/2695/2126 2123/2696/2123
f 2126/2697/2126 2127/2698/2127 2128/2699/2128 2123/2700/2123
f 2126/2695/2126 2116/2684/2116 1047/1362/1018 165/1361/1012
f 2126/2697/2126 165/2701/1012 1044/2702/1015 2127/2698/2127
f 2128/2699/2128 2129/2703/2129 2130/2704/2130 2131/2705/2131
f 2128/2699/2128 2131/2705/2131 2124/2706/2124 2123/2700/2123
f 2128/2699/2128 2127/2698/2127 2132/2707/2132 2129/2703/2129
f 2132/2707/2132 2133/2708/2133 2134/2709/2134 2129/2703/2129
f 2132/2707/2132 2127/2698/2127 1044/2702/1015 2135/2710/2135
f 2132/2707/2132 2135/2710/2135 2136/2711/2136 2133/2708/2133
f 2136/2711/2136 2137/2712/2137 2138/2713/2138 2133/2708/2133
f 2136/2711/2136 2135/2710/2135 2139/2714/2139 2140/2715/2140
f 2136/2711/2136 2140/2715/2140 2141/2716/2141 2137/2712/2137
f 2141/2716/2141 2142/2717/2142 2143/2718/2143 2137/2712/2137
f 2141/2719/2141 2140/2720/2140 1033/1339/1003 2144/2721/2144
f 2141/2722/2141 2144/2723/2144 1146/2724/1136 2142/2725/2142
f 2144/2721/2144 1033/1339/1003 1032/1338/1002 2145/2726/2145
f 2144/2721/2144 2145/2726/2145 1144/1530/1134 1146/1529/1136
f 2145/2726/2145 1032/1338/1002 1034/1340/1004 1153/2727/1145
f 2145/2728/2145 1153/1540/1145 1145/1527/1135 1144/1526/1134
f 2143/2718/2143 1151/1537/1142 1150/1536/1141 2146/2729/2146
f 2143/2718/2143 2146/2729/2146 2138/2713/2138 2137/2712/2137
f 2143/2718/2143 2142/2717/2142 2147/2730/2147 1151/1537/1142
f 2147/2730/2147 2148/2731/2148 1147/1532/1138 1151/1537/1142
f 2147/2732/2147 2142/2733/2142 1146/1529/1136 1143/1524/1133
f 2147/2732/2147 1143/1524/1133 1142/1523/1132 2148/2734/2148
f 2148/2734/2148 1142/1523/1132 1138/1514/1127 1137/1513/1126
f 2148/2731/2148 1137/2735/1126 1140/1533/1129 1147/1532/1138
f 2146/2729/2146 1150/1536/1141 1149/1535/1140 2149/2736/2149
f 2146/2729/2146 2149/2736/2149 2150/2737/2150 2138/2713/2138
f 2150/2737/2150 2149/2736/2149 2151/2738/2151 2152/2739/2152
f 2150/2737/2150 2152/2739/2152 2153/2740/2153 2134/2709/2134
f 2150/2737/2150 2134/2709/2134 2133/2708/2133 2138/2713/2138
f 2153/2740/2153 2152/2739/2152 2154/2741/2154 2155/2742/2155
f 2153/2740/2153 2155/2742/2155 2156/2743/2156 2130/2704/2130
f 2153/2740/2153 2130/2704/2130 2129/2703/2129 2134/2709/2134
f 2156/2743/2156 2155/2742/2155 2157/2744/2157 2158/2745/2158
f 2156/2743/2156 2158/2745/2158 2159/2746/2159 2160/2747/2160
f 2156/2743/2156 2160/2747/2160 2131/2705/2131 2130/2704/2130
f 2160/2747/2160 2159/2746/2159 2161/2748/2161 2162/2749/2162
f 2160/2747/2160 2162/2749/2162 2124/2706/2124 2131/2705/2131
f 2162/2750/2162 2161/2751/2161 2163/2752/2163 2164/2753/2164
f 2162/2750/2162 2164/2753/2164 2125/2693/2125 2124/2692/2124
f 2164/2753/2164 2163/2752/2163 2165/2754/2165 2166/2755/2166
f 2164/2753/2164 2166/2755/2166 2112/2674/2112 2125/2693/2125
f 2166/2755/2166 2165/2754/2165 2167/2756/2167 2107/2668/2107
f 2166/2755/2166 2107/2668/2107 2106/2667/2106 2112/2674/2112
f 2167/2756/2167 2165/2754/2165 2168/2757/2168 2169/2758/2169
f 2167/2756/2167 2169/2758/2169 2170/2759/2170 2102/2660/2102
f 2167/2756/2167 2102/2660/2102 2101/2659/2101 2107/2668/2107
f 2170/2759/2170 2169/2758/2169 2171/2760/2171 2172/2761/2172
f 2170/2762/2170 2172/2763/2172 2173/2764/2173 2098/2655/2098
f 2170/2759/2170 2098/2765/2098 2097/2661/2097 2102/2660/2102
f 2173/2766/2173 2172/2767/2172 2174/2768/2174 2175/2769/2175
f 2173/2764/2173 2175/2770/2175 2176/2771/2176 2095/2652/2095
f 2173/2764/2173 2095/2652/2095 2094/2651/2094 2098/2655/2098
f 2176/2771/2176 2175/2770/2175 1012/2772/978 2177/2773/2177
f 2176/2771/2176 2177/2773/2177 2178/2774/2178 2092/2649/2092
f 2176/2771/2176 2092/2649/2092 2091/2648/2091 2095/2652/2095
f 2178/2774/2178 2177/2773/2177 2179/2775/2179 2180/2776/2180
f 2178/2774/2178 2180/2776/2180 2181/2777/2181 2089/2646/2089
f 2178/2774/2178 2089/2646/2089 2088/2645/2088 2092/2649/2092
f 2179/2775/2179 2182/2778/2182 2183/2779/2183 2180/2776/2180
f 2179/2775/2179 2177/2773/2177 1012/2772/978 1011/2780/977
f 2175/2769/2175 2174/2768/2174 159/2781/975 1012/2782/978
f 2174/2768/2174 1021/1323/989 1013/1322/979 159/2781/975
f 2174/2768/2174 2172/2767/2172 2171/2783/2171 1021/1323/989
f 2171/2783/2171 2184/2784/2184 1022/1324/990 1021/1323/989
f 2171/2760/2171 2169/2758/2169 2168/2757/2168 2184/2785/2184
f 2184/2784/2184 2185/2786/2185 2186/2787/2186 1022/1324/990
f 2184/2785/2184 2168/2757/2168 2187/2788/2187 2185/2789/2185
f 2187/2790/2187 2188/2791/2188 2189/2792/2189 2185/2793/2185
f 2187/2788/2187 2168/2757/2168 2165/2754/2165 2163/2752/2163
f 2187/2788/2187 2163/2752/2163 2161/2751/2161 2188/2794/2188
f 2189/2792/2189 2190/2795/2190 2191/2796/2191 2192/2797/2192
f 2189/2792/2189 2192/2797/2192 2186/2798/2186 2185/2793/2185
f 2189/2792/2189 2188/2791/2188 2193/2799/2193 2190/2795/2190
f 2193/2799/2193 2194/2800/2194 2195/2801/2195 2190/2795/2190
f 2193/2799/2193 2188/2791/2188 2161/2748/2161 2159/2746/2159
f 2193/2799/2193 2159/2746/2159 2158/2745/2158 2194/2800/2194
f 2195/2801/2195 2196/2802/2196 498/475/358 2197/2803/2197
f 2195/2801/2195 2197/2803/2197 2191/2796/2191 2190/2795/2190
f 2195/2801/2195 2194/2800/2194 2198/2804/2198 2196/2802/2196
f 2198/2804/2198 2199/2805/2199 486/457/346 2196/2802/2196
f 2198/2804/2198 2194/2800/2194 2158/2745/2158 2157/2744/2157
f 2198/2804/2198 2157/2744/2157 2200/2806/2200 2199/2805/2199
f 2200/2806/2200 2201/2807/2201 2202/2808/2202 2199/2805/2199
f 2200/2806/2200 2157/2744/2157 2155/2742/2155 2154/2741/2154
f 2200/2806/2200 2154/2741/2154 2203/2809/2203 2201/2807/2201
f 2203/2809/2203 503/482/365 502/481/364 2201/2807/2201
f 2203/2809/2203 2154/2741/2154 2152/2739/2152 2151/2738/2151
f 2203/2809/2203 2151/2738/2151 2204/2810/2204 503/482/365
f 2204/2810/2204 1161/1551/1153 500/478/361 503/482/365
f 2204/2810/2204 2151/2738/2151 2149/2736/2149 1149/1535/1140
f 2204/2810/2204 1149/1535/1140 1148/1534/1139 1161/1551/1153
f 2202/2808/2202 504/483/366 417/352/268 485/455/344
f 2202/2808/2202 485/455/344 486/457/346 2199/2805/2199
f 2202/2808/2202 2201/2807/2201 502/481/364 504/483/366
f 2197/2803/2197 498/475/358 497/474/357 2205/2811/2205
f 2197/2803/2197 2205/2811/2205 2206/2812/2206 2191/2796/2191
f 2206/2812/2206 2205/2811/2205 2207/2813/2207 2208/2814/2208
f 2206/2812/2206 2208/2814/2208 2209/2815/2209 2210/2816/2210
f 2206/2812/2206 2210/2816/2210 2192/2797/2192 2191/2796/2191
f 2210/2816/2210 2209/2815/2209 1018/2817/986 1020/2818/988
f 2210/2816/2210 1020/2818/988 2186/2798/2186 2192/2797/2192
f 2209/2815/2209 2208/2814/2208 2211/2819/2211 2212/2820/2212
f 2209/2815/2209 2212/2820/2212 1019/2821/987 1018/2817/986
f 2211/2819/2211 2208/2814/2208 2207/2813/2207 2213/2822/2213
f 2213/2822/2213 2207/2813/2207 2214/2823/2214 2215/2824/2215
f 2215/2824/2215 2214/2823/2214 2216/2825/2216 2217/2826/2217
f 2217/2826/2217 2216/2825/2216 2218/2827/2218 2219/2828/2219
f 2219/2829/2219 2220/2830/2220 2221/2831/2221 2217/2832/2217
f 2218/2827/2218 2216/2825/2216 496/473/356 499/476/359
f 2218/2827/2218 499/476/359 768/925/690 777/934/699
f 2216/2825/2216 2214/2823/2214 497/474/357 496/473/356
f 2214/2823/2214 2207/2813/2207 2205/2811/2205 497/474/357
f 2196/2802/2196 486/457/346 54/456/345 498/475/358
f 2186/2787/2186 1020/1319/988 161/1316/985 1022/1324/990
f 2140/2720/2140 2139/2833/2139 1029/1335/999 1033/1339/1003
f 2139/2714/2139 2135/2710/2135 1044/2702/1015 1043/2834/1014
f 2139/2833/2139 1043/2835/1014 1030/1336/1000 1029/1335/999
f 2103/2662/2103 2099/2656/2099 2075/2632/2075 2073/2630/2073
f 2089/2646/2089 2181/2777/2181 409/340/258 408/339/257
f 2058/2613/2058 2056/2611/2056 2055/2836/2055 1048/1363/1019
f 2055/2609/2055 2222/2837/2222 1045/1358/1016 1048/2838/1019
f 2055/2609/2055 2053/2605/2053 1944/2474/1944 2222/2837/2222
f 2222/2837/2222 2223/2839/2223 1046/1359/1017 1045/1358/1016
f 2222/2837/2222 1944/2474/1944 1942/2472/1942 2223/2839/2223
f 2223/2839/2223 2224/2840/2224 2225/2841/2225 1046/1359/1017
f 2223/2839/2223 1942/2472/1942 1940/2470/1940 2224/2840/2224
f 2225/2841/2225 2226/2842/2226 2227/2843/2227 2228/2844/2228
f 2225/2841/2225 2228/2844/2228 1042/1360/1013 1046/1359/1017
f 2225/2841/2225 2224/2840/2224 2229/2845/2229 2226/2842/2226
f 2229/2845/2229 2230/2846/2230 2231/2847/2231 2226/2842/2226
f 2229/2845/2229 2224/2840/2224 1940/2470/1940 1939/2469/1939
f 2229/2845/2229 1939/2469/1939 1938/2468/1938 2230/2846/2230
f 2231/2847/2231 2232/2848/2232 2233/2849/2233 2234/2850/2234
f 2231/2847/2231 2234/2850/2234 2227/2843/2227 2226/2842/2226
f 2231/2847/2231 2230/2846/2230 2235/2851/2235 2232/2848/2232
f 2235/2851/2235 2236/2852/2236 2237/2853/2237 2232/2848/2232
f 2235/2851/2235 2230/2846/2230 1938/2468/1938 2238/2854/2238
f 2235/2851/2235 2238/2854/2238 2239/2855/2239 2236/2852/2236
f 2239/2855/2239 2240/2856/2240 2241/2857/2241 2236/2852/2236
f 2239/2855/2239 2238/2854/2238 1935/2465/1935 2242/2858/2242
f 2239/2855/2239 2242/2858/2242 2243/2859/2243 2240/2856/2240
f 2243/2859/2243 2244/2860/2244 2245/2861/2245 2240/2856/2240
f 2243/2859/2243 2242/2858/2242 2246/2862/2246 2247/2863/2247
f 2243/2859/2243 2247/2863/2247 2248/2864/2248 2244/2860/2244
f 2248/2864/2248 2249/2865/2249 2250/2866/2250 2244/2860/2244
f 2248/2864/2248 2247/2863/2247 2251/2867/2251 2252/2868/2252
f 2248/2864/2248 2252/2868/2252 2253/2869/2253 2249/2865/2249
f 2253/2869/2253 2254/2870/2254 2255/2871/2255 2249/2865/2249
f 2253/2869/2253 2252/2868/2252 2256/2872/2256 2257/2873/2257
f 2253/2869/2253 2257/2873/2257 2258/2874/2258 2254/2870/2254
f 2258/2874/2258 2259/2875/2259 2260/2876/2260 2254/2870/2254
f 2258/2874/2258 2257/2873/2257 2261/2877/2261 2262/2878/2262
f 2258/2874/2258 2262/2878/2262 2263/2879/2263 2259/2875/2259
f 2263/2879/2263 2264/2880/2264 2265/2881/2265 2259/2875/2259
f 2263/2879/2263 2262/2878/2262 2266/2882/2266 2267/2883/2267
f 2263/2879/2263 2267/2883/2267 2268/2884/2268 2264/2880/2264
f 2268/2884/2268 2269/2885/2269 2270/2886/2270 2264/2880/2264
f 2268/2884/2268 2267/2883/2267 2271/2887/2271 2272/2888/2272
f 2268/2884/2268 2272/2888/2272 2273/2889/2273 2269/2885/2269
f 2273/2889/2273 2274/2890/2274 2275/2891/2275 2269/2885/2269
f 2273/2889/2273 2272/2888/2272 2276/2892/2276 2277/2893/2277
f 2273/2889/2273 2277/2893/2277 2278/2894/2278 2274/2890/2274
f 2278/2894/2278 2279/2895/2279 2280/2896/2280 2281/2897/2281
f 2278/2894/2278 2281/2897/2281 2282/2898/2282 2274/2890/2274
f 2278/2894/2278 2277/2893/2277 2283/2899/2283 2279/2895/2279
f 2283/2899/2283 2284/2900/2284 2285/2901/2285 2279/2895/2279
f 2283/2899/2283 2277/2893/2277 2276/2892/2276 2286/2902/2286
f 2283/2899/2283 2286/2902/2286 2287/2903/2287 2284/2900/2284
f 2287/2903/2287 2286/2902/2286 2288/2904/2288 1911/2441/1911
f 2287/2903/2287 1911/2441/1911 1909/2437/1909 1908/2436/1908
f 2287/2903/2287 1908/2436/1908 2289/2905/2289 2284/2900/2284
f 2289/2905/2289 1905/2432/1905 2290/2906/2290 2291/2907/2291
f 2289/2905/2289 2291/2907/2291 2285/2901/2285 2284/2900/2284
f 2289/2905/2289 1908/2436/1908 1906/2433/1906 1905/2432/1905
f 2291/2907/2291 2290/2906/2290 2292/2908/2292 2293/2909/2293
f 2291/2907/2291 2293/2909/2293 2294/2910/2294 2285/2901/2285
f 2294/2910/2294 2293/2909/2293 2295/2911/2295 2296/2912/2296
f 2294/2910/2294 2296/2912/2296 2297/2913/2297 2280/2896/2280
f 2294/2910/2294 2280/2896/2280 2279/2895/2279 2285/2901/2285
f 2297/2913/2297 2296/2912/2296 2298/2914/2298 2299/2915/2299
f 2297/2913/2297 2299/2915/2299 2300/2916/2300 2301/2917/2301
f 2297/2913/2297 2301/2917/2301 2281/2897/2281 2280/2896/2280
f 2301/2917/2301 2300/2916/2300 2302/2918/2302 2303/2919/2303
f 2301/2917/2301 2303/2919/2303 2282/2898/2282 2281/2897/2281
f 2303/2919/2303 2302/2918/2302 2304/2920/2304 2305/2921/2305
f 2303/2919/2303 2305/2921/2305 2306/2922/2306 2282/2898/2282
f 2306/2922/2306 2305/2921/2305 2307/2923/2307 2308/2924/2308
f 2306/2922/2306 2308/2924/2308 2309/2925/2309 2275/2891/2275
f 2306/2922/2306 2275/2891/2275 2274/2890/2274 2282/2898/2282
f 2309/2925/2309 2308/2924/2308 2310/2926/2310 2311/2927/2311
f 2309/2925/2309 2311/2927/2311 2312/2928/2312 2270/2886/2270
f 2309/2925/2309 2270/2886/2270 2269/2885/2269 2275/2891/2275
f 2312/2928/2312 2311/2927/2311 2313/2929/2313 2314/2930/2314
f 2312/2928/2312 2314/2930/2314 2315/2931/2315 2265/2881/2265
f 2312/2928/2312 2265/2881/2265 2264/2880/2264 2270/2886/2270
f 2315/2931/2315 2314/2930/2314 2316/2932/2316 2317/2933/2317
f 2315/2931/2315 2317/2933/2317 2318/2934/2318 2260/2876/2260
f 2315/2931/2315 2260/2876/2260 2259/2875/2259 2265/2881/2265
f 2318/2934/2318 2317/2933/2317 2319/2935/2319 2320/2936/2320
f 2318/2934/2318 2320/2936/2320 2321/2937/2321 2255/2871/2255
f 2318/2934/2318 2255/2871/2255 2254/2870/2254 2260/2876/2260
f 2321/2937/2321 2320/2936/2320 2322/2938/2322 2323/2939/2323
f 2321/2937/2321 2323/2939/2323 2324/2940/2324 2250/2866/2250
f 2321/2937/2321 2250/2866/2250 2249/2865/2249 2255/2871/2255
f 2324/2940/2324 2323/2939/2323 2325/2941/2325 2326/2942/2326
f 2324/2940/2324 2326/2942/2326 2327/2943/2327 2245/2861/2245
f 2324/2940/2324 2245/2861/2245 2244/2860/2244 2250/2866/2250
f 2327/2943/2327 2326/2942/2326 2328/2944/2328 2329/2945/2329
f 2327/2943/2327 2329/2945/2329 2330/2946/2330 2241/2857/2241
f 2327/2943/2327 2241/2857/2241 2240/2856/2240 2245/2861/2245
f 2330/2946/2330 2329/2945/2329 2331/2947/2331 2332/2948/2332
f 2330/2946/2330 2332/2948/2332 2333/2949/2333 2237/2853/2237
f 2330/2946/2330 2237/2853/2237 2236/2852/2236 2241/2857/2241
f 2333/2949/2333 2332/2948/2332 2334/2950/2334 2335/2951/2335
f 2333/2949/2333 2335/2951/2335 2336/2952/2336 2233/2849/2233
f 2333/2949/2333 2233/2849/2233 2232/2848/2232 2237/2853/2237
f 2336/2952/2336 2335/2951/2335 2337/2953/2337 1035/1342/1005
f 2336/2952/2336 1035/1342/1005 1024/1341/994 2338/2954/2338
f 2336/2952/2336 2338/2954/2338 2234/2850/2234 2233/2849/2233
f 2338/2954/2338 1024/1341/994 163/2955/993 1031/2956/1001
f 2338/2954/2338 1031/2956/1001 2227/2843/2227 2234/2850/2234
f 2337/2953/2337 2339/2957/2339 2340/2958/2340 2341/2959/2341
f 2337/2953/2337 2341/2959/2341 1027/1333/997 1035/1342/1005
f 2337/2953/2337 2335/2951/2335 2334/2950/2334 2339/2957/2339
f 2341/2959/2341 2340/2958/2340 2342/2960/2342 2343/2961/2343
f 2341/2959/2341 2343/2961/2343 1028/1334/998 1027/1333/997
f 2343/2961/2343 2342/2960/2342 2344/2962/2344 2345/2963/2345
f 2343/2964/2343 2345/2965/2345 2346/2966/2346 1028/2967/998
f 2346/2966/2346 2345/2965/2345 2347/2968/2347 2348/2969/2348
f 2346/2966/2346 2348/2969/2348 2349/2970/2349 2350/2971/2350
f 2346/2972/2346 2350/2973/2350 1025/1330/995 1028/1334/998
f 2350/2971/2350 2349/2970/2349 2351/2974/2351 2352/2975/2352
f 2350/2973/2350 2352/2976/2352 1026/1331/996 1025/1330/995
f 2352/2976/2352 2351/2977/2351 2353/2978/2353 1159/1546/1151
f 2352/2976/2352 1159/1546/1151 1158/1545/1150 1026/1331/996
f 2353/2979/2353 2351/2974/2351 2354/2980/2354 2355/2981/2355
f 2353/2979/2353 2355/2981/2355 2356/2982/2356 2357/2983/2357
f 2353/2978/2353 2357/2984/2357 1156/1543/1148 1159/1546/1151
f 2357/2983/2357 2356/2982/2356 2358/2985/2358 2359/2986/2359
f 2357/2984/2357 2359/2987/2359 1157/1544/1149 1156/1543/1148
f 2359/2986/2359 2358/2985/2358 1111/2988/1095 809/2989/739
f 2359/2990/2359 809/981/739 781/939/704 1157/2991/1149
f 2358/2985/2358 2356/2982/2356 2360/2992/2360 2361/2993/2361
f 2358/2985/2358 2361/2993/2361 2362/2994/2362 1111/2988/1095
f 2362/2994/2362 2361/2993/2361 2363/2995/2363 309/2996/130
f 2362/2997/2362 309/192/130 242/68/50 241/67/49
f 2362/2997/2362 241/67/49 808/980/738 1111/1473/1095
f 2363/2995/2363 2361/2993/2361 2360/2992/2360 2364/2998/2364
f 2363/2995/2363 2364/2998/2364 2365/2999/2365 2366/3000/2366
f 2363/2995/2363 2366/3000/2366 307/3001/128 309/2996/130
f 2366/3000/2366 2365/2999/2365 2367/3002/2367 2368/3003/2368
f 2366/3000/2366 2368/3003/2368 308/3004/129 307/3001/128
f 2368/3003/2368 2367/3002/2367 2369/3005/2369 2370/3006/2370
f 2368/3003/2368 2370/3006/2370 2371/3007/2371 308/3004/129
f 2371/3007/2371 2370/3006/2370 2372/3008/2372 2373/3009/2373
f 2371/3010/2371 2373/3011/2373 2374/3012/2374 2375/3013/2375
f 2371/3010/2371 2375/3013/2375 305/188/126 308/191/129
f 2375/3013/2375 2374/3012/2374 2376/3014/2376 2377/3015/2377
f 2375/3013/2375 2377/3015/2377 306/189/127 305/188/126
f 2377/3015/2377 2376/3014/2376 2378/3016/2378 2379/3017/2379
f 2377/3015/2377 2379/3017/2379 2380/3018/2380 306/189/127
f 2380/3018/2380 245/78/55 10/77/53 306/189/127
f 2380/3018/2380 2379/3017/2379 252/3019/64 2381/3020/2381
f 2380/3018/2380 2381/3020/2381 2382/3021/2382 245/78/55
f 2382/3021/2382 2383/3022/2383 246/79/56 245/78/55
f 2382/3023/2382 2381/3024/2381 2384/3025/2384 269/125/83
f 2382/3023/2382 269/125/83 268/124/82 2383/3026/2383
f 2384/3025/2384 2381/3024/2381 252/95/64 251/94/63
f 2384/3025/2384 251/94/63 250/3027/62 2385/3028/2385
f 2384/3025/2384 2385/3028/2385 265/126/79 269/125/83
f 2385/3029/2385 250/91/62 2386/3030/2386 266/3031/80
f 2385/3029/2385 266/3031/80 13/115/58 265/118/79
f 2386/3030/2386 250/91/62 249/90/61 2387/3032/2387
f 2386/3033/2386 2387/3034/2387 2388/3035/2388 2389/3036/2389
f 2386/3033/2386 2389/3036/2389 267/121/81 266/120/80
f 2389/3037/2389 2388/3038/2388 2390/3039/2390 2391/3040/2391
f 2389/3037/2389 2391/3040/2391 2392/3041/2392 267/3042/81
f 2392/3041/2392 271/131/86 264/112/77 267/3042/81
f 2392/3041/2392 2391/3040/2391 2393/3043/2393 2394/3044/2394
f 2392/3041/2392 2394/3044/2394 354/254/184 271/131/86
f 2394/3044/2394 2393/3043/2393 2395/3045/2395 2396/3046/2396
f 2394/3044/2394 2396/3046/2396 2397/3047/2397 354/254/184
f 2397/3047/2397 2398/3048/2398 355/255/185 354/254/184
f 2397/3047/2397 2396/3046/2396 2399/3049/2399 2400/3050/2400
f 2397/3047/2397 2400/3050/2400 2401/3051/2401 2398/3048/2398
f 2401/3051/2401 2402/3052/2402 2403/3053/2403 2398/3048/2398
f 2401/3051/2401 2400/3050/2400 2404/3054/2404 2405/3055/2405
f 2401/3051/2401 2405/3055/2405 2406/3056/2406 2402/3052/2402
f 2406/3056/2406 2405/3055/2405 2407/3057/2407 2408/3058/2408
f 2406/3056/2406 2408/3058/2408 2409/3059/2409 2410/3060/2410
f 2406/3056/2406 2410/3060/2410 2411/3061/2411 2402/3052/2402
f 2411/3061/2411 2412/3062/2412 2403/3053/2403 2402/3052/2402
f 2411/3061/2411 2410/3060/2410 2413/3063/2413 2414/3064/2414
f 2411/3061/2411 2414/3064/2414 2415/3065/2415 2412/3062/2412
f 2415/3065/2415 2416/3066/2416 790/953/718 789/952/717
f 2415/3065/2415 789/952/717 794/957/722 2412/3062/2412
f 2415/3065/2415 2414/3064/2414 2417/3067/2417 2416/3066/2416
f 2417/3067/2417 2414/3064/2414 2413/3063/2413 2418/3068/2418
f 2417/3067/2417 2418/3068/2418 2419/3069/2419 2420/3070/2420
f 2417/3067/2417 2420/3070/2420 2421/3071/2421 2416/3066/2416
f 2421/3071/2421 2422/3072/2422 790/953/718 2416/3066/2416
f 2421/3071/2421 2420/3070/2420 2423/3073/2423 2424/3074/2424
f 2421/3071/2421 2424/3074/2424 2425/3075/2425 2422/3072/2422
f 2425/3075/2425 2426/3076/2426 2427/3077/2427 2422/3072/2422
f 2425/3075/2425 2424/3074/2424 2428/3078/2428 2429/3079/2429
f 2425/3075/2425 2429/3079/2429 1160/1550/1152 2426/3076/2426
f 2429/3079/2429 2428/3078/2428 2430/3080/2430 413/346/264
f 2429/3079/2429 413/346/264 412/345/263 1160/1550/1152
f 2430/3080/2430 2428/3078/2428 2431/3081/2431 2432/3082/2432
f 2430/3080/2430 2432/3082/2432 798/965/726 800/968/728
f 2430/3080/2430 800/968/728 414/347/265 413/346/264
f 2432/3082/2432 2431/3081/2431 2433/3083/2433 2434/3084/2434
f 2432/3082/2432 2434/3084/2434 799/966/727 798/965/726
f 2434/3084/2434 2433/3083/2433 2435/3085/2435 2436/3086/2436
f 2434/3084/2434 2436/3086/2436 2437/3087/2437 799/966/727
f 2437/3087/2437 2436/3086/2436 2438/3088/2438 2439/3089/2439
f 2437/3087/2437 2439/3089/2439 2440/3090/2440 2441/3091/2441
f 2437/3087/2437 2441/3091/2441 795/967/723 799/966/727
f 2441/3092/2441 2440/3093/2440 776/933/698 775/932/697
f 2441/3092/2441 775/932/697 774/931/696 795/959/723
f 2438/3088/2438 2436/3086/2436 2435/3085/2435 2442/3094/2442
f 2442/3095/2442 2435/3096/2435 2443/3097/2443 2444/3098/2444
f 2444/3099/2444 2443/3100/2443 2445/3101/2445 2446/3102/2446
f 2446/3103/2446 2445/3104/2445 2447/3105/2447 2448/3106/2448
f 2448/3106/2448 2447/3105/2447 2449/3107/2449 2450/3108/2450
f 2450/3108/2450 2449/3107/2449 2409/3109/2409 2451/3110/2451
f 2451/3110/2451 2409/3109/2409 2408/3111/2408 2452/3112/2452
f 2452/3112/2452 2408/3111/2408 2407/3113/2407 2453/3114/2453
f 2453/3115/2453 2407/3057/2407 2454/3116/2454 2455/3117/2455
f 2455/3117/2455 2454/3116/2454 2456/3118/2456 2457/3119/2457
f 2457/3119/2457 2456/3118/2456 2458/3120/2458 2459/3121/2459
f 2459/3121/2459 2458/3120/2458 2460/3122/2460 2461/3123/2461
f 2461/3123/2461 2460/3122/2460 2462/3124/2462 2463/3125/2463
f 2463/3126/2463 2462/3127/2462 1194/3128/1192 2464/3129/2464
f 2464/3129/2464 1194/3128/1192 1191/3130/1189 2465/3131/2465
f 2465/3131/2465 1191/3130/1189 1108/3132/1092 2466/3133/2466
f 2466/3133/2466 1108/3132/1092 1107/1574/1091 1171/1573/1165
f 2462/3124/2462 2460/3122/2460 2467/3134/2467 2468/3135/2468
f 2462/3124/2462 2468/3135/2468 1192/1600/1190 1194/1602/1192
f 2468/3135/2468 2467/3134/2467 2469/3136/2469 2470/3137/2470
f 2468/3135/2468 2470/3137/2470 1193/1601/1191 1192/1600/1190
f 2470/3137/2470 2469/3136/2469 2471/3138/2471 2472/3139/2472
f 2470/3137/2470 2472/3139/2472 2473/3140/2473 1193/1601/1191
f 2473/3140/2473 1190/1598/1188 1189/1597/1187 1193/1601/1191
f 2473/3140/2473 2472/3139/2472 2474/3141/2474 2475/3142/2475
f 2473/3140/2473 2475/3142/2475 2476/3143/2476 1190/1598/1188
f 2476/3143/2476 2477/3144/2477 1186/1593/1183 1190/1598/1188
f 2476/3143/2476 2475/3142/2475 258/110/71 263/109/76
f 2476/3143/2476 263/109/76 1200/3145/1199 2477/3144/2477
f 2477/3144/2477 2478/3146/2478 1187/1594/1184 1186/1593/1183
f 2477/3144/2477 1200/3145/1199 1197/1606/1196 2478/3146/2478
f 2478/3146/2478 2479/3147/2479 2480/3148/2480 1187/1594/1184
f 2478/3146/2478 1197/1606/1196 1196/1605/1195 2479/3147/2479
f 2480/3148/2480 2481/3149/2481 1103/1464/1086 1110/1472/1094
f 2480/3148/2480 1110/1472/1094 1188/1595/1185 1187/1594/1184
f 2480/3148/2480 2479/3147/2479 2482/3150/2482 2481/3149/2481
f 2482/3150/2482 2479/3147/2479 1196/1605/1195 2483/3151/2483
f 2482/3152/2482 2483/3153/2483 974/1250/931 973/1249/930
f 2482/3152/2482 973/1249/930 976/1254/934 2481/3154/2481
f 2483/3151/2483 1196/1605/1195 1195/1604/1194 2484/3155/2484
f 2483/3156/2483 2484/3157/2484 975/1252/932 974/1251/931
f 2484/3158/2484 2485/3159/2485 2486/3160/2486 975/3161/932
f 2484/3155/2484 1195/1604/1194 1199/1608/1198 2485/3162/2485
f 2486/3163/2486 2487/3164/2487 2488/3165/2488 2489/3166/2489
f 2486/3167/2486 2489/3168/2489 969/1243/926 975/1252/932
f 2486/3169/2486 2485/3162/2485 2490/3170/2490 2487/3171/2487
f 2490/3170/2490 2491/3172/2491 2492/3173/2492 2487/3171/2487
f 2490/3170/2490 2485/3162/2485 1199/1608/1198 2493/3174/2493
f 2490/3170/2490 2493/3174/2493 261/3175/74 2491/3172/2491
f 2493/3174/2493 1199/1608/1198 1198/1607/1197 262/108/75
f 2493/3174/2493 262/108/75 12/107/67 261/3175/74
f 2492/3176/2492 2494/3177/2494 2495/3178/2495 2496/3179/2496
f 2492/3176/2492 2496/3179/2496 2488/3165/2488 2487/3164/2487
f 2492/3173/2492 2491/3172/2491 2497/3180/2497 2494/3181/2494
f 2497/3182/2497 2498/3183/2498 2499/3184/2499 2494/3177/2494
f 2497/3180/2497 2491/3172/2491 261/3175/74 260/3185/73
f 2497/3182/2497 260/3186/73 2500/3187/2500 2498/3183/2498
f 2500/3188/2500 2376/3014/2376 2374/3012/2374 2498/3189/2498
f 2500/3187/2500 260/3186/73 257/3190/70 2501/3191/2501
f 2500/3188/2500 2501/3192/2501 2378/3016/2378 2376/3014/2376
f 2501/3191/2501 257/3190/70 256/3193/69 254/3194/66
f 2501/3195/2501 254/3196/66 253/3197/65 2378/3198/2378
f 2499/3184/2499 2373/3009/2373 2372/3008/2372 2502/3199/2502
f 2499/3184/2499 2502/3199/2502 2495/3178/2495 2494/3177/2494
f 2499/3200/2499 2498/3189/2498 2374/3012/2374 2373/3011/2373
f 2502/3199/2502 2372/3008/2372 2503/3201/2503 2504/3202/2504
f 2502/3199/2502 2504/3202/2504 2505/3203/2505 2495/3178/2495
f 2505/3203/2505 2504/3202/2504 2506/3204/2506 2507/3205/2507
f 2505/3203/2505 2507/3205/2507 2508/3206/2508 2509/3207/2509
f 2505/3203/2505 2509/3207/2509 2496/3179/2496 2495/3178/2495
f 2509/3207/2509 2508/3206/2508 2510/3208/2510 2511/3209/2511
f 2509/3207/2509 2511/3209/2511 2488/3165/2488 2496/3179/2496
f 2511/3209/2511 2510/3208/2510 2512/3210/2512 2513/3211/2513
f 2511/3209/2511 2513/3211/2513 2489/3166/2489 2488/3165/2488
f 2513/3212/2513 2512/3213/2512 856/1053/791 970/1244/927
f 2513/3212/2513 970/1244/927 969/1243/926 2489/3168/2489
f 2512/3210/2512 2510/3208/2510 2514/3214/2514 2515/3215/2515
f 2512/3213/2512 2515/3216/2515 857/1054/792 856/1053/791
f 2515/3215/2515 2514/3214/2514 2516/3217/2516 2517/3218/2517
f 2515/3219/2515 2517/3220/2517 2518/3221/2518 857/3222/792
f 2518/3223/2518 2517/3218/2517 2519/3224/2519 2520/3225/2520
f 2518/3226/2518 2520/3227/2520 2521/3228/2521 2522/3229/2522
f 2518/3226/2518 2522/3229/2522 126/1028/773 857/1054/792
f 2522/3229/2522 2521/3228/2521 851/1045/786 850/1044/785
f 2522/3229/2522 850/1044/785 843/1031/776 126/1028/773
f 2521/3228/2521 2520/3227/2520 2523/3230/2523 2524/3231/2524
f 2521/3228/2521 2524/3231/2524 2525/3232/2525 851/1045/786
f 2525/3232/2525 2524/3231/2524 2526/3233/2526 2527/3234/2527
f 2525/3232/2525 2527/3234/2527 2528/3235/2528 2529/3236/2529
f 2525/3232/2525 2529/3236/2529 852/1046/787 851/1045/786
f 2529/3236/2529 2528/3235/2528 1202/1615/1202 1201/1614/1201
f 2529/3236/2529 1201/1614/1201 853/1047/788 852/1046/787
f 2528/3235/2528 2527/3234/2527 2530/3237/2530 2531/3238/2531
f 2528/3235/2528 2531/3238/2531 2532/3239/2532 1202/1615/1202
f 2532/3239/2532 2533/3240/2533 2534/3241/2534 2535/3242/2535
f 2532/3239/2532 2535/3242/2535 1203/1616/1203 1202/1615/1202
f 2532/3239/2532 2531/3238/2531 2536/3243/2536 2533/3240/2533
f 2536/3243/2536 2537/3244/2537 2538/3245/2538 2533/3240/2533
f 2536/3243/2536 2531/3238/2531 2530/3237/2530 2539/3246/2539
f 2536/3243/2536 2539/3246/2539 2540/3247/2540 2537/3244/2537
f 2540/3247/2540 2541/3248/2541 2542/3249/2542 2543/3250/2543
f 2540/3247/2540 2543/3250/2543 2544/3251/2544 2537/3244/2537
f 2540/3247/2540 2539/3246/2539 2545/3252/2545 2541/3248/2541
f 2545/3252/2545 2546/3253/2546 2547/3254/2547 2541/3248/2541
f 2545/3252/2545 2539/3246/2539 2530/3237/2530 2548/3255/2548
f 2545/3252/2545 2548/3255/2548 2549/3256/2549 2546/3253/2546
f 2549/3256/2549 2550/3257/2550 2551/3258/2551 2546/3253/2546
f 2549/3256/2549 2548/3255/2548 2526/3233/2526 2552/3259/2552
f 2549/3260/2549 2552/3261/2552 2553/3262/2553 2550/3263/2550
f 2553/3262/2553 2554/3264/2554 2555/3265/2555 2550/3263/2550
f 2553/3262/2553 2552/3261/2552 2523/3266/2523 2556/3267/2556
f 2553/3262/2553 2556/3267/2556 2557/3268/2557 2554/3264/2554
f 2557/3268/2557 2558/3269/2558 2559/3270/2559 2554/3264/2554
f 2557/3268/2557 2556/3267/2556 2519/3224/2519 2560/3271/2560
f 2557/3268/2557 2560/3271/2560 2561/3272/2561 2558/3269/2558
f 2561/3272/2561 2562/3273/2562 2563/3274/2563 2558/3269/2558
f 2561/3272/2561 2560/3271/2560 2516/3217/2516 2564/3275/2564
f 2561/3272/2561 2564/3275/2564 2565/3276/2565 2562/3273/2562
f 2565/3276/2565 2566/3277/2566 2567/3278/2567 2562/3273/2562
f 2565/3276/2565 2564/3275/2564 2568/3279/2568 2569/3280/2569
f 2565/3276/2565 2569/3280/2569 2570/3281/2570 2566/3277/2566
f 2570/3281/2570 2571/3282/2571 2572/3283/2572 2566/3277/2566
f 2570/3281/2570 2569/3280/2569 2507/3205/2507 2506/3204/2506
f 2570/3281/2570 2506/3204/2506 2573/3284/2573 2571/3282/2571
f 2573/3284/2573 2574/3285/2574 2575/3286/2575 2571/3282/2571
f 2573/3284/2573 2506/3204/2506 2504/3202/2504 2503/3201/2503
f 2573/3284/2573 2503/3201/2503 2369/3005/2369 2574/3285/2574
f 2575/3286/2575 2576/3287/2576 2577/3288/2577 2578/3289/2578
f 2575/3286/2575 2578/3289/2578 2572/3283/2572 2571/3282/2571
f 2575/3286/2575 2574/3285/2574 2579/3290/2579 2576/3287/2576
f 2579/3290/2579 2580/3291/2580 2581/3292/2581 2576/3287/2576
f 2579/3290/2579 2574/3285/2574 2369/3005/2369 2367/3002/2367
f 2579/3290/2579 2367/3002/2367 2365/2999/2365 2580/3291/2580
f 2581/3292/2581 2582/3293/2582 2583/3294/2583 2584/3295/2584
f 2581/3292/2581 2584/3295/2584 2577/3288/2577 2576/3287/2576
f 2581/3292/2581 2580/3291/2580 2585/3296/2585 2582/3293/2582
f 2585/3296/2585 2586/3297/2586 2587/3298/2587 2582/3293/2582
f 2585/3296/2585 2580/3291/2580 2365/2999/2365 2364/2998/2364
f 2585/3296/2585 2364/2998/2364 2360/2992/2360 2586/3297/2586
f 2587/3298/2587 2354/2980/2354 2588/3299/2588 2589/3300/2589
f 2587/3298/2587 2589/3300/2589 2583/3294/2583 2582/3293/2582
f 2587/3298/2587 2586/3297/2586 2355/2981/2355 2354/2980/2354
f 2589/3300/2589 2588/3299/2588 2590/3301/2590 2591/3302/2591
f 2589/3300/2589 2591/3302/2591 2592/3303/2592 2583/3294/2583
f 2592/3303/2592 2591/3302/2591 2593/3304/2593 2594/3305/2594
f 2592/3303/2592 2594/3305/2594 2595/3306/2595 2596/3307/2596
f 2592/3303/2592 2596/3307/2596 2584/3295/2584 2583/3294/2583
f 2596/3307/2596 2595/3306/2595 2597/3308/2597 2598/3309/2598
f 2596/3307/2596 2598/3309/2598 2577/3288/2577 2584/3295/2584
f 2598/3309/2598 2597/3308/2597 2599/3310/2599 2600/3311/2600
f 2598/3309/2598 2600/3311/2600 2578/3289/2578 2577/3288/2577
f 2600/3311/2600 2599/3310/2599 2601/3312/2601 2602/3313/2602
f 2600/3311/2600 2602/3313/2602 2572/3283/2572 2578/3289/2578
f 2602/3313/2602 2601/3312/2601 2603/3314/2603 2567/3278/2567
f 2602/3313/2602 2567/3278/2567 2566/3277/2566 2572/3283/2572
f 2603/3314/2603 2601/3312/2601 2604/3315/2604 2605/3316/2605
f 2603/3314/2603 2605/3316/2605 2606/3317/2606 2563/3274/2563
f 2603/3314/2603 2563/3274/2563 2562/3273/2562 2567/3278/2567
f 2606/3317/2606 2605/3316/2605 2607/3318/2607 2608/3319/2608
f 2606/3317/2606 2608/3319/2608 2609/3320/2609 2559/3270/2559
f 2606/3317/2606 2559/3270/2559 2558/3269/2558 2563/3274/2563
f 2609/3320/2609 2608/3319/2608 2610/3321/2610 2611/3322/2611
f 2609/3320/2609 2611/3322/2611 2612/3323/2612 2555/3265/2555
f 2609/3320/2609 2555/3265/2555 2554/3264/2554 2559/3270/2559
f 2612/3323/2612 2611/3322/2611 2613/3324/2613 2614/3325/2614
f 2612/3323/2612 2614/3325/2614 2615/3326/2615 2551/3327/2551
f 2612/3323/2612 2551/3327/2551 2550/3263/2550 2555/3265/2555
f 2615/3326/2615 2614/3325/2614 2616/3328/2616 2617/3329/2617
f 2615/3326/2615 2617/3329/2617 2618/3330/2618 2547/3331/2547
f 2615/3326/2615 2547/3331/2547 2546/3332/2546 2551/3327/2551
f 2618/3330/2618 2617/3329/2617 2619/3333/2619 2620/3334/2620
f 2618/3335/2618 2620/3336/2620 2621/3337/2621 2542/3249/2542
f 2618/3335/2618 2542/3249/2542 2541/3248/2541 2547/3254/2547
f 2621/3337/2621 2620/3336/2620 2622/3338/2622 2623/3339/2623
f 2621/3337/2621 2623/3339/2623 2624/3340/2624 2625/3341/2625
f 2621/3337/2621 2625/3341/2625 2543/3250/2543 2542/3249/2542
f 2625/3341/2625 2624/3340/2624 2626/3342/2626 2627/3343/2627
f 2625/3341/2625 2627/3343/2627 2544/3251/2544 2543/3250/2543
f 2627/3343/2627 2626/3342/2626 2628/3344/2628 2629/3345/2629
f 2627/3343/2627 2629/3345/2629 2630/3346/2630 2544/3251/2544
f 2630/3346/2630 2629/3345/2629 2631/3347/2631 2632/3348/2632
f 2630/3346/2630 2632/3348/2632 2633/3349/2633 2538/3245/2538
f 2630/3346/2630 2538/3245/2538 2537/3244/2537 2544/3251/2544
f 2633/3349/2633 2632/3348/2632 2634/3350/2634 2635/3351/2635
f 2633/3349/2633 2635/3351/2635 2636/3352/2636 2534/3241/2534
f 2633/3349/2633 2534/3241/2534 2533/3240/2533 2538/3245/2538
f 2636/3352/2636 2635/3351/2635 2637/3353/2637 2638/3354/2638
f 2636/3352/2636 2638/3354/2638 2639/3355/2639 2640/3356/2640
f 2636/3352/2636 2640/3356/2640 2535/3242/2535 2534/3241/2534
f 2640/3356/2640 2639/3355/2639 2641/3357/2641 1208/1621/1208
f 2640/3356/2640 1208/1621/1208 1203/1616/1203 2535/3242/2535
f 2641/3357/2641 2639/3355/2639 2642/3358/2642 2643/3359/2643
f 2641/3357/2641 2643/3359/2643 2644/3360/2644 2645/3361/2645
f 2641/3357/2641 2645/3361/2645 1204/1617/1204 1208/1621/1208
f 2645/3361/2645 2644/3360/2644 2646/3362/2646 2647/3363/2647
f 2645/3361/2645 2647/3363/2647 1205/1618/1205 1204/1617/1204
f 2647/3363/2647 2646/3362/2646 2648/3364/2648 2649/3365/2649
f 2647/3363/2647 2649/3365/2649 2650/3366/2650 1205/1618/1205
f 2650/3366/2650 2649/3365/2649 2651/3367/2651 2652/3368/2652
f 2650/3366/2650 2652/3368/2652 2653/3369/2653 2654/3370/2654
f 2650/3366/2650 2654/3370/2654 1206/1619/1206 1205/1618/1205
f 2654/3370/2654 2653/3369/2653 2655/3371/2655 2656/3372/2656
f 2654/3370/2654 2656/3372/2656 2657/3373/2657 1206/1619/1206
f 2657/3373/2657 1207/1620/1207 198/1613/1200 1206/1619/1206
f 2657/3373/2657 2656/3372/2656 2658/3374/2658 2659/3375/2659
f 2657/3373/2657 2659/3375/2659 2660/3376/2660 1207/1620/1207
f 2660/3376/2660 849/1043/784 853/1047/788 1207/1620/1207
f 2660/3376/2660 2659/3375/2659 2661/3377/2661 2662/3378/2662
f 2660/3376/2660 2662/3378/2662 124/1040/777 849/1043/784
f 2662/3378/2662 2661/3377/2661 2663/3379/2663 2664/3380/2664
f 2662/3381/2662 2664/3382/2664 844/1033/778 124/1032/777
f 2664/3382/2664 2663/3383/2663 2665/3384/2665 2666/3385/2666
f 2664/3382/2664 2666/3385/2666 2667/3386/2667 844/1033/778
f 2667/3386/2667 2668/3387/2668 845/1034/779 844/1033/778
f 2667/3386/2667 2666/3385/2666 2669/3388/2669 2670/3389/2670
f 2667/3386/2667 2670/3389/2670 2671/3390/2671 2668/3387/2668
f 2671/3390/2671 2672/3391/2672 2673/3392/2673 2668/3387/2668
f 2671/3390/2671 2670/3389/2670 2674/3393/2674 2675/3394/2675
f 2671/3390/2671 2675/3394/2675 2676/3395/2676 2672/3391/2672
f 2676/3395/2676 2677/3396/2677 2678/3397/2678 2672/3391/2672
f 2676/3398/2676 2675/3399/2675 2679/3400/2679 2680/3401/2680
f 2676/3398/2676 2680/3401/2680 2681/3402/2681 2677/3403/2677
f 2681/3404/2681 2682/3405/2682 2683/3406/2683 2677/3407/2677
f 2681/3402/2681 2680/3401/2680 2684/3408/2684 2685/3409/2685
f 2681/3402/2681 2685/3409/2685 2686/3410/2686 2682/3411/2682
f 2686/3410/2686 2687/3412/2687 2688/3413/2688 2682/3411/2682
f 2686/3410/2686 2685/3409/2685 2689/3414/2689 2690/3415/2690
f 2686/3410/2686 2690/3415/2690 2691/3416/2691 2687/3412/2687
f 2691/3416/2691 2690/3415/2690 2692/3417/2692 2693/3418/2693
f 2691/3416/2691 2693/3418/2693 2694/3419/2694 2695/3420/2695
f 2691/3416/2691 2695/3420/2695 2696/3421/2696 2687/3412/2687
f 2696/3421/2696 2695/3420/2695 2697/3422/2697 2698/3423/2698
f 2696/3421/2696 2698/3423/2698 2699/3424/2699 2700/3425/2700
f 2696/3421/2696 2700/3425/2700 2688/3413/2688 2687/3412/2687
f 2700/3426/2700 2699/3427/2699 2701/3428/2701 2702/3429/2702
f 2700/3426/2700 2702/3429/2702 2703/3430/2703 2688/3431/2688
f 2703/3430/2703 2704/3432/2704 2705/3433/2705 2683/3406/2683
f 2703/3430/2703 2683/3406/2683 2682/3405/2682 2688/3431/2688
f 2703/3430/2703 2702/3429/2702 2706/3434/2706 2704/3432/2704
f 2706/3434/2706 2707/3435/2707 2708/3436/2708 2704/3432/2704
f 2706/3434/2706 2702/3429/2702 2701/3428/2701 2709/3437/2709
f 2706/3434/2706 2709/3437/2709 2710/3438/2710 2707/3435/2707
f 2710/3438/2710 2711/3439/2711 2712/3440/2712 2707/3435/2707
f 2710/3438/2710 2709/3437/2709 2713/3441/2713 2714/3442/2714
f 2710/3443/2710 2714/3444/2714 2715/3445/2715 2711/3446/2711
f 2715/3445/2715 2716/3447/2716 2717/3448/2717 2711/3446/2711
f 2715/3445/2715 2714/3444/2714 2718/3449/2718 2719/3450/2719
f 2715/3445/2715 2719/3450/2719 2720/3451/2720 2716/3447/2716
f 2720/3451/2720 2721/3452/2721 2722/3453/2722 2716/3447/2716
f 2720/3451/2720 2719/3450/2719 2723/3454/2723 2724/3455/2724
f 2720/3451/2720 2724/3455/2724 2725/3456/2725 2721/3452/2721
f 2725/3456/2725 2726/3457/2726 2727/3458/2727 2721/3452/2721
f 2725/3456/2725 2724/3455/2724 2728/3459/2728 2729/3460/2729
f 2725/3456/2725 2729/3460/2729 2730/3461/2730 2726/3457/2726
f 2730/3461/2730 2729/3460/2729 2731/3462/2731 628/694/518
f 2730/3461/2730 628/694/518 620/681/509 2732/3463/2732
f 2730/3461/2730 2732/3463/2732 2733/3464/2733 2726/3457/2726
f 2733/3464/2733 718/838/627 715/834/624 2734/3465/2734
f 2733/3464/2733 2734/3465/2734 2727/3458/2727 2726/3457/2726
f 2733/3464/2733 2732/3463/2732 2735/3466/2735 718/838/627
f 2735/3466/2735 724/846/634 716/835/625 718/838/627
f 2735/3466/2735 2732/3463/2732 620/681/509 619/680/508
f 2735/3466/2735 619/680/508 618/3467/507 724/846/634
f 2734/3465/2734 715/834/624 714/833/623 2736/3468/2736
f 2734/3465/2734 2736/3468/2736 2737/3469/2737 2727/3458/2727
f 2737/3469/2737 2736/3468/2736 2738/3470/2738 2739/3471/2739
f 2737/3469/2737 2739/3471/2739 2740/3472/2740 2722/3453/2722
f 2737/3469/2737 2722/3453/2722 2721/3452/2721 2727/3458/2727
f 2740/3472/2740 2739/3471/2739 2741/3473/2741 2742/3474/2742
f 2740/3472/2740 2742/3474/2742 2743/3475/2743 2717/3448/2717
f 2740/3472/2740 2717/3448/2717 2716/3447/2716 2722/3453/2722
f 2743/3475/2743 2742/3474/2742 2744/3476/2744 2745/3477/2745
f 2743/3475/2743 2745/3477/2745 2746/3478/2746 2712/3479/2712
f 2743/3475/2743 2712/3479/2712 2711/3446/2711 2717/3448/2717
f 2746/3478/2746 2745/3477/2745 2747/3480/2747 2748/3481/2748
f 2746/3482/2746 2748/3483/2748 2749/3484/2749 2708/3436/2708
f 2746/3482/2746 2708/3436/2708 2707/3435/2707 2712/3440/2712
f 2749/3484/2749 2748/3483/2748 2750/3485/2750 2751/3486/2751
f 2749/3484/2749 2751/3486/2751 2678/3487/2678 2705/3433/2705
f 2749/3484/2749 2705/3433/2705 2704/3432/2704 2708/3436/2708
f 2751/3488/2751 2750/3489/2750 2752/3490/2752 2673/3392/2673
f 2751/3488/2751 2673/3392/2673 2672/3391/2672 2678/3397/2678
f 2752/3491/2752 2750/3492/2750 2753/3493/2753 2754/3494/2754
f 2752/3490/2752 2754/3495/2754 846/1035/780 845/1034/779
f 2752/3490/2752 845/1034/779 2668/3387/2668 2673/3392/2673
f 2754/3494/2754 2753/3493/2753 2755/3496/2755 2756/3497/2756
f 2754/3494/2754 2756/3497/2756 847/1038/781 846/1037/780
f 2756/3497/2756 2755/3496/2755 2757/3498/2757 2758/3499/2758
f 2756/3497/2756 2758/3499/2758 2759/3500/2759 847/1038/781
f 2759/3500/2759 2758/3499/2758 2760/3501/2760 2761/3502/2761
f 2759/3500/2759 2761/3502/2761 2762/3503/2762 854/3504/789
f 2759/3500/2759 854/3504/789 848/1039/782 847/1038/781
f 2762/3503/2762 2761/3502/2761 2763/3505/2763 2764/3506/2764
f 2762/3507/2762 2764/3508/2764 2765/3509/2765 2766/3510/2766
f 2762/3507/2762 2766/3510/2766 855/1051/790 854/1050/789
f 2766/3510/2766 2765/3509/2765 842/3511/775 841/3512/774
f 2766/3510/2766 841/3512/774 843/3513/776 855/1051/790
f 2765/3509/2765 2764/3508/2764 2767/3514/2767 2768/3515/2768
f 2765/3509/2765 2768/3515/2768 2769/3516/2769 842/3511/775
f 2769/3516/2769 968/3517/924 839/3518/771 842/3511/775
f 2769/3516/2769 2768/3515/2768 980/1259/939 977/1256/936
f 2769/3516/2769 977/1256/936 149/1246/925 968/3517/924
f 2768/3515/2768 2767/3514/2767 2770/3519/2770 980/1259/939
f 2770/3520/2770 2767/3521/2767 600/651/483 599/650/482
f 2770/3520/2770 599/650/482 601/653/484 2771/3522/2771
f 2770/3519/2770 2771/3523/2771 978/1257/937 980/1259/939
f 2771/3522/2771 601/653/484 2772/3524/2772 2773/3525/2773
f 2771/3523/2771 2773/3526/2773 979/1258/938 978/1257/937
f 2773/3525/2773 2772/3524/2772 725/848/635 723/847/633
f 2773/3526/2773 723/844/633 722/843/632 979/1258/938
f 2772/3524/2772 601/653/484 580/652/461 584/3527/465
f 2772/3524/2772 584/3527/465 2774/3528/2774 725/848/635
f 2774/3529/2774 2775/3530/2775 576/3531/456 575/3532/455
f 2774/3528/2774 575/837/455 717/836/626 725/848/635
f 2774/3529/2774 584/622/465 583/621/464 2775/3530/2775
f 2775/3533/2775 583/626/464 2776/3534/2776 2777/3535/2777
f 2775/3533/2775 2777/3535/2777 593/639/476 576/641/456
f 2777/3535/2777 2776/3534/2776 2778/3536/2778 2779/3537/2779
f 2777/3535/2777 2779/3537/2779 594/640/477 593/639/476
f 2779/3537/2779 2778/3536/2778 2780/3538/2780 2781/3539/2781
f 2779/3537/2779 2781/3539/2781 2782/3540/2782 594/640/477
f 2782/3540/2782 2781/3539/2781 2783/3541/2783 2784/3542/2784
f 2782/3540/2782 2784/3542/2784 2785/3543/2785 2786/3544/2786
f 2782/3540/2782 2786/3544/2786 591/637/474 594/640/477
f 2786/3544/2786 2785/3543/2785 611/666/497 615/671/502
f 2786/3544/2786 615/671/502 592/638/475 591/637/474
f 2785/3543/2785 2784/3542/2784 2787/3545/2787 2788/3546/2788
f 2785/3543/2785 2788/3546/2788 612/667/498 611/666/497
f 2788/3546/2788 2787/3545/2787 2789/3547/2789 2790/3548/2790
f 2788/3546/2788 2790/3548/2790 2791/3549/2791 612/667/498
f 2791/3549/2791 2790/3548/2790 2792/3550/2792 2793/3551/2793
f 2791/3549/2791 2793/3551/2793 2794/3552/2794 608/661/492
f 2791/3549/2791 608/661/492 607/668/499 612/667/498
f 2794/3552/2794 2793/3551/2793 2795/3553/2795 814/984/742
f 2794/3552/2794 814/984/742 813/983/741 2796/3554/2796
f 2794/3552/2794 2796/3554/2796 609/662/493 608/661/492
f 2796/3554/2796 813/983/741 810/3555/2797 812/3556/2798
f 2796/3554/2796 812/3556/2798 713/830/622 609/662/493
f 2795/3553/2795 2793/3551/2793 2792/3550/2792 2797/3557/2799
f 2795/3553/2795 2797/3557/2799 2798/3558/2800 818/988/746
f 2795/3553/2795 818/988/746 815/985/743 814/984/742
f 2798/3558/2800 2797/3557/2799 2799/3559/2801 2800/3560/2802
f 2798/3558/2800 2800/3560/2802 2801/3561/2803 603/657/488
f 2798/3558/2800 603/657/488 118/656/487 818/988/746
f 2801/3561/2803 2800/3560/2802 2802/3562/2804 2803/3563/2805
f 2801/3561/2803 2803/3563/2805 2804/3564/2806 604/658/489
f 2801/3561/2803 604/658/489 76/654/485 603/657/488
f 2804/3564/2806 2803/3563/2805 2805/3565/2807 2806/3566/2808
f 2804/3564/2806 2806/3566/2808 2807/3567/2809 2808/3568/2810
f 2804/3564/2806 2808/3568/2810 605/659/490 604/658/489
f 2808/3568/2810 2807/3567/2809 2809/3569/2811 2810/3570/2812
f 2808/3568/2810 2810/3570/2812 2811/3571/2813 605/659/490
f 2811/3571/2813 2810/3570/2812 2812/3572/2814 2813/3573/2815
f 2811/3574/2813 2813/3575/2815 2814/3576/2816 2815/3577/2817
f 2814/3576/2816 2813/3575/2815 2816/3578/2818 2817/3579/2819
f 2817/3579/2819 2816/3578/2818 2818/3580/2820 2819/3581/2821
f 2819/3581/2821 2818/3580/2820 2820/3582/2822 2821/3583/2823
f 2821/3583/2823 2820/3582/2822 2822/3584/2824 2823/3585/2825
f 2823/3585/2825 2822/3584/2824 2824/3586/2826 2825/3587/2827
f 2824/3586/2826 2822/3584/2824 622/684/512 621/683/511
f 2824/3588/2826 621/689/511 625/688/515 2826/3589/2828
f 2828/3590/2829 2829/3591/2830 2830/3592/2831 2831/3593/2832
f 2830/3592/2831 2832/3594/2833 2833/3595/2834 2834/3596/2835
f 2833/3595/2834 2832/3594/2833 347/246/176 352/252/182
f 2832/3594/2833 2830/3592/2831 2829/3591/2830 2835/3597/2836
f 2832/3594/2833 2835/3597/2836 344/242/172 347/246/176
f 2835/3597/2836 2829/3591/2830 2836/3598/2837 2837/3599/2838
f 2835/3597/2836 2837/3599/2838 345/243/173 344/242/172
f 2837/3599/2838 2836/3598/2837 2731/3462/2731 2838/3600/2839
f 2837/3599/2838 2838/3600/2839 2839/3601/2840 345/243/173
f 2839/3601/2840 2840/3602/2841 346/244/174 345/243/173
f 2839/3601/2840 2838/3600/2839 2728/3459/2728 2841/3603/2842
f 2839/3601/2840 2841/3603/2842 2842/3604/2843 2840/3602/2841
f 2842/3604/2843 2843/3605/2844 2844/3606/2845 2840/3602/2841
f 2842/3604/2843 2841/3603/2842 2723/3454/2723 2845/3607/2846
f 2842/3604/2843 2845/3607/2846 2846/3608/2847 2843/3605/2844
f 2846/3609/2847 2847/3610/2848 2848/3611/2849 2849/3612/2850
f 2846/3613/2847 2849/3614/2850 2850/3615/2851 2843/3616/2844
f 2846/3609/2847 2845/3617/2846 2718/3618/2718 2847/3610/2848
f 2850/3615/2851 2849/3614/2850 2851/3619/2852 2852/3620/2853
f 2850/3615/2851 2852/3620/2853 2853/3621/2854 2854/3622/2855
f 2850/3615/2851 2854/3622/2855 2844/3623/2845 2843/3616/2844
f 2854/3622/2855 2853/3621/2854 2855/3624/2856 2856/3625/2857
f 2854/3622/2855 2856/3625/2857 348/3626/177 2844/3623/2845
f 2856/3627/2857 2855/3628/2856 2857/3629/2858 2858/3630/2859
f 2856/3627/2857 2858/3630/2859 349/3631/178 348/3632/177
f 2857/3629/2858 2855/3628/2856 710/3633/619 709/3634/618
f 2855/3624/2856 2853/3621/2854 2859/3635/2860 710/3636/619
f 2859/3637/2860 2860/3638/2861 2861/3639/2862 2862/3640/2863
f 2859/3637/2860 2862/3640/2863 711/828/620 710/827/619
f 2859/3635/2860 2853/3621/2854 2852/3620/2853 2860/3641/2861
f 2862/3640/2863 2861/3639/2862 2863/3642/2864 2864/3643/2865
f 2862/3640/2863 2864/3643/2865 712/829/621 711/828/620
f 2864/3643/2865 2863/3642/2864 2865/3644/2866 613/669/500
f 2864/3643/2865 613/669/500 610/663/494 712/829/621
f 2865/3644/2866 2863/3642/2864 2866/3645/2867 2867/3646/2868
f 2865/3644/2866 2867/3646/2868 2868/3647/2869 614/670/501
f 2865/3644/2866 614/670/501 77/665/496 613/669/500
f 2868/3647/2869 2867/3646/2868 2869/3648/2870 2870/3649/2871
f 2868/3647/2869 2870/3649/2871 573/607/452 592/638/475
f 2868/3647/2869 592/638/475 615/671/502 614/670/501
f 2870/3649/2871 2869/3648/2870 2871/3650/2872 2872/3651/2873
f 2870/3649/2871 2872/3651/2873 574/608/453 573/607/452
f 2872/3651/2873 2871/3650/2872 2873/3652/2874 2874/3653/2875
f 2872/3651/2873 2874/3653/2875 579/615/459 574/608/453
f 2874/3653/2875 2873/3652/2874 2875/3654/2876 2876/3655/2877
f 2874/3653/2875 2876/3655/2877 2877/3656/2878 579/615/459
f 2877/3657/2878 2876/3658/2877 2878/3659/2879 2879/3660/2880
f 2877/3657/2878 2879/3660/2880 2880/3661/2881 2881/3662/2882
f 2877/3657/2878 2881/3662/2882 577/3663/457 579/3664/459
f 2881/3662/2882 2880/3661/2881 2882/3665/2883 2883/3666/2884
f 2881/3662/2882 2883/3666/2884 578/3667/458 577/3663/457
f 2883/3668/2884 2882/3669/2883 2884/3670/2885 2885/3671/2886
f 2883/3668/2884 2885/3671/2886 714/833/623 578/832/458
f 2885/3671/2886 2884/3670/2885 2886/3672/2887 2738/3470/2738
f 2885/3671/2886 2738/3470/2738 2736/3468/2736 714/833/623
f 2886/3672/2887 2884/3670/2885 2887/3673/2888 2888/3674/2889
f 2886/3672/2887 2888/3674/2889 2889/3675/2890 2741/3473/2741
f 2886/3672/2887 2741/3473/2741 2739/3471/2739 2738/3470/2738
f 2889/3675/2890 2888/3674/2889 2890/3676/2891 2891/3677/2892
f 2889/3675/2890 2891/3677/2892 2892/3678/2893 2744/3476/2744
f 2889/3675/2890 2744/3476/2744 2742/3474/2742 2741/3473/2741
f 2892/3678/2893 2891/3677/2892 2757/3498/2757 2755/3496/2755
f 2892/3678/2893 2755/3496/2755 2753/3493/2753 2747/3480/2747
f 2892/3678/2893 2747/3480/2747 2745/3477/2745 2744/3476/2744
f 2891/3677/2892 2890/3676/2891 2893/3679/2894 2757/3498/2757
f 2893/3679/2894 2890/3676/2891 2894/3680/2895 2895/3681/2896
f 2893/3679/2894 2895/3681/2896 2896/3682/2897 2760/3501/2760
f 2893/3679/2894 2760/3501/2760 2758/3499/2758 2757/3498/2757
f 2896/3682/2897 2895/3681/2896 596/644/479 595/643/478
f 2896/3682/2897 595/643/478 600/651/483 2763/3505/2763
f 2896/3682/2897 2763/3505/2763 2761/3502/2761 2760/3501/2760
f 2895/3681/2896 2894/3680/2895 2897/3683/2898 596/644/479
f 2897/3684/2898 2898/3685/2899 2899/3686/2900 2900/3687/2901
f 2897/3688/2898 2900/3689/2901 597/647/480 596/3690/479
f 2897/3683/2898 2894/3680/2895 2887/3673/2888 2898/3691/2899
f 2900/3687/2901 2899/3686/2900 2901/3692/2902 2902/3693/2903
f 2900/3689/2901 2902/3694/2903 598/648/481 597/647/480
f 2902/3693/2903 2901/3692/2902 2903/3695/2904 2904/3696/2905
f 2902/3694/2903 2904/3697/2905 2905/3698/2906 598/648/481
f 2905/3699/2906 2904/3700/2905 2906/3701/2907 2907/3702/2908
f 2905/3699/2906 2907/3702/2908 2908/3703/2909 2909/3704/2910
f 2905/3699/2906 2909/3704/2910 581/624/463 598/3705/481
f 2909/3704/2910 2908/3703/2909 2910/3706/2911 2911/3707/2912
f 2909/3704/2910 2911/3707/2912 582/625/466 581/624/463
f 2911/3707/2912 2910/3706/2911 2912/3708/2913 2913/3709/2914
f 2911/3707/2912 2913/3709/2914 2914/3710/2915 582/625/466
f 2914/3710/2915 2913/3709/2914 2915/3711/2916 2916/3712/2917
f 2914/3710/2915 2916/3712/2917 2778/3536/2778 2776/3534/2776
f 2914/3710/2915 2776/3534/2776 583/626/464 582/625/466
f 2916/3712/2917 2915/3711/2916 2917/3713/2918 2918/3714/2919
f 2916/3712/2917 2918/3714/2919 2780/3538/2780 2778/3536/2778
f 2918/3714/2919 2917/3713/2918 2919/3715/2920 2920/3716/2921
f 2918/3714/2919 2920/3716/2921 2921/3717/2922 2780/3538/2780
f 2921/3717/2922 2920/3716/2921 2922/3718/2923 2923/3719/2924
f 2921/3717/2922 2923/3719/2924 2924/3720/2925 2783/3541/2783
f 2921/3717/2922 2783/3541/2783 2781/3539/2781 2780/3538/2780
f 2924/3720/2925 2923/3719/2924 588/633/471 2925/3721/2926
f 2924/3720/2925 2925/3721/2926 2789/3547/2789 2787/3545/2787
f 2924/3720/2925 2787/3545/2787 2784/3542/2784 2783/3541/2783
f 2925/3721/2926 588/633/471 587/632/470 2926/3722/2927
f 2925/3721/2926 2926/3722/2927 2927/3723/2928 2789/3547/2789
f 2927/3723/2928 2926/3722/2927 2928/3724/2929 2799/3559/2801
f 2927/3723/2928 2799/3559/2801 2797/3557/2799 2792/3550/2792
f 2927/3723/2928 2792/3550/2792 2790/3548/2790 2789/3547/2789
f 2928/3724/2929 2926/3722/2927 587/632/470 586/3725/469
f 2928/3724/2929 586/3725/469 2929/3726/2930 2802/3562/2804
f 2928/3724/2929 2802/3562/2804 2800/3560/2802 2799/3559/2801
f 2929/3726/2930 586/3725/469 585/636/468 2930/3727/2931
f 2929/3726/2930 2930/3727/2931 2931/3728/2932 2805/3565/2807
f 2929/3726/2930 2805/3565/2807 2803/3563/2805 2802/3562/2804
f 2931/3728/2932 2932/3729/2933 2933/3730/2934 2934/3731/2935
f 2931/3728/2932 2934/3731/2935 2806/3566/2808 2805/3565/2807
f 2931/3728/2932 2930/3727/2931 2935/3732/2936 2932/3729/2933
f 2935/3732/2936 2936/3733/2937 2937/3734/2938 2932/3729/2933
f 2935/3732/2936 2930/3727/2931 585/636/468 590/635/473
f 2935/3732/2936 590/635/473 2938/3735/2939 2936/3733/2937
f 2938/3735/2939 2919/3715/2920 2939/3736/2940 2936/3733/2937
f 2938/3735/2939 590/635/473 589/634/472 2922/3718/2923
f 2938/3735/2939 2922/3718/2923 2920/3716/2921 2919/3715/2920
f 2939/3736/2940 2940/3737/2941 2941/3738/2942 2942/3739/2943
f 2939/3736/2940 2942/3739/2943 2937/3734/2938 2936/3733/2937
f 2939/3736/2940 2919/3715/2920 2917/3713/2918 2940/3737/2941
f 2942/3739/2943 2941/3738/2942 2943/3740/2944 2944/3741/2945
f 2942/3739/2943 2944/3741/2945 2945/3742/2946 2937/3734/2938
f 2945/3742/2946 2944/3741/2945 2946/3743/2947 2947/3744/2948
f 2945/3742/2946 2947/3744/2948 2948/3745/2949 2933/3730/2934
f 2945/3742/2946 2933/3730/2934 2932/3729/2933 2937/3734/2938
f 2948/3745/2949 2947/3744/2948 2949/3746/2950 2950/3747/2951
f 2948/3745/2949 2950/3747/2951 2951/3748/2952 2952/3749/2953
f 2948/3745/2949 2952/3749/2953 2934/3731/2935 2933/3730/2934
f 2952/3749/2953 2951/3748/2952 2809/3569/2811 2807/3567/2809
f 2952/3749/2953 2807/3567/2809 2806/3566/2808 2934/3731/2935
f 2951/3748/2952 2950/3747/2951 2953/3750/2954 2954/3751/2955
f 2951/3748/2952 2954/3751/2955 2955/3752/2956 2809/3569/2811
f 2955/3753/2956 2954/3754/2955 2956/3755/2957 2957/3756/2958
f 2955/3753/2956 2957/3756/2958 2958/3757/2959 2812/3758/2814
f 2955/3752/2956 2812/3572/2814 2810/3570/2812 2809/3569/2811
f 2958/3757/2959 2957/3756/2958 2959/3759/2960 2960/3760/2961
f 2958/3757/2959 2960/3760/2961 2818/3580/2820 2816/3578/2818
f 2958/3757/2959 2816/3578/2818 2813/3575/2815 2812/3758/2814
f 2960/3760/2961 2959/3759/2960 2961/3761/2962 2962/3762/2963
f 2960/3760/2961 2962/3762/2963 2820/3582/2822 2818/3580/2820
f 2962/3762/2963 2961/3761/2962 623/685/513 622/684/512
f 2962/3762/2963 622/684/512 2822/3584/2824 2820/3582/2822
f 623/685/513 2961/3761/2962 2963/3763/2964 2964/3764/2965
f 2964/3765/2965 2965/3766/2966 2966/3767/2967 2967/3768/2968
f 2964/3765/2965 2967/3768/2968 2968/3769/2969 2969/3770/2970
f 2964/3764/2965 2963/3763/2964 2970/3771/2971 2965/3772/2966
f 2970/3773/2971 2971/3774/2972 2972/3775/2973 2965/3766/2966
f 2970/3771/2971 2963/3763/2964 2973/3776/2974 2974/3777/2975
f 2970/3771/2971 2974/3777/2975 2975/3778/2976 2971/3779/2972
f 2975/3780/2976 2976/3781/2977 2977/3782/2978 2971/3783/2972
f 2975/3778/2976 2974/3777/2975 2978/3784/2979 2979/3785/2980
f 2975/3780/2976 2979/3786/2980 2980/3787/2981 2976/3781/2977
f 2980/3787/2981 2981/3788/2982 2982/3789/2983 2976/3781/2977
f 2980/3787/2981 2979/3786/2980 2983/3790/2984 2984/3791/2985
f 2980/3787/2981 2984/3791/2985 2985/3792/2986 2981/3788/2982
f 2985/3792/2986 2986/3793/2987 2987/3794/2988 2981/3788/2982
f 2985/3792/2986 2984/3791/2985 2988/3795/2989 2989/3796/2990
f 2985/3792/2986 2989/3796/2990 2990/3797/2991 2986/3793/2987
f 2990/3797/2991 2991/3798/2992 2992/3799/2993 2986/3793/2987
f 2990/3800/2991 2989/3801/2990 2993/3802/2994 2994/3803/2995
f 2990/3800/2991 2994/3803/2995 2995/3804/2996 2991/3805/2992
f 2995/3804/2996 2996/3806/2997 2997/3807/2998 2991/3805/2992
f 2995/3804/2996 2994/3803/2995 2998/3808/2999 2999/3809/3000
f 2995/3804/2996 2999/3809/3000 3000/3810/3001 2996/3806/2997
f 3000/3810/3001 3001/3811/3002 3002/3812/3003 2996/3806/2997
f 3000/3810/3001 2999/3809/3000 3003/3813/3004 3004/3814/3005
f 3000/3810/3001 3004/3814/3005 3005/3815/3006 3001/3811/3002
f 3005/3815/3006 3006/3816/3007 3007/3817/3008 3001/3811/3002
f 3005/3815/3006 3004/3814/3005 2910/3706/2911 2908/3703/2909
f 3005/3815/3006 2908/3703/2909 2907/3702/2908 3006/3816/3007
f 3007/3817/3008 2689/3414/2689 2685/3409/2685 2684/3408/2684
f 3007/3817/3008 2684/3408/2684 3002/3812/3003 3001/3811/3002
f 3007/3817/3008 3006/3816/3007 3008/3818/3009 2689/3414/2689
f 3008/3818/3009 2692/3417/2692 2690/3415/2690 2689/3414/2689
f 3008/3818/3009 3006/3816/3007 2907/3702/2908 2906/3701/2907
f 3008/3818/3009 2906/3701/2907 3009/3819/3010 2692/3417/2692
f 3009/3819/3010 3010/3820/3011 2693/3418/2693 2692/3417/2692
f 3009/3819/3010 2906/3701/2907 2904/3700/2905 2903/3821/2904
f 3009/3819/3010 2903/3821/2904 2878/3822/2879 3010/3820/3011
f 3010/3820/3011 2875/3654/2876 2694/3419/2694 2693/3418/2693
f 3010/3820/3011 2878/3822/2879 2876/3655/2877 2875/3654/2876
f 3004/3814/3005 3003/3813/3004 2912/3708/2913 2910/3706/2911
f 3003/3813/3004 2999/3809/3000 2998/3808/2999 3011/3823/3012
f 3003/3813/3004 3011/3823/3012 3012/3824/3013 2912/3708/2913
f 3012/3824/3013 3011/3823/3012 2941/3738/2942 2940/3737/2941
f 3012/3824/3013 2940/3737/2941 2917/3713/2918 2915/3711/2916
f 3012/3824/3013 2915/3711/2916 2913/3709/2914 2912/3708/2913
f 3011/3823/3012 2998/3808/2999 2943/3740/2944 2941/3738/2942
f 3002/3812/3003 2684/3408/2684 2680/3401/2680 2679/3400/2679
f 3002/3812/3003 2679/3400/2679 2997/3807/2998 2996/3806/2997
f 2998/3808/2999 2994/3803/2995 2993/3802/2994 2943/3740/2944
f 2997/3807/2998 2679/3400/2679 2675/3399/2675 2674/3825/2674
f 2997/3807/2998 2674/3825/2674 2992/3826/2993 2991/3805/2992
f 2993/3802/2994 2989/3801/2990 2988/3827/2989 2946/3743/2947
f 2993/3802/2994 2946/3743/2947 2944/3741/2945 2943/3740/2944
f 2992/3799/2993 2674/3393/2674 2670/3389/2670 2669/3388/2669
f 2992/3799/2993 2669/3388/2669 2987/3794/2988 2986/3793/2987
f 2988/3827/2989 2984/3828/2985 2983/3829/2984 2949/3746/2950
f 2988/3827/2989 2949/3746/2950 2947/3744/2948 2946/3743/2947
f 2987/3794/2988 2669/3388/2669 2666/3385/2666 2665/3384/2665
f 2987/3794/2988 2665/3384/2665 2982/3789/2983 2981/3788/2982
f 2983/3830/2984 2979/3785/2980 2978/3784/2979 2953/3831/2954
f 2983/3829/2984 2953/3750/2954 2950/3747/2951 2949/3746/2950
f 2982/3789/2983 2665/3384/2665 2663/3383/2663 3013/3832/3014
f 2982/3789/2983 3013/3832/3014 2977/3782/2978 2976/3781/2977
f 3013/3833/3014 2663/3379/2663 2661/3377/2661 3014/3834/3015
f 3013/3833/3014 3014/3834/3015 3015/3835/3016 2977/3836/2978
f 3015/3835/3016 3014/3834/3015 2658/3374/2658 3016/3837/3017
f 3015/3835/3016 3016/3837/3017 3017/3838/3018 2972/3775/2973
f 3015/3835/3016 2972/3775/2973 2971/3774/2972 2977/3836/2978
f 3017/3838/3018 3016/3837/3017 2655/3371/2655 3018/3839/3019
f 3017/3838/3018 3018/3839/3019 3019/3840/3020 2966/3767/2967
f 3017/3838/3018 2966/3767/2967 2965/3766/2966 2972/3775/2973
f 3019/3840/3020 3018/3839/3019 3020/3841/3021 3021/3842/3022
f 3019/3840/3020 3021/3842/3022 3022/3843/3023 3023/3844/3024
f 3019/3840/3020 3023/3844/3024 2967/3768/2968 2966/3767/2967
f 3023/3844/3024 3022/3843/3023 3024/3845/3025 3025/3846/3026
f 3023/3844/3024 3025/3846/3026 2968/3769/2969 2967/3768/2968
f 3025/3846/3026 3024/3845/3025 3026/3847/3027 3027/3848/3028
f 3025/3846/3026 3027/3848/3028 3028/3849/3029 2968/3769/2969
f 3028/3849/3029 3027/3848/3028 3029/3850/3030 3030/3851/3031
f 3028/3849/3029 3030/3851/3031 3031/3852/3032 3032/3853/3033
f 3028/3849/3029 3032/3853/3033 2969/3770/2970 2968/3769/2969
f 3031/3852/3032 3030/3851/3031 3033/3854/3034 3034/3855/3035
f 3034/3855/3035 3033/3854/3034 3035/3856/3036 3036/3857/3037
f 3036/3857/3037 3035/3856/3036 3037/3858/3038 3038/3859/3039
f 3038/3859/3039 3037/3858/3038 3039/3860/3040 3040/3861/3041
f 3039/3860/3040 3037/3858/3038 3041/3862/3042 3042/3863/3043
f 3042/3863/3043 3041/3862/3042 3043/3864/3044 3044/3865/3045
f 3044/3865/3045 3043/3864/3044 3045/3866/3046 3046/3867/3047
f 3046/3867/3047 3045/3866/3046 1179/1584/1174 1178/1583/1173
f 3045/3866/3046 3047/3868/3048 3048/3869/3049 1179/1584/1174
f 3045/3866/3046 3043/3864/3044 3049/3870/3050 3047/3868/3048
f 3049/3870/3050 3050/3871/3051 3051/3872/3052 3047/3868/3048
f 3049/3870/3050 3043/3864/3044 3041/3862/3042 3052/3873/3053
f 3049/3870/3050 3052/3873/3053 3053/3874/3054 3050/3871/3051
f 3053/3874/3054 3029/3850/3030 3054/3875/3055 3050/3871/3051
f 3053/3874/3054 3052/3873/3053 3035/3856/3036 3033/3854/3034
f 3053/3874/3054 3033/3854/3034 3030/3851/3031 3029/3850/3030
f 3054/3875/3055 3026/3847/3027 3055/3876/3056 3056/3877/3057
f 3054/3875/3055 3056/3877/3057 3051/3872/3052 3050/3871/3051
f 3054/3875/3055 3029/3850/3030 3027/3848/3028 3026/3847/3027
f 3056/3877/3057 3055/3876/3056 3057/3878/3058 3058/3879/3059
f 3056/3877/3057 3058/3879/3059 3059/3880/3060 3051/3872/3052
f 3059/3880/3060 3058/3879/3059 3060/3881/3061 3061/3882/3062
f 3059/3880/3060 3061/3882/3062 3062/3883/3063 3048/3869/3049
f 3059/3880/3060 3048/3869/3049 3047/3868/3048 3051/3872/3052
f 3062/3883/3063 3061/3882/3062 3063/3884/3064 3064/3885/3065
f 3062/3883/3063 3064/3885/3065 1174/1579/1169 1173/1578/1168
f 3062/3883/3063 1173/1578/1168 1179/1584/1174 3048/3869/3049
f 3064/3885/3065 3063/3884/3064 3065/3886/3066 3066/3887/3067
f 3064/3885/3065 3066/3887/3067 3067/3888/3068 1174/1579/1169
f 3067/3888/3068 3066/3887/3067 3068/3889/3069 3069/3890/3070
f 3067/3888/3068 3069/3890/3070 3070/3891/3071 3071/3892/3072
f 3067/3888/3068 3071/3892/3072 1175/1580/1170 1174/1579/1169
f 3071/3892/3072 3070/3891/3071 3072/3893/3073 3073/3894/3074
f 3071/3892/3072 3073/3894/3074 1176/1581/1171 1175/1580/1170
f 3072/3893/3073 3070/3891/3071 3074/3895/3075 3075/3896/3076
f 3076/3897/3077 3077/3898/3078 3078/3899/3079 3079/3900/3080
f 3078/3899/3079 3077/3898/3078 3080/3901/3081 3081/3902/3082
f 3081/3902/3082 3080/3901/3081 3082/3903/3083 3083/3904/3084
f 3081/3905/3082 3083/3906/3084 3084/3907/3085 3085/3908/3086
f 3084/3909/3085 3083/3910/3084 3086/3911/3087 3087/3912/3088
f 3086/3913/3087 3083/3914/3084 3082/3915/3083 3088/3916/3089
f 3088/3917/3089 3082/3903/3083 3089/3918/3090 3090/3919/3091
f 3090/3920/3091 3091/3921/3092 3092/3922/3093 3093/3923/3094
f 3090/3920/3091 3093/3923/3094 3094/3924/3095 3088/3925/3089
f 3090/3919/3091 3089/3918/3090 3095/3926/3096 3091/3927/3092
f 3095/3926/3096 3096/3928/3097 3097/3929/3098 3091/3927/3092
f 3095/3926/3096 3089/3918/3090 3098/3930/3099 3099/3931/3100
f 3095/3926/3096 3099/3931/3100 3100/3932/3101 3096/3928/3097
f 3100/3932/3101 3101/3933/3102 3102/3934/3103 3096/3928/3097
f 3100/3932/3101 3099/3931/3100 3103/3935/3104 3104/3936/3105
f 3100/3932/3101 3104/3936/3105 3105/3937/3106 3101/3933/3102
f 3105/3937/3106 3106/3938/3107 3107/3939/3108 3101/3933/3102
f 3105/3937/3106 3104/3936/3105 3108/3940/3109 3109/3941/3110
f 3105/3937/3106 3109/3941/3110 3110/3942/3111 3106/3938/3107
f 3110/3942/3111 3111/3943/3112 3112/3944/3113 3106/3938/3107
f 3110/3942/3111 3109/3941/3110 3113/3945/3114 3114/3946/3115
f 3110/3942/3111 3114/3946/3115 3115/3947/3116 3111/3943/3112
f 3115/3947/3116 3116/3948/3117 3117/3949/3118 3111/3943/3112
f 3115/3947/3116 3114/3946/3115 3118/3950/3119 3119/3951/3120
f 3115/3947/3116 3119/3951/3120 3120/3952/3121 3116/3948/3117
f 3120/3952/3121 3121/3953/3122 3122/3954/3123 3116/3948/3117
f 3120/3952/3121 3119/3951/3120 3123/3955/3124 3124/3956/3125
f 3120/3952/3121 3124/3956/3125 3125/3957/3126 3121/3953/3122
f 3125/3957/3126 3126/3958/3127 3127/3959/3128 3121/3953/3122
f 3125/3957/3126 3124/3956/3125 3128/3960/3129 3129/3961/3130
f 3125/3957/3126 3129/3961/3130 3130/3962/3131 3126/3958/3127
f 3130/3962/3131 3131/3963/3132 3132/3964/3133 3126/3958/3127
f 3130/3962/3131 3129/3961/3130 3133/3965/3134 3134/3966/3135
f 3130/3962/3131 3134/3966/3135 3135/3967/3136 3131/3963/3132
f 3135/3967/3136 3136/3968/3137 3137/3969/3138 3131/3963/3132
f 3135/3967/3136 3134/3966/3135 3138/3970/3139 3139/3971/3140
f 3135/3967/3136 3139/3971/3140 2651/3367/2651 3136/3968/3137
f 3139/3971/3140 3138/3970/3139 3140/3972/3141 3141/3973/3142
f 3139/3971/3140 3141/3973/3142 2652/3368/2652 2651/3367/2651
f 3141/3973/3142 3140/3972/3141 3021/3842/3022 3020/3841/3021
f 3141/3973/3142 3020/3841/3021 2653/3369/2653 2652/3368/2652
f 3140/3972/3141 3138/3970/3139 3142/3974/3143 3143/3975/3144
f 3140/3972/3141 3143/3975/3144 3022/3843/3023 3021/3842/3022
f 3143/3975/3144 3142/3974/3143 3144/3976/3145 3145/3977/3146
f 3143/3975/3144 3145/3977/3146 3024/3845/3025 3022/3843/3023
f 3145/3977/3146 3144/3976/3145 3057/3878/3058 3055/3876/3056
f 3145/3977/3146 3055/3876/3056 3026/3847/3027 3024/3845/3025
f 3144/3976/3145 3142/3974/3143 3133/3965/3134 3146/3978/3147
f 3144/3976/3145 3146/3978/3147 3147/3979/3148 3057/3878/3058
f 3147/3979/3148 3146/3978/3147 3128/3960/3129 3148/3980/3149
f 3147/3979/3148 3148/3980/3149 3149/3981/3150 3060/3881/3061
f 3147/3979/3148 3060/3881/3061 3058/3879/3059 3057/3878/3058
f 3149/3981/3150 3148/3980/3149 3123/3955/3124 3150/3982/3151
f 3149/3981/3150 3150/3982/3151 3065/3886/3066 3063/3884/3064
f 3149/3981/3150 3063/3884/3064 3061/3882/3062 3060/3881/3061
f 3150/3982/3151 3123/3955/3124 3119/3951/3120 3118/3950/3119
f 3150/3982/3151 3118/3950/3119 3151/3983/3152 3065/3886/3066
f 3151/3983/3152 3118/3950/3119 3114/3946/3115 3113/3945/3114
f 3151/3983/3152 3113/3945/3114 3152/3984/3153 3068/3889/3069
f 3151/3983/3152 3068/3889/3069 3066/3887/3067 3065/3886/3066
f 3152/3984/3153 3113/3945/3114 3109/3941/3110 3108/3940/3109
f 3152/3984/3153 3108/3940/3109 3153/3985/3154 3154/3986/3155
f 3152/3984/3153 3154/3986/3155 3069/3890/3070 3068/3889/3069
f 3154/3986/3155 3153/3985/3154 3155/3987/3156 3074/3895/3075
f 3154/3986/3155 3074/3895/3075 3070/3891/3071 3069/3890/3070
f 3153/3985/3154 3108/3940/3109 3104/3936/3105 3103/3935/3104
f 3153/3985/3154 3103/3935/3104 3156/3988/3157 3155/3987/3156
f 3156/3988/3157 3103/3935/3104 3099/3931/3100 3098/3930/3099
f 3156/3988/3157 3098/3930/3099 3080/3901/3081 3077/3898/3078
f 3156/3988/3157 3077/3898/3078 3076/3897/3077 3155/3987/3156
f 3148/3980/3149 3128/3960/3129 3124/3956/3125 3123/3955/3124
f 3146/3978/3147 3133/3965/3134 3129/3961/3130 3128/3960/3129
f 3142/3974/3143 3138/3970/3139 3134/3966/3135 3133/3965/3134
f 3137/3969/3138 3157/3989/3158 3158/3990/3159 3159/3991/3160
f 3137/3969/3138 3159/3991/3160 3132/3964/3133 3131/3963/3132
f 3137/3969/3138 3136/3968/3137 2648/3364/2648 3157/3989/3158
f 3159/3991/3160 3158/3990/3159 3160/3992/3161 3161/3993/3162
f 3159/3991/3160 3161/3993/3162 3162/3994/3163 3132/3964/3133
f 3162/3994/3163 3161/3993/3162 3163/3995/3164 3164/3996/3165
f 3162/3994/3163 3164/3996/3165 3165/3997/3166 3127/3959/3128
f 3162/3994/3163 3127/3959/3128 3126/3958/3127 3132/3964/3133
f 3165/3997/3166 3164/3996/3165 3166/3998/3167 3167/3999/3168
f 3165/3997/3166 3167/3999/3168 3168/4000/3169 3122/3954/3123
f 3165/3997/3166 3122/3954/3123 3121/3953/3122 3127/3959/3128
f 3168/4000/3169 3167/3999/3168 3169/4001/3170 3170/4002/3171
f 3168/4000/3169 3170/4002/3171 3171/4003/3172 3117/3949/3118
f 3168/4000/3169 3117/3949/3118 3116/3948/3117 3122/3954/3123
f 3171/4003/3172 3170/4002/3171 3172/4004/3173 3173/4005/3174
f 3171/4003/3172 3173/4005/3174 3174/4006/3175 3112/3944/3113
f 3171/4003/3172 3112/3944/3113 3111/3943/3112 3117/3949/3118
f 3174/4006/3175 3173/4005/3174 3175/4007/3176 3176/4008/3177
f 3174/4006/3175 3176/4008/3177 3177/4009/3178 3107/3939/3108
f 3174/4006/3175 3107/3939/3108 3106/3938/3107 3112/3944/3113
f 3177/4009/3178 3176/4008/3177 3178/4010/3179 3179/4011/3180
f 3177/4009/3178 3179/4011/3180 3180/4012/3181 3102/3934/3103
f 3177/4009/3178 3102/3934/3103 3101/3933/3102 3107/3939/3108
f 3180/4013/3181 3179/4014/3180 3181/4015/3182 3182/4016/3183
f 3180/4013/3181 3182/4016/3183 3183/4017/3184 3097/4018/3098
f 3180/4012/3181 3097/3929/3098 3096/3928/3097 3102/3934/3103
f 3183/4017/3184 3182/4016/3183 3184/4019/3185 3185/4020/3186
f 3183/4017/3184 3185/4020/3186 3186/4021/3187 3092/3922/3093
f 3183/4017/3184 3092/3922/3093 3091/3921/3092 3097/4018/3098
f 3186/4021/3187 3185/4020/3186 3187/4022/3188 3188/4023/3189
f 3186/4021/3187 3188/4023/3189 3189/4024/3190 3190/4025/3191
f 3186/4021/3187 3190/4025/3191 3093/3923/3094 3092/3922/3093
f 3190/4025/3191 3189/4024/3190 3191/4026/3192 3192/4027/3193
f 3190/4025/3191 3192/4027/3193 3094/3924/3095 3093/3923/3094
f 3191/4026/3192 3189/4024/3190 3193/4028/3194 3194/4029/3195
f 3194/4029/3195 3193/4028/3194 3195/4030/3196 3196/4031/3197
f 3196/4031/3197 3195/4030/3196 3197/4032/3198 3198/4033/3199
f 3198/4033/3199 3197/4032/3198 3199/4034/3200 3200/4035/3201
f 3200/4035/3201 3199/4034/3200 3201/4036/3202 3202/4037/3203
f 3202/4037/3203 3201/4036/3202 3203/4038/3204 3204/4039/3205
f 3204/4039/3205 3203/4038/3204 3205/4040/3206 3206/4041/3207
f 3206/4041/3207 3205/4040/3206 3207/4042/3208 3208/4043/3209
f 3208/4043/3209 3207/4042/3208 1211/4044/1212 1210/4045/1211
f 3207/4042/3208 3209/4046/3210 3210/4047/3211 1211/4044/1212
f 3207/4042/3208 3205/4040/3206 3211/4048/3212 3209/4046/3210
f 3211/4048/3212 3212/4049/3213 3213/4050/3214 3209/4046/3210
f 3211/4048/3212 3205/4040/3206 3203/4038/3204 3214/4051/3215
f 3211/4048/3212 3214/4051/3215 3215/4052/3216 3212/4049/3213
f 3215/4052/3216 3216/4053/3217 3217/4054/3218 3212/4049/3213
f 3215/4052/3216 3214/4051/3215 3218/4055/3219 3219/4056/3220
f 3215/4052/3216 3219/4056/3220 3220/4057/3221 3216/4053/3217
f 3220/4057/3221 3221/4058/3222 3222/4059/3223 3216/4053/3217
f 3220/4057/3221 3219/4056/3220 3223/4060/3224 3224/4061/3225
f 3220/4057/3221 3224/4061/3225 3225/4062/3226 3221/4058/3222
f 3225/4062/3226 3226/4063/3227 3227/4064/3228 3221/4058/3222
f 3225/4062/3226 3224/4061/3225 3228/4065/3229 3229/4066/3230
f 3225/4062/3226 3229/4066/3230 3230/4067/3231 3226/4063/3227
f 3230/4067/3231 3231/4068/3232 3232/4069/3233 3226/4063/3227
f 3230/4067/3231 3229/4066/3230 3233/4070/3234 3234/4071/3235
f 3230/4067/3231 3234/4071/3235 3235/4072/3236 3231/4068/3232
f 3235/4072/3236 3236/4073/3237 3237/4074/3238 3231/4068/3232
f 3235/4072/3236 3234/4071/3235 3238/4075/3239 3239/4076/3240
f 3235/4072/3236 3239/4076/3240 3240/4077/3241 3236/4073/3237
f 3240/4077/3241 3241/4078/3242 3242/4079/3243 3236/4073/3237
f 3240/4077/3241 3239/4076/3240 3243/4080/3244 3244/4081/3245
f 3240/4077/3241 3244/4081/3245 3245/4082/3246 3241/4078/3242
f 3245/4082/3246 3246/4083/3247 3247/4084/3248 3241/4078/3242
f 3245/4082/3246 3244/4081/3245 3248/4085/3249 3249/4086/3250
f 3245/4082/3246 3249/4086/3250 3250/4087/3251 3246/4083/3247
f 3250/4087/3251 3251/4088/3252 3252/4089/3253 3246/4083/3247
f 3250/4087/3251 3249/4086/3250 3253/4090/3254 3254/4091/3255
f 3250/4087/3251 3254/4091/3255 3255/4092/3256 3251/4088/3252
f 3255/4092/3256 3256/4093/3257 3257/4094/3258 3251/4088/3252
f 3255/4092/3256 3254/4091/3255 3258/4095/3259 3259/4096/3260
f 3255/4092/3256 3259/4096/3260 3260/4097/3261 3256/4093/3257
f 3260/4097/3261 3261/4098/3262 3262/4099/3263 3256/4093/3257
f 3260/4100/3261 3259/4101/3260 3263/4102/3264 3264/4103/3265
f 3260/4100/3261 3264/4103/3265 3265/4104/3266 3261/4105/3262
f 3265/4104/3266 3266/4106/3267 3267/4107/3268 3261/4105/3262
f 3265/4104/3266 3264/4103/3265 3268/4108/3269 3269/4109/3270
f 3265/4104/3266 3269/4109/3270 3270/4110/3271 3266/4106/3267
f 3270/4110/3271 3271/4111/3272 3272/4112/3273 3266/4106/3267
f 3270/4110/3271 3269/4109/3270 3273/4113/3274 3274/4114/3275
f 3270/4110/3271 3274/4114/3275 3275/4115/3276 3271/4111/3272
f 3275/4115/3276 3276/4116/3277 3277/4117/3278 3271/4111/3272
f 3275/4115/3276 3274/4114/3275 3278/4118/3279 3279/4119/3280
f 3275/4115/3276 3279/4119/3280 3280/4120/3281 3276/4116/3277
f 3280/4120/3281 3281/4121/3282 3282/4122/3283 3276/4116/3277
f 3280/4120/3281 3279/4119/3280 3283/4123/3284 3284/4124/3285
f 3280/4120/3281 3284/4124/3285 3285/4125/3286 3281/4121/3282
f 3285/4125/3286 3286/4126/3287 3287/4127/3288 3281/4121/3282
f 3285/4125/3286 3284/4124/3285 3288/4128/3289 3289/4129/3290
f 3285/4125/3286 3289/4129/3290 3290/4130/3291 3286/4126/3287
f 3290/4130/3291 3291/4131/3292 3292/4132/3293 3286/4126/3287
f 3290/4130/3291 3289/4129/3290 3293/4133/3294 3294/4134/3295
f 3290/4130/3291 3294/4134/3295 3295/4135/3296 3291/4131/3292
f 3295/4135/3296 3296/4136/3297 3297/4137/3298 3291/4131/3292
f 3295/4135/3296 3294/4134/3295 3298/4138/3299 3299/4139/3300
f 3295/4135/3296 3299/4139/3300 3300/4140/3301 3296/4136/3297
f 3300/4140/3301 3301/4141/3302 3302/4142/3303 3296/4136/3297
f 3300/4140/3301 3299/4139/3300 3303/4143/3304 3304/4144/3305
f 3300/4140/3301 3304/4144/3305 3305/4145/3306 3301/4141/3302
f 3305/4145/3306 3306/4146/3307 3307/4147/3308 3301/4141/3302
f 3305/4145/3306 3304/4144/3305 3308/4148/3309 3309/4149/3310
f 3305/4145/3306 3309/4149/3310 3310/4150/3311 3306/4146/3307
f 3310/4150/3311 3311/4151/3312 3312/4152/3313 3306/4146/3307
f 3310/4150/3311 3309/4149/3310 3313/4153/3314 3314/4154/3315
f 3310/4150/3311 3314/4154/3315 3315/4155/3316 3311/4151/3312
f 3315/4155/3316 3316/4156/3317 3317/4157/3318 3311/4151/3312
f 3315/4155/3316 3314/4154/3315 3318/4158/3319 3319/4159/3320
f 3315/4155/3316 3319/4159/3320 3320/4160/3321 3316/4156/3317
f 3320/4160/3321 3321/4161/3322 3322/4162/3323 3316/4156/3317
f 3320/4160/3321 3319/4159/3320 3323/4163/3324 3324/4164/3325
f 3320/4160/3321 3324/4164/3325 3325/4165/3326 3321/4161/3322
f 3325/4165/3326 3326/4166/3327 3327/4167/3328 3321/4161/3322
f 3325/4165/3326 3324/4164/3325 3328/4168/3329 3329/4169/3330
f 3325/4165/3326 3329/4169/3330 3330/4170/3331 3326/4166/3327
f 3330/4170/3331 3331/4171/3332 3332/4172/3333 3326/4166/3327
f 3330/4170/3331 3329/4169/3330 3333/4173/3334 3334/4174/3335
f 3330/4170/3331 3334/4174/3335 3335/4175/3336 3331/4171/3332
f 3335/4175/3336 3336/4176/3337 3337/4177/3338 3331/4171/3332
f 3335/4175/3336 3334/4174/3335 3338/4178/3339 3339/4179/3340
f 3335/4175/3336 3339/4179/3340 3340/4180/3341 3336/4176/3337
f 3340/4180/3341 3341/4181/3342 3342/4182/3343 3336/4176/3337
f 3340/4180/3341 3339/4179/3340 3343/4183/3344 3344/4184/3345
f 3340/4180/3341 3344/4184/3345 3345/4185/3346 3341/4181/3342
f 3345/4185/3346 3346/4186/3347 3347/4187/3348 3341/4181/3342
f 3345/4188/3346 3344/4189/3345 885/4190/827 3348/4191/3349
f 3345/4188/3346 3348/4191/3349 3349/4192/3350 3346/4193/3347
f 3349/4192/3350 3350/4194/3351 3351/4195/3352 3346/4193/3347
f 3349/4196/3350 3348/4197/3349 473/439/331 472/438/330
f 3349/4192/3350 472/444/330 476/443/334 3350/4194/3351
f 3351/4195/3352 1375/1804/1375 1371/1798/1371 1370/1797/1370
f 3351/4195/3352 1370/1797/1370 3347/4198/3348 3346/4193/3347
f 3351/4195/3352 3350/4194/3351 3352/4199/3353 1375/1804/1375
f 3352/4199/3353 1380/1811/1380 1376/1805/1376 1375/1804/1375
f 3352/4199/3353 3350/4194/3351 476/443/334 3353/4200/3354
f 3352/4199/3353 3353/4200/3354 447/402/302 1380/1811/1380
f 3353/4200/3354 476/443/334 475/442/333 3354/4201/3355
f 3353/4200/3354 3354/4201/3355 442/394/297 447/402/302
f 3354/4201/3355 475/442/333 478/446/336 3355/4202/3356
f 3354/4201/3355 3355/4202/3356 443/395/298 442/394/297
f 3355/4203/3356 478/4204/336 450/406/306 449/405/305
f 3355/4203/3356 449/405/305 461/422/317 443/4205/298
f 3348/4197/3349 885/1100/827 877/1084/816 473/439/331
f 3347/4198/3348 1370/1797/1370 1366/1793/1366 1365/1792/1365
f 3347/4187/3348 1365/4206/1365 3342/4182/3343 3341/4181/3342
f 3344/4207/3345 3343/4208/3344 886/1103/828 885/4209/827
f 3343/4183/3344 3339/4179/3340 3338/4178/3339 3356/4210/3357
f 3343/4208/3344 3356/4211/3357 887/1104/829 886/1103/828
f 3356/4210/3357 3338/4178/3339 3357/4212/3358 3358/4213/3359
f 3356/4211/3357 3358/4214/3359 3359/4215/3360 887/1104/829
f 3359/4215/3360 3358/4214/3359 3360/4216/3361 3361/4217/3362
f 3359/4215/3360 3361/4217/3362 3362/4218/3363 3363/4219/3364
f 3359/4215/3360 3363/4219/3364 888/1105/830 887/1104/829
f 3363/4219/3364 3362/4218/3363 3364/4220/3365 3365/4221/3366
f 3363/4219/3364 3365/4221/3366 893/1111/835 888/1105/830
f 3365/4221/3366 3364/4220/3365 3366/4222/3367 3367/4223/3368
f 3365/4221/3366 3367/4223/3368 3368/4224/3369 893/1111/835
f 3368/4224/3369 3369/4225/3370 891/1109/833 893/1111/835
f 3368/4224/3369 3367/4223/3368 3370/4226/3371 3371/4227/3372
f 3368/4224/3369 3371/4227/3372 3372/4228/3373 3369/4225/3370
f 3372/4228/3373 3373/4229/3374 3374/4230/3375 3369/4225/3370
f 3372/4228/3373 3371/4227/3372 3375/4231/3376 3376/4232/3377
f 3372/4228/3373 3376/4232/3377 3377/4233/3378 3373/4229/3374
f 3377/4234/3378 3378/4235/3379 3379/4236/3380 3373/4237/3374
f 3377/4234/3378 3376/4238/3377 3380/4239/3381 570/4240/447
f 3377/4234/3378 570/4240/447 569/4241/446 3378/4235/3379
f 3380/4239/3381 3376/4238/3377 3375/4242/3376 3381/4243/3382
f 3380/4244/3381 3381/4245/3382 3382/4246/3383 3383/4247/3384
f 3380/4248/3381 3383/4249/3384 70/4250/444 570/4251/447
f 3383/4252/3384 3382/4253/3383 3384/4254/3385 3385/4255/3386
f 3383/4256/3384 3385/4257/3386 571/4258/448 70/4259/444
f 3385/4255/3386 3384/4254/3385 3386/4260/3387 3387/4261/3388
f 3385/4255/3386 3387/4261/3388 3388/4262/3389 571/4263/448
f 3388/4262/3389 564/4264/440 563/4265/439 571/4263/448
f 3388/4262/3389 3387/4261/3388 3389/4266/3390 3390/4267/3391
f 3388/4262/3389 3390/4267/3391 562/4268/437 564/4264/440
f 3390/4267/3391 3389/4266/3390 321/226/146 330/225/156
f 3390/4267/3391 330/225/156 343/240/170 562/4268/437
f 3389/4266/3390 3387/4261/3388 3386/4260/3387 3391/4269/3392
f 3389/4266/3390 3391/4269/3392 322/211/147 321/226/146
f 3391/4269/3392 3386/4260/3387 1181/1587/1177 1180/1586/1176
f 3391/4269/3392 1180/1586/1176 323/212/148 322/211/147
f 3386/4260/3387 3384/4254/3385 3392/4270/3393 1181/1587/1177
f 3392/4270/3393 3384/4254/3385 3382/4253/3383 3393/4271/3394
f 3392/4270/3393 3393/4271/3394 3394/4272/3395 3395/4273/3396
f 3392/4270/3393 3395/4273/3396 1182/1588/1178 1181/1587/1177
f 3395/4273/3396 3394/4272/3395 3396/4274/3397 3397/4275/3398
f 3395/4273/3396 3397/4275/3398 3398/4276/3399 1182/1588/1178
f 3398/4276/3399 3399/4277/3400 194/1585/1175 1182/1588/1178
f 3398/4276/3399 3397/4275/3398 3400/4278/3401 3401/4279/3402
f 3398/4276/3399 3401/4279/3402 3402/4280/3403 3399/4277/3400
f 3402/4280/3403 3403/4281/3404 3404/4282/3405 3399/4277/3400
f 3402/4280/3403 3401/4279/3402 3405/4283/3406 3406/4284/3407
f 3402/4280/3403 3406/4284/3407 3407/4285/3408 3403/4281/3404
f 3407/4285/3408 3408/4286/3409 3409/4287/3410 3403/4281/3404
f 3407/4285/3408 3406/4284/3407 3410/4288/3411 3411/4289/3412
f 3407/4285/3408 3411/4289/3412 3412/4290/3413 3408/4286/3409
f 3412/4290/3413 3413/4291/3414 3414/4292/3415 3408/4286/3409
f 3412/4290/3413 3411/4289/3412 3415/4293/3416 3416/4294/3417
f 3412/4290/3413 3416/4294/3417 3417/4295/3418 3413/4291/3414
f 3417/4295/3418 3418/4296/3419 3419/4297/3420 3413/4291/3414
f 3417/4295/3418 3416/4294/3417 3420/4298/3421 3421/4299/3422
f 3417/4295/3418 3421/4299/3422 3422/4300/3423 3418/4296/3419
f 3422/4300/3423 3423/4301/3424 3424/4302/3425 3418/4296/3419
f 3422/4300/3423 3421/4299/3422 3425/4303/3426 3426/4304/3427
f 3422/4300/3423 3426/4304/3427 3427/4305/3428 3423/4301/3424
f 3427/4305/3428 3428/4306/3429 3429/4307/3430 3423/4301/3424
f 3427/4305/3428 3426/4304/3427 3430/4308/3431 3431/4309/3432
f 3427/4310/3428 3431/4311/3432 3432/4312/3433 3428/4313/3429
f 3432/4312/3433 3431/4311/3432 2344/2962/2344 2342/2960/2342
f 3432/4312/3433 2342/2960/2342 2340/2958/2340 3433/4314/3434
f 3432/4312/3433 3433/4314/3434 3434/4315/3435 3428/4313/3429
f 3434/4315/3435 3435/4316/3436 3429/4317/3430 3428/4313/3429
f 3434/4315/3435 3433/4314/3434 3436/4318/3437 3437/4319/3438
f 3434/4315/3435 3437/4319/3438 3438/4320/3439 3435/4316/3436
f 3438/4320/3439 3439/4321/3440 3440/4322/3441 3435/4316/3436
f 3438/4320/3439 3437/4319/3438 3441/4323/3442 3442/4324/3443
f 3438/4320/3439 3442/4324/3443 3443/4325/3444 3439/4321/3440
f 3443/4325/3444 3444/4326/3445 3445/4327/3446 3439/4321/3440
f 3443/4325/3444 3442/4324/3443 3446/4328/3447 3447/4329/3448
f 3443/4325/3444 3447/4329/3448 3448/4330/3449 3444/4326/3445
f 3448/4330/3449 3449/4331/3450 3450/4332/3451 3444/4326/3445
f 3448/4330/3449 3447/4329/3448 3451/4333/3452 3452/4334/3453
f 3448/4330/3449 3452/4334/3453 3453/4335/3454 3449/4331/3450
f 3453/4335/3454 3454/4336/3455 3455/4337/3456 3449/4331/3450
f 3453/4335/3454 3452/4334/3453 3456/4338/3457 3457/4339/3458
f 3453/4335/3454 3457/4339/3458 3458/4340/3459 3454/4336/3455
f 3458/4340/3459 3459/4341/3460 3460/4342/3461 3454/4336/3455
f 3458/4340/3459 3457/4339/3458 3461/4343/3462 3462/4344/3463
f 3458/4340/3459 3462/4344/3463 3463/4345/3464 3459/4341/3460
f 3463/4345/3464 3464/4346/3465 3465/4347/3466 3459/4341/3460
f 3463/4345/3464 3462/4344/3463 3466/4348/3467 3467/4349/3468
f 3463/4345/3464 3467/4349/3468 3468/4350/3469 3464/4346/3465
f 3468/4350/3469 3469/4351/3470 3470/4352/3471 3464/4346/3465
f 3468/4350/3469 3467/4349/3468 3471/4353/3472 3472/4354/3473
f 3468/4350/3469 3472/4354/3473 3473/4355/3474 3469/4351/3470
f 3473/4355/3474 3474/4356/3475 3475/4357/3476 3469/4351/3470
f 3473/4355/3474 3472/4354/3473 3476/4358/3477 3477/4359/3478
f 3473/4355/3474 3477/4359/3478 3478/4360/3479 3474/4356/3475
f 3478/4360/3479 3479/4361/3480 3480/4362/3481 3474/4356/3475
f 3478/4360/3479 3477/4359/3478 3481/4363/3482 3482/4364/3483
f 3478/4360/3479 3482/4364/3483 3483/4365/3484 3479/4361/3480
f 3483/4365/3484 3484/4366/3485 3485/4367/3486 3479/4361/3480
f 3483/4365/3484 3482/4364/3483 3486/4368/3487 3487/4369/3488
f 3483/4365/3484 3487/4369/3488 3488/4370/3489 3484/4366/3485
f 3488/4370/3489 3489/4371/3490 3490/4372/3491 3484/4366/3485
f 3488/4370/3489 3487/4369/3488 3491/4373/3492 3492/4374/3493
f 3488/4370/3489 3492/4374/3493 3493/4375/3494 3489/4371/3490
f 3493/4375/3494 3494/4376/3495 3495/4377/3496 3489/4371/3490
f 3493/4375/3494 3492/4374/3493 3496/4378/3497 3497/4379/3498
f 3493/4375/3494 3497/4379/3498 3498/4380/3499 3494/4376/3495
f 3498/4380/3499 3499/4381/3500 3500/4382/3501 3494/4376/3495
f 3498/4380/3499 3497/4379/3498 3501/4383/3502 3502/4384/3503
f 3498/4380/3499 3502/4384/3503 3503/4385/3504 3499/4381/3500
f 3503/4385/3504 1166/1565/1160 1165/1564/1159 3499/4381/3500
f 3503/4385/3504 3502/4384/3503 3504/4386/3505 3505/4387/3506
f 3503/4385/3504 3505/4387/3506 1169/1569/1163 1166/1565/1160
f 3505/4387/3506 3504/4386/3505 3506/4388/3507 3507/4389/3508
f 3505/4387/3506 3507/4389/3508 3508/4390/3509 1169/1569/1163
f 3508/4390/3509 3509/4391/3510 1168/1570/1162 1169/1569/1163
f 3508/4390/3509 3507/4389/3508 3510/4392/3511 3511/4393/3512
f 3508/4390/3509 3511/4393/3512 3512/4394/3513 3509/4391/3510
f 3512/4395/3513 3513/4396/3514 534/531/401 3514/4397/3515
f 3512/4395/3513 3514/4397/3515 3515/4398/3516 3509/4399/3510
f 3512/4394/3513 3511/4393/3512 3516/4400/3517 3513/4401/3514
f 3516/4400/3517 3517/4402/3518 3518/4403/3519 3513/4401/3514
f 3516/4400/3517 3511/4393/3512 3510/4392/3511 3519/4404/3520
f 3516/4400/3517 3519/4404/3520 3520/4405/3521 3517/4402/3518
f 3520/4406/3521 3521/4407/3522 3522/4408/3523 3517/4409/3518
f 3520/4405/3521 3519/4404/3520 523/4410/389 3523/4411/3524
f 3520/4406/3521 3523/4412/3524 3524/4413/3525 3521/4407/3522
f 3524/4413/3525 3525/4414/3526 766/921/686 3521/4407/3522
f 3524/4415/3525 3523/4416/3524 3526/4417/3527 3527/4418/3528
f 3524/4415/3525 3527/4418/3528 3528/4419/3529 3525/4420/3526
f 3528/4419/3529 232/55/37 353/253/183 3525/4420/3526
f 3528/4419/3529 3527/4418/3528 3529/4421/3530 3530/4422/3531
f 3528/4419/3529 3530/4422/3531 233/56/38 232/55/37
f 3530/4422/3531 3529/4421/3530 538/537/406 3531/4423/3532
f 3530/4422/3531 3531/4423/3532 234/57/39 233/56/38
f 3531/4423/3532 538/537/406 537/536/405 3532/4424/3533
f 3531/4423/3532 3532/4424/3533 3533/4425/3534 234/57/39
f 3533/4425/3534 3534/4426/3535 228/46/33 234/57/39
f 3533/4427/3534 3532/4428/3533 3535/4429/3536 3536/4430/3537
f 3533/4427/3534 3536/4430/3537 3537/4431/3538 3534/4432/3535
f 3537/4431/3538 3538/4433/3539 3539/4434/3540 3534/4432/3535
f 3537/4431/3538 3536/4430/3537 3540/4435/3541 3541/4436/3542
f 3537/4431/3538 3541/4436/3542 3542/4437/3543 3538/4433/3539
f 3542/4437/3543 1696/2207/1696 1695/2206/1695 3538/4433/3539
f 3542/4437/3543 3541/4436/3542 4/25/17 205/4438/3544
f 3542/4437/3543 205/4438/3544 1697/2208/1697 1696/2207/1696
f 3541/4436/3542 3540/4435/3541 235/58/40 4/25/17
f 3540/4435/3541 3536/4430/3537 3535/4429/3536 3543/4439/3545
f 3540/4435/3541 3543/4439/3545 238/63/45 235/58/40
f 3543/4439/3545 3535/4429/3536 3544/4440/3546 3545/4441/3547
f 3543/4439/3545 3545/4441/3547 3546/4442/3548 238/63/45
f 3546/4442/3548 3545/4441/3547 3547/4443/3549 3548/4444/3550
f 3546/4442/3548 3548/4444/3550 3549/4445/3551 3550/4446/3552
f 3546/4442/3548 3550/4446/3552 239/64/46 238/63/45
f 3550/4446/3552 3549/4445/3551 3551/4447/3553 3552/4448/3554
f 3550/4446/3552 3552/4448/3554 3553/4449/3555 239/64/46
f 3553/4449/3555 3552/4448/3554 3554/4450/3556 1896/2421/1896
f 3553/4449/3555 1896/2421/1896 1894/2419/1894 236/61/43
f 3553/4449/3555 236/61/43 8/59/41 239/64/46
f 3554/4450/3556 3552/4448/3554 3551/4447/3553 3555/4451/3557
f 3554/4450/3556 3555/4451/3557 3556/4452/3558 1899/2424/1899
f 3554/4450/3556 1899/2424/1899 1897/2422/1897 1896/2421/1896
f 3556/4452/3558 3555/4451/3557 3557/4453/3559 2292/4454/2292
f 3556/4452/3558 2292/4454/2292 2290/4455/2290 1902/2427/1902
f 3556/4452/3558 1902/2427/1902 1900/2425/1900 1899/2424/1899
f 3557/4453/3559 3555/4451/3557 3551/4447/3553 3558/4456/3560
f 3557/4457/3559 3558/4458/3560 3559/4459/3561 2295/2911/2295
f 3557/4457/3559 2295/2911/2295 2293/2909/2293 2292/2908/2292
f 3559/4459/3561 3558/4458/3560 3560/4460/3562 3561/4461/3563
f 3559/4459/3561 3561/4461/3563 3562/4462/3564 2298/2914/2298
f 3559/4459/3561 2298/2914/2298 2296/2912/2296 2295/2911/2295
f 3562/4462/3564 3561/4461/3563 3563/4463/3565 3564/4464/3566
f 3562/4462/3564 3564/4464/3566 3565/4465/3567 3566/4466/3568
f 3562/4462/3564 3566/4466/3568 2299/2915/2299 2298/2914/2298
f 3566/4466/3568 3565/4465/3567 3567/4467/3569 3568/4468/3570
f 3566/4466/3568 3568/4468/3570 2300/2916/2300 2299/2915/2299
f 3568/4468/3570 3567/4467/3569 3569/4469/3571 3570/4470/3572
f 3568/4468/3570 3570/4470/3572 2302/2918/2302 2300/2916/2300
f 3570/4470/3572 3569/4469/3571 3491/4373/3492 3571/4471/3573
f 3570/4470/3572 3571/4471/3573 2304/2920/2304 2302/2918/2302
f 3571/4471/3573 3491/4373/3492 3487/4369/3488 3486/4368/3487
f 3571/4471/3573 3486/4368/3487 3572/4472/3574 2304/2920/2304
f 3572/4472/3574 3486/4368/3487 3482/4364/3483 3481/4363/3482
f 3572/4472/3574 3481/4363/3482 3573/4473/3575 2307/2923/2307
f 3572/4472/3574 2307/2923/2307 2305/2921/2305 2304/2920/2304
f 3573/4473/3575 3481/4363/3482 3477/4359/3478 3476/4358/3477
f 3573/4473/3575 3476/4358/3477 3574/4474/3576 2310/2926/2310
f 3573/4473/3575 2310/2926/2310 2308/2924/2308 2307/2923/2307
f 3574/4474/3576 3476/4358/3477 3472/4354/3473 3471/4353/3472
f 3574/4474/3576 3471/4353/3472 3575/4475/3577 2313/2929/2313
f 3574/4474/3576 2313/2929/2313 2311/2927/2311 2310/2926/2310
f 3575/4475/3577 3471/4353/3472 3467/4349/3468 3466/4348/3467
f 3575/4475/3577 3466/4348/3467 3576/4476/3578 2316/2932/2316
f 3575/4475/3577 2316/2932/2316 2314/2930/2314 2313/2929/2313
f 3576/4476/3578 3466/4348/3467 3462/4344/3463 3461/4343/3462
f 3576/4476/3578 3461/4343/3462 3577/4477/3579 2319/2935/2319
f 3576/4476/3578 2319/2935/2319 2317/2933/2317 2316/2932/2316
f 3577/4477/3579 3461/4343/3462 3457/4339/3458 3456/4338/3457
f 3577/4477/3579 3456/4338/3457 3578/4478/3580 2322/2938/2322
f 3577/4477/3579 2322/2938/2322 2320/2936/2320 2319/2935/2319
f 3578/4478/3580 3456/4338/3457 3452/4334/3453 3451/4333/3452
f 3578/4478/3580 3451/4333/3452 3579/4479/3581 2325/2941/2325
f 3578/4478/3580 2325/2941/2325 2323/2939/2323 2322/2938/2322
f 3579/4479/3581 3451/4333/3452 3447/4329/3448 3446/4328/3447
f 3579/4479/3581 3446/4328/3447 3580/4480/3582 2328/2944/2328
f 3579/4479/3581 2328/2944/2328 2326/2942/2326 2325/2941/2325
f 3580/4480/3582 3446/4328/3447 3442/4324/3443 3441/4323/3442
f 3580/4480/3582 3441/4323/3442 3581/4481/3583 2331/2947/2331
f 3580/4480/3582 2331/2947/2331 2329/2945/2329 2328/2944/2328
f 3581/4481/3583 3441/4323/3442 3437/4319/3438 3436/4318/3437
f 3581/4481/3583 3436/4318/3437 2339/2957/2339 2334/2950/2334
f 3581/4481/3583 2334/2950/2334 2332/2948/2332 2331/2947/2331
f 3569/4469/3571 3496/4378/3497 3492/4374/3493 3491/4373/3492
f 3569/4469/3571 3567/4467/3569 3582/4482/3584 3496/4378/3497
f 3582/4482/3584 3501/4383/3502 3497/4379/3498 3496/4378/3497
f 3582/4482/3584 3567/4467/3569 3565/4465/3567 3583/4483/3585
f 3582/4482/3584 3583/4483/3585 3584/4484/3586 3501/4383/3502
f 3584/4484/3586 3504/4386/3505 3502/4384/3503 3501/4383/3502
f 3584/4484/3586 3583/4483/3585 3585/4485/3587 3586/4486/3588
f 3584/4484/3586 3586/4486/3588 3506/4388/3507 3504/4386/3505
f 3586/4486/3588 59/4487/387 524/4488/390 3506/4388/3507
f 3586/4486/3588 3585/4485/3587 527/4489/393 59/4487/387
f 3585/4485/3587 3583/4483/3585 3565/4465/3567 3564/4464/3566
f 3585/4485/3587 3564/4464/3566 3563/4463/3565 527/4489/393
f 3563/4490/3565 3587/4491/3589 528/523/394 527/522/393
f 3563/4463/3565 3561/4461/3563 3560/4460/3562 3587/4492/3589
f 3587/4491/3589 3548/4444/3550 3547/4443/3549 528/523/394
f 3587/4491/3589 3560/4493/3562 3549/4445/3551 3548/4444/3550
f 3560/4493/3562 3558/4456/3560 3551/4447/3553 3549/4445/3551
f 3547/4443/3549 3545/4441/3547 3544/4440/3546 3588/4494/3590
f 3547/4443/3549 3588/4494/3590 525/524/391 528/523/394
f 3588/4494/3590 3544/4440/3546 537/4495/405 536/4496/404
f 3588/4494/3590 536/4496/404 526/4497/392 525/524/391
f 3544/4440/3546 3535/4429/3536 3532/4428/3533 537/4495/405
f 3539/4498/3540 3589/4499/3591 3590/4500/3592 229/47/34
f 3539/4498/3540 229/47/34 228/46/33 3534/4426/3535
f 3539/4434/3540 3538/4433/3539 1695/2206/1695 3589/4501/3591
f 3590/4500/3592 3591/4502/3593 3592/4503/3594 3593/4504/3595
f 3590/4500/3592 3593/4504/3595 230/48/35 229/47/34
f 3590/4500/3592 3589/4499/3591 1692/4505/1692 3591/4502/3593
f 3593/4504/3595 3592/4503/3594 3594/4506/3596 3595/4507/3597
f 3593/4504/3595 3595/4507/3597 231/49/36 230/48/35
f 3595/4507/3597 3594/4506/3596 3596/4508/3598 3597/4509/3599
f 3595/4507/3597 3597/4509/3599 3598/4510/3600 231/49/36
f 3598/4510/3600 3597/4509/3599 3599/4511/3601 3600/4512/3602
f 3598/4510/3600 3600/4512/3602 208/4513/6 207/4514/5
f 3598/4510/3600 207/4514/5 211/50/10 231/49/36
f 3600/4512/3602 3599/4511/3601 3601/4515/3603 216/24/16
f 3600/4512/3602 216/24/16 215/23/15 208/4513/6
f 3601/4515/3603 3602/4516/3604 3603/4517/3605 3604/4518/3606
f 3601/4515/3603 3604/4518/3606 212/16/12 216/24/16
f 3601/4515/3603 3599/4511/3601 3605/4519/3607 3602/4516/3604
f 3605/4519/3607 391/315/236 390/314/235 3602/4516/3604
f 3605/4519/3607 3599/4511/3601 3597/4509/3599 3596/4508/3598
f 3605/4519/3607 3596/4508/3598 227/1267/31 391/315/236
f 3604/4520/3606 3603/4521/3605 3606/4522/3608 3607/4523/3609
f 3604/4520/3606 3607/4523/3609 213/4524/13 212/4525/12
f 3607/4523/3609 3606/4522/3608 3608/4526/3610 3609/4527/3611
f 3607/4523/3609 3609/4527/3611 3610/4528/3612 213/4524/13
f 3610/4528/3612 3609/4527/3611 3611/4529/3613 3612/4530/3614
f 3610/4528/3612 3612/4530/3614 765/4531/685 3613/4532/3615
f 3610/4528/3612 3613/4532/3615 214/4533/14 213/4524/13
f 3613/4532/3615 765/4531/685 107/919/684 767/922/687
f 3613/4532/3615 767/922/687 353/4534/183 214/4533/14
f 3612/4535/3614 3611/4536/3613 3614/4537/3616 3615/4538/3617
f 3612/4535/3614 3615/4538/3617 761/913/680 765/918/685
f 3615/4538/3617 3614/4537/3616 3616/4539/3618 3617/4540/3619
f 3615/4538/3617 3617/4540/3619 762/914/681 761/913/680
f 3617/4541/3619 3616/4542/3618 3618/4543/3620 3619/4544/3621
f 3617/4541/3619 3619/4544/3621 3620/4545/3622 762/4546/681
f 3620/4547/3622 3619/4548/3621 3621/4549/3623 3622/4550/3624
f 3620/4547/3622 3622/4550/3624 3623/4551/3625 3624/4552/3626
f 3620/4545/3622 3624/4553/3626 763/4554/682 762/4546/681
f 3624/4552/3626 3623/4551/3625 531/528/398 530/527/397
f 3624/4553/3626 530/4555/397 3625/4556/3627 763/4554/682
f 3625/4556/3627 530/4555/397 529/4557/396 3518/4558/3519
f 3625/4556/3627 3518/4558/3519 3517/4409/3518 3522/4408/3523
f 3625/4559/3627 3522/4560/3523 764/916/683 763/915/682
f 3623/4551/3625 3622/4550/3624 3626/4561/3628 1135/1511/1124
f 3623/4551/3625 1135/1511/1124 532/529/399 531/528/398
f 3626/4561/3628 3627/4562/3629 3628/4563/3630 3629/4564/3631
f 3626/4561/3628 3629/4564/3631 1133/1508/1122 1135/1511/1124
f 3626/4561/3628 3622/4550/3624 3621/4549/3623 3627/4562/3629
f 3629/4565/3631 3628/4566/3630 3630/4567/3632 3631/4568/3633
f 3629/4564/3631 3631/4569/3633 1134/1509/1123 1133/1508/1122
f 3630/4570/3632 3632/4571/3634 3633/4572/3635 3634/4573/3636
f 3630/4570/3632 3634/4573/3636 3635/4574/3637 3631/4569/3633
f 3630/4567/3632 3628/4566/3630 3636/4575/3638 3632/4576/3634
f 3636/4575/3638 3637/4577/3639 3638/4578/3640 3632/4576/3634
f 3636/4579/3638 3628/4563/3630 3627/4562/3629 3639/4580/3641
f 3636/4579/3638 3639/4580/3641 3640/4581/3642 3637/4582/3639
f 3640/4581/3642 3641/4583/3643 3642/4584/3644 3637/4582/3639
f 3640/4581/3642 3639/4580/3641 3643/4585/3645 3644/4586/3646
f 3640/4581/3642 3644/4586/3646 3645/4587/3647 3641/4583/3643
f 3645/4587/3647 3646/4588/3648 3647/4589/3649 3641/4583/3643
f 3645/4587/3647 3644/4586/3646 3648/4590/3650 3649/4591/3651
f 3645/4587/3647 3649/4591/3651 3650/4592/3652 3646/4588/3648
f 3650/4592/3652 3651/4593/3653 3652/4594/3654 3646/4588/3648
f 3650/4595/3652 3649/4596/3651 3653/4597/3655 3654/4598/3656
f 3650/4595/3652 3654/4598/3656 3655/4599/3657 3651/4600/3653
f 3655/4599/3657 3656/4601/3658 3657/4602/3659 3651/4600/3653
f 3655/4599/3657 3654/4598/3656 3658/4603/3660 3659/4604/3661
f 3655/4605/3657 3659/4606/3661 3660/4607/3662 3656/4608/3658
f 3660/4607/3662 3661/4609/3663 3662/4610/3664 3656/4608/3658
f 3660/4607/3662 3659/4606/3661 3663/4611/3665 3664/4612/3666
f 3660/4607/3662 3664/4612/3666 3665/4613/3667 3661/4609/3663
f 3665/4613/3667 3666/4614/3668 3667/4615/3669 3661/4609/3663
f 3665/4616/3667 3664/4617/3666 1672/2175/1672 1670/2171/1670
f 3665/4616/3667 1670/2171/1670 1668/2168/1668 3666/4618/3668
f 3667/4615/3669 3668/4619/3670 3669/4620/3671 3670/4621/3672
f 3667/4615/3669 3670/4621/3672 3662/4610/3664 3661/4609/3663
f 3667/4615/3669 3666/4614/3668 3671/4622/3673 3668/4619/3670
f 3671/4622/3673 3672/4623/3674 3673/4624/3675 3668/4619/3670
f 3671/4625/3673 3666/4618/3668 1668/2168/1668 1667/2167/1667
f 3671/4625/3673 1667/2167/1667 1666/2166/1666 3672/4626/3674
f 3673/4627/3675 3674/4628/3676 3675/4629/3677 3676/4630/3678
f 3673/4624/3675 3676/4631/3678 3669/4620/3671 3668/4619/3670
f 3673/4627/3675 3672/4626/3674 3677/4632/3679 3674/4628/3676
f 3677/4632/3679 1652/4633/1652 3678/4634/3680 3674/4628/3676
f 3677/4632/3679 3672/4626/3674 1666/2166/1666 3679/4635/3681
f 3677/4632/3679 3679/4635/3681 1653/4636/1653 1652/4633/1652
f 3679/4635/3681 1666/2166/1666 1664/2165/1664 1663/4637/1663
f 3679/4635/3681 1663/4637/1663 1654/4638/1654 1653/4636/1653
f 3678/4639/3680 1649/2137/1649 3680/4640/3682 3681/4641/3683
f 3678/4634/3680 3681/4642/3683 3675/4629/3677 3674/4628/3676
f 3678/4639/3680 1652/2140/1652 1650/2138/1650 1649/2137/1649
f 3681/4641/3683 3680/4640/3682 750/899/667 749/898/666
f 3681/4642/3683 749/4643/666 748/4644/665 3675/4629/3677
f 3680/4640/3682 1649/2137/1649 1647/2135/1647 3682/4645/3684
f 3680/4640/3682 3682/4645/3684 3683/4646/3685 750/899/667
f 3683/4646/3685 3684/4647/3686 745/900/662 750/899/667
f 3683/4646/3685 3682/4645/3684 3685/4648/3687 3686/4649/3688
f 3683/4646/3685 3686/4649/3688 3687/4650/3689 3684/4647/3686
f 3687/4651/3689 3688/4652/3690 3689/4653/3691 3684/4654/3686
f 3687/4650/3689 3686/4649/3688 3690/4655/3692 3691/4656/3693
f 3687/4651/3689 3691/4657/3693 3692/4658/3694 3688/4652/3690
f 3692/4658/3694 860/4659/796 859/4660/795 3688/4652/3690
f 3692/4661/3694 3691/4656/3693 3693/4662/3695 3694/4663/3696
f 3692/4658/3694 3694/4664/3696 862/4665/800 860/4659/796
f 3694/4663/3696 3693/4662/3695 3695/4666/3697 3696/4667/3698
f 3694/4664/3696 3696/4668/3698 3697/4669/3699 862/4665/800
f 3697/4670/3699 3698/4671/3700 863/1064/801 862/1063/800
f 3697/4670/3699 3696/4667/3698 3699/4672/3701 3700/4673/3702
f 3697/4674/3699 3700/4675/3702 3701/4676/3703 3698/4677/3700
f 3701/4678/3703 3702/4679/3704 3703/4680/3705 3698/4671/3700
f 3701/4676/3703 3700/4675/3702 3704/4681/3706 3705/4682/3707
f 3701/4678/3703 3705/4683/3707 3706/4684/3708 3702/4679/3704
f 3706/4684/3708 3707/4685/3709 3708/4686/3710 3702/4679/3704
f 3706/4684/3708 3705/4683/3707 3709/4687/3711 3710/4688/3712
f 3706/4684/3708 3710/4688/3712 3711/4689/3713 3707/4685/3709
f 3711/4689/3713 3712/4690/3714 3713/4691/3715 3707/4685/3709
f 3711/4689/3713 3710/4688/3712 3714/4692/3716 3715/4693/3717
f 3711/4689/3713 3715/4693/3717 3716/4694/3718 3712/4690/3714
f 3716/4694/3718 3717/4695/3719 3718/4696/3720 3712/4690/3714
f 3716/4694/3718 3715/4693/3717 3719/4697/3721 3720/4698/3722
f 3716/4694/3718 3720/4698/3722 3721/4699/3723 3717/4695/3719
f 3721/4700/3723 3722/4701/3724 3723/4702/3725 3717/4703/3719
f 3721/4699/3723 3720/4698/3722 1616/2096/1616 1615/2095/1615
f 3721/4700/3723 1615/4704/1615 3724/4705/3726 3722/4701/3724
f 3724/4705/3726 1615/4704/1615 1613/2092/1613 1612/2091/1612
f 3724/4705/3726 1612/2091/1612 3725/4706/3727 3726/4707/3728
f 3724/4705/3726 3726/4707/3728 3727/4708/3729 3722/4701/3724
f 3727/4708/3729 3726/4707/3728 3728/4709/3730 3729/4710/3731
f 3727/4708/3729 3729/4710/3731 3730/4711/3732 3731/4712/3733
f 3727/4708/3729 3731/4712/3733 3723/4702/3725 3722/4701/3724
f 3731/4712/3733 3730/4711/3732 3732/4713/3734 3733/4714/3735
f 3731/4712/3733 3733/4714/3735 3734/4715/3736 3723/4702/3725
f 3734/4715/3736 3733/4714/3735 3735/4716/3737 3736/4717/3738
f 3734/4718/3736 3736/4719/3738 3737/4720/3739 3718/4696/3720
f 3734/4718/3736 3718/4696/3720 3717/4695/3719 3723/4721/3725
f 3737/4720/3739 3736/4719/3738 3738/4722/3740 3739/4723/3741
f 3737/4720/3739 3739/4723/3741 3740/4724/3742 3713/4691/3715
f 3737/4720/3739 3713/4691/3715 3712/4690/3714 3718/4696/3720
f 3740/4724/3742 3739/4723/3741 3741/4725/3743 3742/4726/3744
f 3740/4724/3742 3742/4726/3744 3743/4727/3745 3708/4686/3710
f 3740/4724/3742 3708/4686/3710 3707/4685/3709 3713/4691/3715
f 3743/4727/3745 3742/4726/3744 3744/4728/3746 3745/4729/3747
f 3743/4727/3745 3745/4729/3747 864/1065/802 3703/4680/3705
f 3743/4727/3745 3703/4680/3705 3702/4679/3704 3708/4686/3710
f 3745/4729/3747 3744/4728/3746 3746/4730/3748 865/1067/803
f 3745/4729/3747 865/1067/803 128/1066/797 864/1065/802
f 3746/4731/3748 3744/4732/3746 3747/4733/3749 3748/4734/3750
f 3746/4730/3748 3748/4735/3750 3749/4736/3751 3750/4737/3752
f 3746/4730/3748 3750/4737/3752 866/1068/804 865/1067/803
f 3750/4737/3752 3749/4736/3751 3751/4738/3753 3752/4739/3754
f 3750/4737/3752 3752/4739/3754 3753/4740/3755 866/1068/804
f 3753/4740/3755 867/4741/805 861/1069/798 866/1068/804
f 3753/4740/3755 3752/4739/3754 961/4742/915 3754/4743/3756
f 3753/4740/3755 3754/4743/3756 3755/4744/3757 867/4741/805
f 3755/4745/3757 3754/4746/3756 3756/4747/3758 3757/4748/3759
f 3755/4745/3757 3757/4748/3759 3758/4749/3760 3759/4750/3761
f 3755/4745/3757 3759/4750/3761 868/1071/806 867/1070/805
f 3759/4750/3761 3758/4749/3760 871/1078/810 870/4751/809
f 3759/4750/3761 870/4751/809 858/1072/794 868/1071/806
f 3758/4749/3760 3757/4748/3759 3760/4752/3762 3761/4753/3763
f 3758/4749/3760 3761/4753/3763 872/1079/811 871/1078/810
f 3761/4753/3763 3760/4752/3762 3762/4754/3764 3763/4755/3765
f 3761/4753/3763 3763/4755/3765 3764/4756/3766 872/1079/811
f 3764/4756/3766 3763/4755/3765 3765/4757/3767 3766/4758/3768
f 3764/4756/3766 3766/4758/3768 3767/4759/3769 3768/4760/3770
f 3764/4756/3766 3768/4760/3770 873/1080/812 872/1079/811
f 3768/4760/3770 3767/4759/3769 3769/4761/3771 3770/4762/3772
f 3768/4760/3770 3770/4762/3772 875/1082/814 873/1080/812
f 3770/4762/3772 3769/4761/3771 3771/4763/3773 3772/4764/3774
f 3770/4762/3772 3772/4764/3774 3773/4765/3775 875/1082/814
f 3773/4765/3775 3774/4766/3776 874/1081/813 875/1082/814
f 3773/4767/3775 3772/4768/3774 3670/4769/3672 3669/4770/3671
f 3773/4767/3775 3669/4770/3671 3676/4630/3678 3774/4771/3776
f 3774/4766/3776 748/895/665 747/894/664 874/1081/813
f 3774/4771/3776 3676/4630/3678 3675/4629/3677 748/4644/665
f 3772/4768/3774 3771/4772/3773 3662/4773/3664 3670/4769/3672
f 3771/4763/3773 3769/4761/3771 3775/4774/3777 3657/4775/3659
f 3771/4772/3773 3657/4602/3659 3656/4601/3658 3662/4773/3664
f 3775/4774/3777 3769/4761/3771 3767/4759/3769 3776/4776/3778
f 3775/4774/3777 3776/4776/3778 3777/4777/3779 3652/4594/3654
f 3775/4774/3777 3652/4594/3654 3651/4593/3653 3657/4775/3659
f 3777/4777/3779 3776/4776/3778 3778/4778/3780 3779/4779/3781
f 3777/4777/3779 3779/4779/3781 3780/4780/3782 3647/4589/3649
f 3777/4777/3779 3647/4589/3649 3646/4588/3648 3652/4594/3654
f 3780/4781/3782 3779/4782/3781 3781/4783/3783 3782/4784/3784
f 3780/4780/3782 3782/4785/3784 3783/4786/3785 3642/4584/3644
f 3780/4780/3782 3642/4584/3644 3641/4583/3643 3647/4589/3649
f 3783/4786/3785 3782/4785/3784 3784/4787/3786 3785/4788/3787
f 3783/4786/3785 3785/4788/3787 3786/4789/3788 3638/4790/3640
f 3783/4791/3785 3638/4578/3640 3637/4577/3639 3642/4792/3644
f 3786/4793/3788 3785/4794/3787 3787/4795/3789 3788/4796/3790
f 3786/4793/3788 3788/4796/3790 3789/4797/3791 3633/4798/3635
f 3786/4789/3788 3633/4572/3635 3632/4571/3634 3638/4790/3640
f 3789/4797/3791 3788/4796/3790 3790/4799/3792 3791/4800/3793
f 3789/4797/3791 3791/4800/3793 998/1287/960 3792/4801/3794
f 3789/4797/3791 3792/4801/3794 3634/4802/3636 3633/4798/3635
f 3792/4801/3794 998/1287/960 997/1286/959 3793/4803/3795
f 3792/4801/3794 3793/4803/3795 3635/4804/3637 3634/4802/3636
f 3793/4803/3795 997/1286/959 999/1290/961 3794/4805/3796
f 3793/4803/3795 3794/4805/3796 3795/4806/3797 3635/4804/3637
f 3794/4805/3796 999/1290/961 1000/1294/964 3796/4807/3798
f 3794/4805/3796 3796/4807/3798 3797/4808/3799 3795/4806/3797
f 3796/4807/3798 1000/1294/964 3798/4809/3800 3799/4810/3801
f 3796/4807/3798 3799/4810/3801 3800/4811/3802 3797/4808/3799
f 3799/4810/3801 3798/4809/3800 3801/4812/3803 834/4813/764
f 3799/4810/3801 834/4813/764 833/4814/763 3800/4811/3802
f 3801/4815/3803 3802/4816/3804 3803/4817/3805 3804/4818/3806
f 3801/4819/3803 3804/4820/3806 835/1017/765 834/1016/764
f 3801/4812/3803 3798/4809/3800 3805/4821/3807 3802/4822/3804
f 3805/4823/3807 1004/1299/969 837/1023/768 3802/4824/3804
f 3805/4821/3807 3798/4809/3800 1000/1294/964 155/1293/962
f 3805/4823/3807 155/1291/962 1002/1296/966 1004/1299/969
f 3804/4818/3806 3803/4817/3805 829/4825/3808 828/4826/3809
f 3804/4820/3806 828/4827/3809 830/4828/766 835/1017/765
f 3803/4829/3805 836/1022/767 830/4830/766 829/4831/3808
f 3803/4829/3805 3802/4824/3804 837/1023/768 836/1022/767
f 3791/4800/3793 3790/4799/3792 3806/4832/3810 3807/4833/3811
f 3791/4800/3793 3807/4833/3811 995/1288/957 998/1287/960
f 3807/4834/3811 3806/4835/3810 3808/4836/3812 3809/4837/3813
f 3807/4834/3811 3809/4837/3813 996/1284/958 995/1283/957
f 3809/4837/3813 3808/4836/3812 3810/4838/3814 3811/4839/3815
f 3809/4837/3813 3811/4839/3815 3812/4840/3816 996/1284/958
f 3812/4840/3816 3811/4839/3815 3813/4841/3817 3814/4842/3818
f 3812/4840/3816 3814/4842/3818 3815/4843/3819 3816/4844/3820
f 3812/4840/3816 3816/4844/3820 992/1280/954 996/1284/958
f 3816/4844/3820 3815/4843/3819 3817/4845/3821 1003/1297/967
f 3816/4844/3820 1003/1297/967 993/1281/955 992/1280/954
f 3817/4845/3821 3815/4843/3819 3818/4846/3822 3819/4847/3823
f 3817/4845/3821 3819/4847/3823 3820/4848/3824 3821/4849/3825
f 3817/4845/3821 3821/4849/3825 1001/1295/965 1003/1297/967
f 3821/4849/3825 3820/4848/3824 1006/1301/971 1005/1300/970
f 3821/4849/3825 1005/1300/970 1002/1296/966 1001/1295/965
f 3820/4848/3824 3819/4847/3823 3822/4850/3826 3823/4851/3827
f 3820/4848/3824 3823/4851/3827 819/990/748 1006/1301/971
f 3823/4851/3827 3822/4850/3826 3824/4852/3828 3825/4853/3829
f 3823/4851/3827 3825/4853/3829 820/991/749 819/990/748
f 3825/4853/3829 3824/4852/3828 3826/4854/3830 3827/4855/3831
f 3825/4853/3829 3827/4855/3831 3828/4856/3832 820/991/749
f 3828/4856/3832 3827/4855/3831 3829/4857/3833 3830/4858/3834
f 3828/4856/3832 3830/4858/3834 3831/4859/3835 827/1003/758
f 3828/4856/3832 827/1003/758 821/992/750 820/991/749
f 3831/4859/3835 3830/4858/3834 3832/4860/3836 3833/4861/3837
f 3831/4859/3835 3833/4861/3837 3834/4862/3838 3835/4863/3839
f 3831/4859/3835 3835/4863/3839 120/997/753 827/1003/758
f 3835/4863/3839 3834/4862/3838 3836/4864/3840 3837/4865/3841
f 3835/4863/3839 3837/4865/3841 825/1001/756 120/997/753
f 3837/4866/3841 3836/4867/3840 3838/4868/3842 1167/1566/1161
f 3837/4866/3841 1167/1566/1161 1162/1554/1154 825/1558/756
f 3838/4868/3842 3836/4867/3840 3839/4869/3843 3840/4870/3844
f 3838/4868/3842 3840/4870/3844 3841/4871/3845 3842/4872/3846
f 3838/4868/3842 3842/4872/3846 1164/1563/1158 1167/1566/1161
f 3842/4872/3846 3841/4871/3845 3843/4873/3847 3844/4874/3848
f 3842/4872/3846 3844/4874/3848 1165/1564/1159 1164/1563/1158
f 3844/4874/3848 3843/4873/3847 3845/4875/3849 3500/4382/3501
f 3844/4874/3848 3500/4382/3501 3499/4381/3500 1165/1564/1159
f 3845/4875/3849 3843/4873/3847 3846/4876/3850 3847/4877/3851
f 3845/4875/3849 3847/4877/3851 3848/4878/3852 3495/4377/3496
f 3845/4875/3849 3495/4377/3496 3494/4376/3495 3500/4382/3501
f 3848/4878/3852 3847/4877/3851 3849/4879/3853 3850/4880/3854
f 3848/4878/3852 3850/4880/3854 3851/4881/3855 3490/4372/3491
f 3848/4878/3852 3490/4372/3491 3489/4371/3490 3495/4377/3496
f 3851/4881/3855 3850/4880/3854 3852/4882/3856 3853/4883/3857
f 3851/4881/3855 3853/4883/3857 3854/4884/3858 3485/4367/3486
f 3851/4881/3855 3485/4367/3486 3484/4366/3485 3490/4372/3491
f 3854/4884/3858 3853/4883/3857 3855/4885/3859 3856/4886/3860
f 3854/4884/3858 3856/4886/3860 3857/4887/3861 3480/4362/3481
f 3854/4884/3858 3480/4362/3481 3479/4361/3480 3485/4367/3486
f 3857/4887/3861 3856/4886/3860 3858/4888/3862 3859/4889/3863
f 3857/4887/3861 3859/4889/3863 3860/4890/3864 3475/4357/3476
f 3857/4887/3861 3475/4357/3476 3474/4356/3475 3480/4362/3481
f 3860/4890/3864 3859/4889/3863 3861/4891/3865 3862/4892/3866
f 3860/4890/3864 3862/4892/3866 3863/4893/3867 3470/4352/3471
f 3860/4890/3864 3470/4352/3471 3469/4351/3470 3475/4357/3476
f 3863/4893/3867 3862/4892/3866 3864/4894/3868 3865/4895/3869
f 3863/4893/3867 3865/4895/3869 3866/4896/3870 3465/4347/3466
f 3863/4893/3867 3465/4347/3466 3464/4346/3465 3470/4352/3471
f 3866/4896/3870 3865/4895/3869 3867/4897/3871 3868/4898/3872
f 3866/4896/3870 3868/4898/3872 3869/4899/3873 3460/4342/3461
f 3866/4896/3870 3460/4342/3461 3459/4341/3460 3465/4347/3466
f 3869/4899/3873 3868/4898/3872 3870/4900/3874 3871/4901/3875
f 3869/4899/3873 3871/4901/3875 3872/4902/3876 3455/4337/3456
f 3869/4899/3873 3455/4337/3456 3454/4336/3455 3460/4342/3461
f 3872/4902/3876 3871/4901/3875 3873/4903/3877 3874/4904/3878
f 3872/4902/3876 3874/4904/3878 3875/4905/3879 3450/4332/3451
f 3872/4902/3876 3450/4332/3451 3449/4331/3450 3455/4337/3456
f 3875/4905/3879 3874/4904/3878 3876/4906/3880 3877/4907/3881
f 3875/4905/3879 3877/4907/3881 3878/4908/3882 3445/4327/3446
f 3875/4905/3879 3445/4327/3446 3444/4326/3445 3450/4332/3451
f 3878/4908/3882 3877/4907/3881 3879/4909/3883 3880/4910/3884
f 3878/4908/3882 3880/4910/3884 3881/4911/3885 3440/4322/3441
f 3878/4908/3882 3440/4322/3441 3439/4321/3440 3445/4327/3446
f 3881/4912/3885 3880/4913/3884 3882/4914/3886 3424/4302/3425
f 3881/4912/3885 3424/4302/3425 3423/4301/3424 3429/4307/3430
f 3881/4911/3885 3429/4317/3430 3435/4316/3436 3440/4322/3441
f 3882/4914/3886 3883/4915/3887 3884/4916/3888 3419/4297/3420
f 3882/4914/3886 3419/4297/3420 3418/4296/3419 3424/4302/3425
f 3882/4914/3886 3880/4913/3884 3879/4917/3883 3883/4915/3887
f 3884/4916/3888 3883/4915/3887 3885/4918/3889 3886/4919/3890
f 3884/4916/3888 3886/4919/3890 3887/4920/3891 3414/4292/3415
f 3884/4916/3888 3414/4292/3415 3413/4291/3414 3419/4297/3420
f 3887/4920/3891 3886/4919/3890 3888/4921/3892 3889/4922/3893
f 3887/4920/3891 3889/4922/3893 3890/4923/3894 3409/4287/3410
f 3887/4920/3891 3409/4287/3410 3408/4286/3409 3414/4292/3415
f 3890/4923/3894 3889/4922/3893 317/202/140 3891/4924/3895
f 3890/4923/3894 3891/4924/3895 1183/1589/1179 3404/4282/3405
f 3890/4923/3894 3404/4282/3405 3403/4281/3404 3409/4287/3410
f 3891/4924/3895 317/202/140 316/201/139 3892/4925/3896
f 3891/4924/3895 3892/4925/3896 1184/1590/1180 1183/1589/1179
f 3892/4925/3896 316/201/139 313/197/135 3893/4926/3897
f 3892/4925/3896 3893/4926/3897 3894/4927/3898 1184/1590/1180
f 3894/4927/3898 3893/4926/3897 3895/4928/3899 3896/4929/3900
f 3894/4927/3898 3896/4929/3900 3897/4930/3901 3898/4931/3902
f 3894/4927/3898 3898/4931/3902 1185/1591/1181 1184/1590/1180
f 3898/4931/3902 3897/4930/3901 326/4932/152 324/213/149
f 3898/4931/3902 324/213/149 323/212/148 1185/1591/1181
f 3897/4930/3901 3896/4929/3900 3899/4933/3903 3900/4934/3904
f 3897/4930/3901 3900/4934/3904 339/4935/164 326/4932/152
f 3900/4934/3904 3899/4933/3903 3901/4936/3905 3902/4937/3906
f 3900/4934/3904 3902/4937/3906 342/4938/168 339/4935/164
f 3902/4937/3906 3901/4936/3905 3903/4939/3907 3904/4940/3908
f 3902/4937/3906 3904/4940/3908 3905/4941/3909 342/4938/168
f 3905/4941/3909 3904/4940/3908 3906/4942/3910 3907/4943/3911
f 3905/4944/3909 3907/4945/3911 3908/4946/3912 3909/4947/3913
f 3905/4944/3909 3909/4947/3913 335/233/163 342/238/168
f 3909/4947/3913 3908/4946/3912 3910/4948/3914 3911/4949/3915
f 3909/4947/3913 3911/4949/3915 333/231/161 335/233/163
f 3911/4949/3915 3910/4948/3914 908/4950/853 905/4951/850
f 3911/4949/3915 905/4951/850 334/232/162 333/231/161
f 3910/4948/3914 3908/4946/3912 3912/4952/3916 3913/4953/3917
f 3910/4948/3914 3913/4953/3917 3914/4954/3918 908/4950/853
f 3914/4954/3918 3913/4953/3917 3915/4955/3919 3916/4956/3920
f 3914/4957/3918 3916/4958/3920 3917/4959/3921 3918/4960/3922
f 3914/4957/3918 3918/4960/3922 906/1139/851 908/1142/853
f 3918/4960/3922 3917/4959/3921 923/1165/870 922/1164/869
f 3918/4960/3922 922/1164/869 907/1140/852 906/1139/851
f 3917/4959/3921 937/1190/886 918/1158/864 923/1165/870
f 3917/4961/3921 3916/4956/3920 938/1195/887 937/1194/886
f 3916/4956/3920 3915/4955/3919 3919/4962/3923 938/1195/887
f 3919/4962/3923 3920/4963/3924 545/4964/416 547/4965/419
f 3919/4962/3923 547/4965/419 556/1196/428 938/1195/887
f 3919/4962/3923 3915/4955/3919 3921/4966/3925 3920/4963/3924
f 3921/4966/3925 3922/4967/3926 728/855/640 3920/4963/3924
f 3921/4966/3925 3915/4955/3919 3913/4953/3917 3912/4952/3916
f 3921/4966/3925 3912/4952/3916 3923/4968/3927 3922/4967/3926
f 3923/4968/3927 3924/4969/3928 3925/4970/3929 3922/4967/3926
f 3923/4968/3927 3912/4952/3916 3908/4946/3912 3907/4945/3911
f 3923/4971/3927 3907/4943/3911 3906/4942/3910 3924/4972/3928
f 3925/4973/3929 3926/4974/3930 732/862/644 729/861/641
f 3925/4970/3929 729/856/641 728/855/640 3922/4967/3926
f 3925/4973/3929 3924/4972/3928 3927/4975/3931 3926/4974/3930
f 3927/4975/3931 3928/4976/3932 3929/4977/3933 3926/4974/3930
f 3927/4975/3931 3924/4972/3928 3906/4942/3910 3930/4978/3934
f 3927/4975/3931 3930/4978/3934 3931/4979/3935 3928/4976/3932
f 3931/4979/3935 3932/4980/3936 3933/4981/3937 3928/4976/3932
f 3931/4979/3935 3930/4978/3934 3903/4939/3907 3934/4982/3938
f 3931/4979/3935 3934/4982/3938 514/498/378 3932/4980/3936
f 3934/4982/3938 3903/4939/3907 3901/4936/3905 3935/4983/3939
f 3934/4982/3938 3935/4983/3939 515/499/379 514/498/378
f 3935/4983/3939 3901/4936/3905 3899/4933/3903 3936/4984/3940
f 3935/4983/3939 3936/4984/3940 328/221/154 515/499/379
f 3936/4984/3940 3899/4933/3903 3896/4929/3900 3895/4928/3899
f 3936/4984/3940 3895/4928/3899 312/196/134 328/221/154
f 3933/4981/3937 3937/4985/3941 3938/4986/3942 3939/4987/3943
f 3933/4981/3937 3939/4987/3943 3929/4977/3933 3928/4976/3932
f 3933/4981/3937 3932/4980/3936 3940/4988/3944 3937/4985/3941
f 3940/4989/3944 3941/4990/3945 3942/4991/3946 3937/4992/3941
f 3940/4988/3944 3932/4980/3936 514/498/378 513/497/377
f 3940/4989/3944 513/502/377 516/501/380 3941/4990/3945
f 3942/4991/3946 3943/4993/3947 3944/4994/3948 3945/4995/3949
f 3942/4991/3946 3945/4995/3949 3938/4996/3942 3937/4992/3941
f 3942/4991/3946 3941/4990/3945 3946/4997/3950 3943/4993/3947
f 3946/4997/3950 3947/4998/3951 3948/4999/3952 3943/4993/3947
f 3946/4997/3950 3941/4990/3945 516/501/380 3949/5000/3953
f 3946/4997/3950 3949/5000/3953 3950/5001/3954 3947/4998/3951
f 3950/5002/3954 3951/5003/3955 3952/5004/3956 3947/5005/3951
f 3950/5001/3954 3949/5000/3953 512/494/376 506/5006/369
f 3950/5007/3954 506/486/369 505/485/368 3951/5008/3955
f 3952/5004/3956 1101/1461/1083 1100/1460/1082 3953/5009/3957
f 3952/5004/3956 3953/5009/3957 3948/5010/3952 3947/5005/3951
f 3952/5004/3956 3951/5003/3955 3954/5011/3958 1101/1461/1083
f 3954/5011/3958 3955/5012/3959 1102/1462/1084 1101/1461/1083
f 3954/5013/3958 3951/5008/3955 505/485/368 510/489/372
f 3954/5013/3958 510/489/372 3956/5014/3960 3955/5015/3959
f 3956/5014/3960 1132/1505/1120 1129/1504/1117 3955/5015/3959
f 3956/5014/3960 510/489/372 509/488/371 895/1113/837
f 3956/5014/3960 895/1113/837 3957/5016/3961 1132/1505/1120
f 3957/5016/3961 3958/5017/3962 1130/1506/1118 1132/1505/1120
f 3957/5016/3961 895/1113/837 894/1112/836 898/1119/841
f 3957/5016/3961 898/1119/841 897/1118/840 3958/5017/3962
f 3958/5018/3962 3959/5019/3963 1131/1501/1119 1130/1500/1118
f 3958/5018/3962 897/5020/840 3960/5021/3964 3959/5019/3963
f 3960/5021/3964 3961/5022/3965 3962/5023/3966 3959/5019/3963
f 3960/5021/3964 897/5020/840 896/1125/839 3963/5024/3967
f 3960/5021/3964 3963/5024/3967 3964/5025/3968 3961/5022/3965
f 3964/5025/3968 1087/5026/1067 1086/5027/1066 3961/5022/3965
f 3964/5025/3968 3963/5024/3967 3965/5028/3969 3966/5029/3970
f 3964/5025/3968 3966/5029/3970 3967/5030/3971 1087/5026/1067
f 3967/5030/3971 3968/5031/3972 1074/1414/1054 1087/5026/1067
f 3967/5030/3971 3966/5029/3970 3969/5032/3973 3970/5033/3974
f 3967/5030/3971 3970/5033/3974 3971/5034/3975 3968/5031/3972
f 3971/5034/3975 3972/5035/3976 3973/5036/3977 3968/5031/3972
f 3971/5034/3975 3970/5033/3974 3974/5037/3978 3975/5038/3979
f 3971/5034/3975 3975/5038/3979 3976/5039/3980 3972/5035/3976
f 3976/5039/3980 3977/5040/3981 3978/5041/3982 3972/5035/3976
f 3976/5039/3980 3975/5038/3979 3979/5042/3983 3980/5043/3984
f 3976/5039/3980 3980/5043/3984 3981/5044/3985 3977/5040/3981
f 3981/5045/3985 3982/5046/3986 3983/5047/3987 3977/5048/3981
f 3981/5044/3985 3980/5043/3984 3984/5049/3988 3985/5050/3989
f 3981/5045/3985 3985/5051/3989 3986/5052/3990 3982/5046/3986
f 3986/5052/3990 3987/5053/3991 3988/5054/3992 3982/5046/3986
f 3986/5052/3990 3985/5051/3989 3989/5055/3993 3990/5056/3994
f 3986/5052/3990 3990/5056/3994 3991/5057/3995 3987/5053/3991
f 3991/5057/3995 3992/5058/3996 3993/5059/3997 3987/5053/3991
f 3991/5057/3995 3990/5056/3994 3994/5060/3998 3995/5061/3999
f 3991/5057/3995 3995/5061/3999 3996/5062/4000 3992/5058/3996
f 3996/5062/4000 3997/5063/4001 3998/5064/4002 3992/5058/3996
f 3996/5062/4000 3995/5061/3999 3999/5065/4003 4000/5066/4004
f 3996/5062/4000 4000/5066/4004 4001/5067/4005 3997/5063/4001
f 4001/5067/4005 4002/5068/4006 4003/5069/4007 3997/5063/4001
f 4001/5067/4005 4000/5066/4004 4004/5070/4008 4005/5071/4009
f 4001/5067/4005 4005/5071/4009 4006/5072/4010 4002/5068/4006
f 4006/5072/4010 4007/5073/4011 4008/5074/4012 4002/5068/4006
f 4006/5072/4010 4005/5071/4009 4009/5075/4013 4010/5076/4014
f 4006/5072/4010 4010/5076/4014 4011/5077/4015 4007/5073/4011
f 4011/5077/4015 4012/5078/4016 4013/5079/4017 4007/5073/4011
f 4011/5077/4015 4010/5076/4014 4014/5080/4018 4015/5081/4019
f 4011/5077/4015 4015/5081/4019 4016/5082/4020 4012/5078/4016
f 4016/5082/4020 4017/5083/4021 4018/5084/4022 4012/5078/4016
f 4016/5082/4020 4015/5081/4019 4019/5085/4023 4020/5086/4024
f 4016/5082/4020 4020/5086/4024 4021/5087/4025 4017/5083/4021
f 4021/5087/4025 4022/5088/4026 4023/5089/4027 4017/5083/4021
f 4021/5087/4025 4020/5086/4024 4024/5090/4028 4025/5091/4029
f 4021/5087/4025 4025/5091/4029 4026/5092/4030 4022/5088/4026
f 4026/5092/4030 4027/5093/4031 4028/5094/4032 4022/5088/4026
f 4026/5092/4030 4025/5091/4029 4029/5095/4033 4030/5096/4034
f 4026/5092/4030 4030/5096/4034 4031/5097/4035 4027/5093/4031
f 4031/5097/4035 4032/5098/4036 4033/5099/4037 4027/5093/4031
f 4031/5097/4035 4030/5096/4034 4034/5100/4038 4035/5101/4039
f 4031/5097/4035 4035/5101/4039 4036/5102/4040 4032/5098/4036
f 4036/5102/4040 4037/5103/4041 4038/5104/4042 4032/5098/4036
f 4036/5102/4040 4035/5101/4039 4039/5105/4043 4040/5106/4044
f 4036/5102/4040 4040/5106/4044 4041/5107/4045 4037/5103/4041
f 4041/5107/4045 4042/5108/4046 4043/5109/4047 4037/5103/4041
f 4041/5107/4045 4040/5106/4044 4044/5110/4048 4045/5111/4049
f 4041/5107/4045 4045/5111/4049 4046/5112/4050 4042/5108/4046
f 4046/5112/4050 4047/5113/4051 4048/5114/4052 4042/5108/4046
f 4046/5112/4050 4045/5111/4049 4049/5115/4053 4050/5116/4054
f 4046/5112/4050 4050/5116/4054 4051/5117/4055 4047/5113/4051
f 4051/5117/4055 4052/5118/4056 4053/5119/4057 4047/5113/4051
f 4051/5117/4055 4050/5116/4054 4054/5120/4058 4055/5121/4059
f 4051/5117/4055 4055/5121/4059 4056/5122/4060 4052/5118/4056
f 4056/5122/4060 4057/5123/4061 4058/5124/4062 4052/5118/4056
f 4056/5122/4060 4055/5121/4059 4059/5125/4063 4060/5126/4064
f 4056/5122/4060 4060/5126/4064 964/5127/918 4057/5123/4061
f 4060/5128/4064 4059/5129/4063 4061/5130/4065 4062/5131/4066
f 4060/5128/4064 4062/5131/4066 962/1230/916 964/1232/918
f 4062/5131/4066 4061/5130/4065 4063/5132/4067 4064/5133/4068
f 4062/5131/4066 4064/5133/4068 963/1231/917 962/1230/916
f 4064/5133/4068 4063/5132/4067 4065/5134/4069 4066/5135/4070
f 4064/5133/4068 4066/5135/4070 4067/5136/4071 963/1231/917
f 4067/5136/4071 3756/5137/3758 960/1228/914 963/1231/917
f 4067/5138/4071 4066/5139/4070 3762/4754/3764 3760/4752/3762
f 4067/5138/4071 3760/4752/3762 3757/4748/3759 3756/4747/3758
f 4066/5135/4070 4065/5134/4069 4068/5140/4072 3762/5141/3764
f 4068/5140/4072 4065/5134/4069 4069/5142/4073 4070/5143/4074
f 4068/5144/4072 4070/5145/4074 4071/5146/4075 3765/4757/3767
f 4068/5144/4072 3765/4757/3767 3763/4755/3765 3762/4754/3764
f 4071/5146/4075 4070/5145/4074 4072/5147/4076 3781/5148/3783
f 4071/5146/4075 3781/5148/3783 3779/4779/3781 3778/4778/3780
f 4071/5146/4075 3778/4778/3780 3766/4758/3768 3765/4757/3767
f 4072/5147/4076 4070/5145/4074 4069/5149/4073 4073/5150/4077
f 4072/5147/4076 4073/5150/4077 4074/5151/4078 3784/4787/3786
f 4072/5147/4076 3784/4787/3786 3782/4785/3784 3781/5148/3783
f 4074/5152/4078 4073/5153/4077 4075/5154/4079 4076/5155/4080
f 4074/5152/4078 4076/5155/4080 4077/5156/4081 3787/4795/3789
f 4074/5152/4078 3787/4795/3789 3785/4794/3787 3784/5157/3786
f 4077/5156/4081 4076/5155/4080 4078/5158/4082 4079/5159/4083
f 4077/5156/4081 4079/5159/4083 3806/4832/3810 3790/4799/3792
f 4077/5156/4081 3790/4799/3792 3788/4796/3790 3787/4795/3789
f 4079/5160/4083 4078/5161/4082 4080/5162/4084 4081/5163/4085
f 4079/5160/4083 4081/5163/4085 3808/4836/3812 3806/4835/3810
f 4081/5163/4085 4080/5162/4084 4082/5164/4086 4083/5165/4087
f 4081/5163/4085 4083/5165/4087 3810/4838/3814 3808/4836/3812
f 4083/5165/4087 4082/5164/4086 4084/5166/4088 4085/5167/4089
f 4083/5165/4087 4085/5167/4089 4086/5168/4090 3810/4838/3814
f 4086/5168/4090 4085/5167/4089 4087/5169/4091 4088/5170/4092
f 4086/5168/4090 4088/5170/4092 4089/5171/4093 3813/4841/3817
f 4086/5168/4090 3813/4841/3817 3811/4839/3815 3810/4838/3814
f 4089/5171/4093 4088/5170/4092 4090/5172/4094 4091/5173/4095
f 4089/5171/4093 4091/5173/4095 4092/5174/4096 4093/5175/4097
f 4089/5171/4093 4093/5175/4097 3814/4842/3818 3813/4841/3817
f 4093/5175/4097 4092/5174/4096 4094/5176/4098 3818/4846/3822
f 4093/5175/4097 3818/4846/3822 3815/4843/3819 3814/4842/3818
f 4094/5176/4098 4092/5174/4096 4095/5177/4099 4096/5178/4100
f 4094/5176/4098 4096/5178/4100 3824/4852/3828 3822/4850/3826
f 4094/5176/4098 3822/4850/3826 3819/4847/3823 3818/4846/3822
f 4096/5178/4100 4095/5177/4099 4097/5179/4101 4098/5180/4102
f 4096/5178/4100 4098/5180/4102 3826/4854/3830 3824/4852/3828
f 4098/5180/4102 4097/5179/4101 4024/5090/4028 4099/5181/4103
f 4098/5180/4102 4099/5181/4103 4100/5182/4104 3826/4854/3830
f 4100/5182/4104 4099/5181/4103 4019/5085/4023 4101/5183/4105
f 4100/5182/4104 4101/5183/4105 4102/5184/4106 3829/4857/3833
f 4100/5182/4104 3829/4857/3833 3827/4855/3831 3826/4854/3830
f 4102/5184/4106 4101/5183/4105 4014/5080/4018 4103/5185/4107
f 4102/5184/4106 4103/5185/4107 4104/5186/4108 3832/4860/3836
f 4102/5184/4106 3832/4860/3836 3830/4858/3834 3829/4857/3833
f 4104/5186/4108 4103/5185/4107 4009/5075/4013 4105/5187/4109
f 4104/5186/4108 4105/5187/4109 4106/5188/4110 4107/5189/4111
f 4104/5186/4108 4107/5189/4111 3833/4861/3837 3832/4860/3836
f 4107/5189/4111 4106/5188/4110 4108/5190/4112 4109/5191/4113
f 4107/5189/4111 4109/5191/4113 3834/4862/3838 3833/4861/3837
f 4109/5191/4113 4108/5190/4112 4110/5192/4114 3839/5193/3843
f 4109/5191/4113 3839/5193/3843 3836/4864/3840 3834/4862/3838
f 4110/5192/4114 4108/5190/4112 4111/5194/4115 4112/5195/4116
f 4110/5196/4114 4112/5197/4116 4113/5198/4117 4114/5199/4118
f 4110/5196/4114 4114/5199/4118 3840/4870/3844 3839/4869/3843
f 4114/5199/4118 4113/5198/4117 4115/5200/4119 4116/5201/4120
f 4114/5199/4118 4116/5201/4120 3841/4871/3845 3840/4870/3844
f 4116/5201/4120 4115/5200/4119 4117/5202/4121 3846/4876/3850
f 4116/5201/4120 3846/4876/3850 3843/4873/3847 3841/4871/3845
f 4117/5202/4121 4115/5200/4119 4118/5203/4122 4119/5204/4123
f 4117/5202/4121 4119/5204/4123 4120/5205/4124 3849/4879/3853
f 4117/5202/4121 3849/4879/3853 3847/4877/3851 3846/4876/3850
f 4120/5205/4124 4119/5204/4123 4121/5206/4125 4122/5207/4126
f 4120/5205/4124 4122/5207/4126 4123/5208/4127 3852/4882/3856
f 4120/5205/4124 3852/4882/3856 3850/4880/3854 3849/4879/3853
f 4123/5208/4127 4122/5207/4126 4124/5209/4128 4125/5210/4129
f 4123/5208/4127 4125/5210/4129 4126/5211/4130 3855/4885/3859
f 4123/5208/4127 3855/4885/3859 3853/4883/3857 3852/4882/3856
f 4126/5211/4130 4125/5210/4129 4127/5212/4131 4128/5213/4132
f 4126/5211/4130 4128/5213/4132 4129/5214/4133 3858/4888/3862
f 4126/5211/4130 3858/4888/3862 3856/4886/3860 3855/4885/3859
f 4129/5214/4133 4128/5213/4132 4130/5215/4134 4131/5216/4135
f 4129/5214/4133 4131/5216/4135 4132/5217/4136 3861/4891/3865
f 4129/5214/4133 3861/4891/3865 3859/4889/3863 3858/4888/3862
f 4132/5217/4136 4131/5216/4135 4133/5218/4137 4134/5219/4138
f 4132/5217/4136 4134/5219/4138 4135/5220/4139 3864/4894/3868
f 4132/5217/4136 3864/4894/3868 3862/4892/3866 3861/4891/3865
f 4135/5220/4139 4134/5219/4138 4136/5221/4140 4137/5222/4141
f 4135/5220/4139 4137/5222/4141 4138/5223/4142 3867/4897/3871
f 4135/5220/4139 3867/4897/3871 3865/4895/3869 3864/4894/3868
f 4138/5223/4142 4137/5222/4141 4139/5224/4143 4140/5225/4144
f 4138/5223/4142 4140/5225/4144 4141/5226/4145 3870/4900/3874
f 4138/5223/4142 3870/4900/3874 3868/4898/3872 3867/4897/3871
f 4141/5226/4145 4140/5225/4144 4142/5227/4146 4143/5228/4147
f 4141/5226/4145 4143/5228/4147 4144/5229/4148 3873/4903/3877
f 4141/5226/4145 3873/4903/3877 3871/4901/3875 3870/4900/3874
f 4144/5229/4148 4143/5228/4147 4145/5230/4149 4146/5231/4150
f 4144/5229/4148 4146/5231/4150 4147/5232/4151 3876/4906/3880
f 4144/5229/4148 3876/4906/3880 3874/4904/3878 3873/4903/3877
f 4147/5233/4151 4146/5234/4150 4148/5235/4152 3885/4918/3889
f 4147/5233/4151 3885/4918/3889 3883/4915/3887 3879/4917/3883
f 4147/5232/4151 3879/4909/3883 3877/4907/3881 3876/4906/3880
f 4148/5235/4152 319/204/142 318/203/141 3888/4921/3892
f 4148/5235/4152 3888/4921/3892 3886/4919/3890 3885/4918/3889
f 4148/5235/4152 4146/5234/4150 4145/5236/4149 319/204/142
f 4145/5236/4149 4149/5237/4153 320/205/143 319/204/142
f 4145/5230/4149 4143/5228/4147 4142/5227/4146 4149/5238/4153
f 4149/5237/4153 314/198/136 311/195/133 320/205/143
f 4149/5237/4153 4142/5239/4146 4150/5240/4154 314/198/136
f 4150/5240/4154 899/5241/842 315/199/137 314/198/136
f 4150/5242/4154 4142/5227/4146 4140/5225/4144 4139/5224/4143
f 4150/5242/4154 4139/5224/4143 902/1127/845 899/1126/842
f 4139/5224/4143 4137/5222/4141 4136/5221/4140 902/1127/845
f 4136/5221/4140 4151/5243/4155 900/1123/843 902/1127/845
f 4136/5221/4140 4134/5219/4138 4133/5218/4137 4151/5243/4155
f 4151/5243/4155 4152/5244/4156 901/1124/844 900/1123/843
f 4151/5243/4155 4133/5218/4137 4153/5245/4157 4152/5244/4156
f 4153/5245/4157 4154/5246/4158 4155/5247/4159 4152/5244/4156
f 4153/5245/4157 4133/5218/4137 4131/5216/4135 4130/5215/4134
f 4153/5245/4157 4130/5215/4134 4156/5248/4160 4154/5246/4158
f 4156/5248/4160 4157/5249/4161 4158/5250/4162 4154/5246/4158
f 4156/5248/4160 4130/5215/4134 4128/5213/4132 4127/5212/4131
f 4156/5248/4160 4127/5212/4131 4159/5251/4163 4157/5249/4161
f 4159/5251/4163 4160/5252/4164 4161/5253/4165 4157/5249/4161
f 4159/5251/4163 4127/5212/4131 4125/5210/4129 4124/5209/4128
f 4159/5251/4163 4124/5209/4128 4162/5254/4166 4160/5252/4164
f 4162/5254/4166 4163/5255/4167 4164/5256/4168 4160/5252/4164
f 4162/5254/4166 4124/5209/4128 4122/5207/4126 4121/5206/4125
f 4162/5254/4166 4121/5206/4125 4165/5257/4169 4163/5255/4167
f 4165/5257/4169 4166/5258/4170 4167/5259/4171 4163/5255/4167
f 4165/5257/4169 4121/5206/4125 4119/5204/4123 4118/5203/4122
f 4165/5257/4169 4118/5203/4122 4168/5260/4172 4166/5258/4170
f 4168/5260/4172 4169/5261/4173 4170/5262/4174 4166/5258/4170
f 4168/5260/4172 4118/5203/4122 4115/5200/4119 4113/5198/4117
f 4168/5260/4172 4113/5198/4117 4112/5197/4116 4169/5261/4173
f 4170/5263/4174 3994/5060/3998 3990/5056/3994 3989/5055/3993
f 4170/5262/4174 3989/5264/3993 4167/5259/4171 4166/5258/4170
f 4170/5263/4174 4169/5265/4173 4171/5266/4175 3994/5060/3998
f 4171/5266/4175 3999/5065/4003 3995/5061/3999 3994/5060/3998
f 4171/5266/4175 4169/5265/4173 4112/5195/4116 4111/5194/4115
f 4171/5266/4175 4111/5194/4115 4172/5267/4176 3999/5065/4003
f 4172/5267/4176 4004/5070/4008 4000/5066/4004 3999/5065/4003
f 4172/5267/4176 4111/5194/4115 4108/5190/4112 4106/5188/4110
f 4172/5267/4176 4106/5188/4110 4105/5187/4109 4004/5070/4008
f 4167/5259/4171 3989/5264/3993 3985/5050/3989 3984/5049/3988
f 4167/5259/4171 3984/5049/3988 4164/5256/4168 4163/5255/4167
f 4164/5256/4168 3984/5049/3988 3980/5043/3984 3979/5042/3983
f 4164/5256/4168 3979/5042/3983 4161/5253/4165 4160/5252/4164
f 4161/5253/4165 3979/5042/3983 3975/5038/3979 3974/5037/3978
f 4161/5253/4165 3974/5037/3978 4158/5250/4162 4157/5249/4161
f 4158/5250/4162 3974/5037/3978 3970/5033/3974 3969/5032/3973
f 4158/5250/4162 3969/5032/3973 4155/5247/4159 4154/5246/4158
f 4155/5247/4159 3969/5032/3973 3966/5029/3970 3965/5028/3969
f 4155/5247/4159 3965/5028/3969 901/1124/844 4152/5244/4156
f 4105/5187/4109 4009/5075/4013 4005/5071/4009 4004/5070/4008
f 4103/5185/4107 4014/5080/4018 4010/5076/4014 4009/5075/4013
f 4101/5183/4105 4019/5085/4023 4015/5081/4019 4014/5080/4018
f 4099/5181/4103 4024/5090/4028 4020/5086/4024 4019/5085/4023
f 4097/5179/4101 4029/5095/4033 4025/5091/4029 4024/5090/4028
f 4097/5179/4101 4095/5177/4099 4173/5268/4177 4029/5095/4033
f 4173/5268/4177 4034/5100/4038 4030/5096/4034 4029/5095/4033
f 4173/5268/4177 4095/5177/4099 4092/5174/4096 4091/5173/4095
f 4173/5268/4177 4091/5173/4095 4090/5172/4094 4034/5100/4038
f 4090/5172/4094 4039/5105/4043 4035/5101/4039 4034/5100/4038
f 4090/5172/4094 4088/5170/4092 4087/5169/4091 4039/5105/4043
f 4087/5169/4091 4044/5110/4048 4040/5106/4044 4039/5105/4043
f 4087/5169/4091 4085/5167/4089 4084/5166/4088 4044/5110/4048
f 4084/5166/4088 4049/5115/4053 4045/5111/4049 4044/5110/4048
f 4084/5166/4088 4082/5164/4086 4174/5269/4178 4049/5115/4053
f 4174/5269/4178 4054/5120/4058 4050/5116/4054 4049/5115/4053
f 4174/5269/4178 4082/5164/4086 4080/5162/4084 4175/5270/4179
f 4174/5269/4178 4175/5270/4179 4176/5271/4180 4054/5120/4058
f 4176/5271/4180 4059/5125/4063 4055/5121/4059 4054/5120/4058
f 4176/5272/4180 4175/5273/4179 4177/5274/4181 4178/5275/4182
f 4176/5272/4180 4178/5275/4182 4061/5130/4065 4059/5129/4063
f 4178/5275/4182 4177/5274/4181 4075/5154/4079 4179/5276/4183
f 4178/5275/4182 4179/5276/4183 4063/5132/4067 4061/5130/4065
f 4179/5276/4183 4075/5154/4079 4073/5153/4077 4069/5142/4073
f 4179/5276/4183 4069/5142/4073 4065/5134/4069 4063/5132/4067
f 4177/5274/4181 4175/5273/4179 4080/5277/4084 4078/5158/4082
f 4177/5274/4181 4078/5158/4082 4076/5155/4080 4075/5154/4079
f 4058/5124/4062 4180/5278/4184 4181/5279/4185 4182/5280/4186
f 4058/5124/4062 4182/5280/4186 4053/5119/4057 4052/5118/4056
f 4058/5124/4062 4057/5123/4061 966/5281/921 4180/5278/4184
f 4182/5280/4186 4181/5279/4185 4183/5282/4187 4184/5283/4188
f 4182/5280/4186 4184/5283/4188 4185/5284/4189 4053/5119/4057
f 4185/5284/4189 4184/5283/4188 4186/5285/4190 4187/5286/4191
f 4185/5284/4189 4187/5286/4191 4188/5287/4192 4048/5114/4052
f 4185/5284/4189 4048/5114/4052 4047/5113/4051 4053/5119/4057
f 4188/5287/4192 4187/5286/4191 4189/5288/4193 4190/5289/4194
f 4188/5287/4192 4190/5289/4194 4191/5290/4195 4043/5109/4047
f 4188/5287/4192 4043/5109/4047 4042/5108/4046 4048/5114/4052
f 4191/5290/4195 4190/5289/4194 4192/5291/4196 4193/5292/4197
f 4191/5290/4195 4193/5292/4197 4194/5293/4198 4038/5104/4042
f 4191/5290/4195 4038/5104/4042 4037/5103/4041 4043/5109/4047
f 4194/5293/4198 4193/5292/4197 4195/5294/4199 4196/5295/4200
f 4194/5293/4198 4196/5295/4200 4197/5296/4201 4033/5099/4037
f 4194/5293/4198 4033/5099/4037 4032/5098/4036 4038/5104/4042
f 4197/5296/4201 4196/5295/4200 4198/5297/4202 4199/5298/4203
f 4197/5296/4201 4199/5298/4203 4200/5299/4204 4028/5094/4032
f 4197/5296/4201 4028/5094/4032 4027/5093/4031 4033/5099/4037
f 4200/5299/4204 4199/5298/4203 4201/5300/4205 4202/5301/4206
f 4200/5299/4204 4202/5301/4206 4203/5302/4207 4023/5089/4027
f 4200/5299/4204 4023/5089/4027 4022/5088/4026 4028/5094/4032
f 4203/5302/4207 4202/5301/4206 4204/5303/4208 4205/5304/4209
f 4203/5302/4207 4205/5304/4209 4206/5305/4210 4018/5084/4022
f 4203/5302/4207 4018/5084/4022 4017/5083/4021 4023/5089/4027
f 4206/5305/4210 4205/5304/4209 4207/5306/4211 4208/5307/4212
f 4206/5305/4210 4208/5307/4212 4209/5308/4213 4013/5079/4017
f 4206/5305/4210 4013/5079/4017 4012/5078/4016 4018/5084/4022
f 4209/5308/4213 4208/5307/4212 4210/5309/4214 4211/5310/4215
f 4209/5308/4213 4211/5310/4215 4212/5311/4216 4008/5074/4012
f 4209/5308/4213 4008/5074/4012 4007/5073/4011 4013/5079/4017
f 4212/5311/4216 4211/5310/4215 4213/5312/4217 4214/5313/4218
f 4212/5311/4216 4214/5313/4218 4215/5314/4219 4003/5069/4007
f 4212/5311/4216 4003/5069/4007 4002/5068/4006 4008/5074/4012
f 4215/5314/4219 4214/5313/4218 4216/5315/4220 4217/5316/4221
f 4215/5314/4219 4217/5316/4221 4218/5317/4222 3998/5064/4002
f 4215/5314/4219 3998/5064/4002 3997/5063/4001 4003/5069/4007
f 4218/5317/4222 4217/5316/4221 4219/5318/4223 4220/5319/4224
f 4218/5317/4222 4220/5319/4224 4221/5320/4225 3993/5059/3997
f 4218/5317/4222 3993/5059/3997 3992/5058/3996 3998/5064/4002
f 4221/5320/4225 4220/5319/4224 4222/5321/4226 4223/5322/4227
f 4221/5320/4225 4223/5322/4227 4224/5323/4228 3988/5054/3992
f 4221/5320/4225 3988/5054/3992 3987/5053/3991 3993/5059/3997
f 4224/5323/4228 4223/5322/4227 4225/5324/4229 4226/5325/4230
f 4224/5323/4228 4226/5325/4230 4227/5326/4231 3983/5047/3987
f 4224/5323/4228 3983/5047/3987 3982/5046/3986 3988/5054/3992
f 4227/5326/4231 4226/5325/4230 4228/5327/4232 4229/5328/4233
f 4227/5326/4231 4229/5328/4233 4230/5329/4234 3978/5330/3982
f 4227/5326/4231 3978/5330/3982 3977/5048/3981 3983/5047/3987
f 4230/5329/4234 4229/5328/4233 4231/5331/4235 1082/5332/1062
f 4230/5333/4234 1082/1427/1062 1075/1415/1055 3973/5036/3977
f 4230/5333/4234 3973/5036/3977 3972/5035/3976 3978/5041/3982
f 4231/5331/4235 4232/5334/4236 4233/5335/4237 4234/5336/4238
f 4231/5337/4235 4234/5338/4238 1080/1424/1060 1082/1427/1062
f 4231/5331/4235 4229/5328/4233 4228/5327/4232 4232/5334/4236
f 4234/5336/4238 4233/5335/4237 4235/5339/4239 4236/5340/4240
f 4234/5338/4238 4236/5341/4240 1081/1425/1061 1080/1424/1060
f 4236/5340/4240 4235/5339/4239 4237/5342/4241 4238/5343/4242
f 4236/5341/4240 4238/5344/4242 4239/5345/4243 1081/1425/1061
f 4239/5345/4243 4238/5344/4242 1089/1438/1070 634/705/526
f 4239/5345/4243 634/705/526 633/704/525 4240/5346/4244
f 4239/5345/4243 4240/5346/4244 1076/1426/1056 1081/1425/1061
f 4240/5347/4244 633/5348/525 632/702/522 631/701/523
f 4240/5347/4244 631/701/523 1077/1418/1057 1076/1417/1056
f 4238/5344/4242 4237/5349/4241 1090/1439/1071 1089/1438/1070
f 4237/5342/4241 1036/1343/1006 1039/1346/1009 1090/1441/1071
f 4237/5342/4241 4235/5339/4239 1037/1344/1007 1036/1343/1006
f 4235/5339/4239 4233/5335/4237 4241/5350/4245 1037/1344/1007
f 4241/5350/4245 4242/5351/4246 521/512/386 1037/1344/1007
f 4241/5350/4245 4233/5335/4237 4232/5334/4236 4243/5352/4247
f 4241/5350/4245 4243/5352/4247 4244/5353/4248 4242/5351/4246
f 4244/5353/4248 4245/5354/4249 4246/5355/4250 4242/5351/4246
f 4244/5353/4248 4243/5352/4247 4247/5356/4251 4248/5357/4252
f 4244/5353/4248 4248/5357/4252 4249/5358/4253 4245/5354/4249
f 4249/5358/4253 4250/5359/4254 4251/5360/4255 4245/5354/4249
f 4249/5358/4253 4248/5357/4252 4252/5361/4256 4253/5362/4257
f 4249/5358/4253 4253/5362/4257 4254/5363/4258 4250/5359/4254
f 4254/5363/4258 4255/5364/4259 4256/5365/4260 4250/5359/4254
f 4254/5363/4258 4253/5362/4257 4257/5366/4261 4258/5367/4262
f 4254/5363/4258 4258/5367/4262 4259/5368/4263 4255/5364/4259
f 4259/5368/4263 4260/5369/4264 4261/5370/4265 4255/5364/4259
f 4259/5368/4263 4258/5367/4262 4262/5371/4266 4263/5372/4267
f 4259/5368/4263 4263/5372/4267 4264/5373/4268 4260/5369/4264
f 4264/5373/4268 4265/5374/4269 4266/5375/4270 4260/5369/4264
f 4264/5373/4268 4263/5372/4267 4267/5376/4271 4268/5377/4272
f 4264/5373/4268 4268/5377/4272 4269/5378/4273 4265/5374/4269
f 4269/5378/4273 4270/5379/4274 4271/5380/4275 4265/5374/4269
f 4269/5378/4273 4268/5377/4272 4272/5381/4276 4273/5382/4277
f 4269/5378/4273 4273/5382/4277 4274/5383/4278 4270/5379/4274
f 4274/5383/4278 4275/5384/4279 4276/5385/4280 4270/5379/4274
f 4274/5383/4278 4273/5382/4277 4277/5386/4281 4278/5387/4282
f 4274/5383/4278 4278/5387/4282 4279/5388/4283 4275/5384/4279
f 4279/5388/4283 4280/5389/4284 4281/5390/4285 4275/5384/4279
f 4279/5388/4283 4278/5387/4282 4282/5391/4286 4283/5392/4287
f 4279/5388/4283 4283/5392/4287 4284/5393/4288 4280/5389/4284
f 4284/5393/4288 4285/5394/4289 4286/5395/4290 4280/5389/4284
f 4284/5393/4288 4283/5392/4287 4287/5396/4291 4288/5397/4292
f 4284/5393/4288 4288/5397/4292 4289/5398/4293 4285/5394/4289
f 4289/5398/4293 4290/5399/4294 4291/5400/4295 4285/5394/4289
f 4289/5398/4293 4288/5397/4292 4292/5401/4296 4293/5402/4297
f 4289/5398/4293 4293/5402/4297 4294/5403/4298 4290/5399/4294
f 4294/5403/4298 4295/5404/4299 4296/5405/4300 4290/5399/4294
f 4294/5403/4298 4293/5402/4297 4297/5406/4301 4298/5407/4302
f 4294/5403/4298 4298/5407/4302 4299/5408/4303 4295/5404/4299
f 4299/5408/4303 4300/5409/4304 4301/5410/4305 4295/5404/4299
f 4299/5408/4303 4298/5407/4302 4302/5411/4306 4303/5412/4307
f 4299/5408/4303 4303/5412/4307 4304/5413/4308 4300/5409/4304
f 4304/5413/4308 4305/5414/4309 4306/5415/4310 4300/5409/4304
f 4304/5413/4308 4303/5412/4307 4307/5416/4311 4308/5417/4312
f 4304/5413/4308 4308/5417/4312 4309/5418/4313 4305/5414/4309
f 4309/5418/4313 4310/5419/4314 4311/5420/4315 4305/5414/4309
f 4309/5418/4313 4308/5417/4312 4312/5421/4316 4313/5422/4317
f 4309/5418/4313 4313/5422/4317 4314/5423/4318 4310/5419/4314
f 4314/5423/4318 4315/5424/4319 4316/5425/4320 4310/5419/4314
f 4314/5423/4318 4313/5422/4317 4317/5426/4321 4318/5427/4322
f 4314/5423/4318 4318/5427/4322 4319/5428/4323 4315/5424/4319
f 4319/5428/4323 3749/5429/3751 3748/4734/3750 4315/5424/4319
f 4319/5428/4323 4318/5427/4322 4320/5430/4324 4321/5431/4325
f 4319/5428/4323 4321/5431/4325 3751/5432/3753 3749/5429/3751
f 4321/5431/4325 4320/5430/4324 4322/5433/4326 959/5434/913
f 4321/5435/4325 959/5436/913 958/5437/912 3751/5438/3753
f 4322/5433/4326 4320/5430/4324 4183/5282/4187 4181/5279/4185
f 4322/5433/4326 4181/5279/4185 4180/5278/4184 965/1235/919
f 4322/5433/4326 965/1235/919 956/1234/909 959/5434/913
f 4320/5430/4324 4318/5427/4322 4317/5426/4321 4183/5282/4187
f 4317/5426/4321 4313/5422/4317 4312/5421/4316 4186/5285/4190
f 4317/5426/4321 4186/5285/4190 4184/5283/4188 4183/5282/4187
f 4316/5425/4320 3747/4733/3749 3741/5439/3743 4323/5440/4327
f 4316/5425/4320 4323/5440/4327 4311/5420/4315 4310/5419/4314
f 4316/5425/4320 4315/5424/4319 3748/4734/3750 3747/4733/3749
f 4323/5441/4327 3741/4725/3743 3739/4723/3741 3738/4722/3740
f 4323/5440/4327 3738/5442/3740 4324/5443/4328 4311/5420/4315
f 4324/5443/4328 4306/5415/4310 4305/5414/4309 4311/5420/4315
f 4324/5443/4328 3738/5442/3740 3736/4717/3738 3735/4716/3737
f 4324/5443/4328 3735/4716/3737 4325/5444/4329 4306/5415/4310
f 4325/5444/4329 4301/5410/4305 4300/5409/4304 4306/5415/4310
f 4325/5444/4329 3735/4716/3737 3733/4714/3735 3732/4713/3734
f 4325/5444/4329 3732/4713/3734 4326/5445/4330 4301/5410/4305
f 4326/5445/4330 3732/4713/3734 3730/4711/3732 4327/5446/4331
f 4326/5445/4330 4327/5446/4331 4328/5447/4332 4296/5405/4300
f 4326/5445/4330 4296/5405/4300 4295/5404/4299 4301/5410/4305
f 4328/5447/4332 4327/5446/4331 4329/5448/4333 4330/5449/4334
f 4328/5447/4332 4330/5449/4334 4331/5450/4335 4291/5400/4295
f 4328/5447/4332 4291/5400/4295 4290/5399/4294 4296/5405/4300
f 4331/5450/4335 4330/5449/4334 4332/5451/4336 4333/5452/4337
f 4331/5450/4335 4333/5452/4337 4334/5453/4338 4286/5395/4290
f 4331/5450/4335 4286/5395/4290 4285/5394/4289 4291/5400/4295
f 4334/5453/4338 4333/5452/4337 4335/5454/4339 4336/5455/4340
f 4334/5453/4338 4336/5455/4340 4337/5456/4341 4281/5390/4285
f 4334/5453/4338 4281/5390/4285 4280/5389/4284 4286/5395/4290
f 4337/5456/4341 4336/5455/4340 4338/5457/4342 4339/5458/4343
f 4337/5456/4341 4339/5458/4343 4340/5459/4344 4276/5385/4280
f 4337/5456/4341 4276/5385/4280 4275/5384/4279 4281/5390/4285
f 4340/5459/4344 4339/5458/4343 4341/5460/4345 4342/5461/4346
f 4340/5459/4344 4342/5461/4346 4343/5462/4347 4271/5380/4275
f 4340/5459/4344 4271/5380/4275 4270/5379/4274 4276/5385/4280
f 4343/5462/4347 4342/5461/4346 4344/5463/4348 4345/5464/4349
f 4343/5462/4347 4345/5464/4349 4346/5465/4350 4266/5375/4270
f 4343/5462/4347 4266/5375/4270 4265/5374/4269 4271/5380/4275
f 4346/5465/4350 4345/5464/4349 4347/5466/4351 4348/5467/4352
f 4346/5465/4350 4348/5467/4352 4349/5468/4353 4261/5370/4265
f 4346/5465/4350 4261/5370/4265 4260/5369/4264 4266/5375/4270
f 4349/5468/4353 4256/5365/4260 4255/5364/4259 4261/5370/4265
f 4349/5468/4353 4348/5467/4352 670/775/573 4350/5469/4354
f 4349/5468/4353 4350/5469/4354 4351/5470/4355 4256/5365/4260
f 4351/5470/4355 4251/5360/4255 4250/5359/4254 4256/5365/4260
f 4351/5470/4355 4350/5469/4354 4352/5471/4356 4353/5472/4357
f 4351/5470/4355 4353/5472/4357 4354/5473/4358 4251/5360/4255
f 4354/5473/4358 4246/5355/4250 4245/5354/4249 4251/5360/4255
f 4354/5473/4358 4353/5472/4357 4355/5474/4359 520/509/384
f 4354/5473/4358 520/509/384 519/508/383 4246/5355/4250
f 4355/5474/4359 4353/5472/4357 4352/5471/4356 4356/5475/4360
f 4355/5474/4359 4356/5475/4360 731/5476/643 4357/5477/4361
f 4355/5474/4359 4357/5477/4361 517/510/381 520/509/384
f 4357/5477/4361 731/5476/643 730/5478/642 4358/5479/4362
f 4357/5477/4361 4358/5479/4362 518/5480/382 517/510/381
f 4358/5481/4362 730/858/642 732/862/644 4359/5482/4363
f 4358/5481/4362 4359/5482/4363 4360/5483/4364 518/505/382
f 4360/5483/4364 426/5484/278 425/506/277 518/505/382
f 4360/5483/4364 4359/5482/4363 3929/4977/3933 3939/4987/3943
f 4360/5483/4364 3939/4987/3943 3938/4986/3942 426/5484/278
f 4359/5482/4363 732/862/644 3926/4974/3930 3929/4977/3933
f 4356/5475/4360 4352/5471/4356 669/774/572 677/782/580
f 4356/5475/4360 677/782/580 727/852/639 731/5476/643
f 4352/5471/4356 4350/5469/4354 670/775/573 669/774/572
f 4348/5467/4352 4347/5466/4351 671/776/574 670/775/573
f 4347/5466/4351 4361/5485/4365 674/779/577 671/776/574
f 4347/5466/4351 4345/5464/4349 4344/5463/4348 4361/5485/4365
f 4361/5485/4365 4344/5463/4348 4362/5486/4366 4363/5487/4367
f 4361/5485/4365 4363/5487/4367 4364/5488/4368 674/779/577
f 4364/5488/4368 4363/5487/4367 4365/5489/4369 4366/5490/4370
f 4364/5488/4368 4366/5490/4370 737/876/653 4367/5491/4371
f 4364/5488/4368 4367/5491/4371 672/777/575 674/779/577
f 4367/5491/4371 737/876/653 660/755/561 659/754/560
f 4367/5491/4371 659/754/560 662/758/564 672/777/575
f 4366/5490/4370 4365/5489/4369 4368/5492/4372 4369/5493/4373
f 4366/5490/4370 4369/5493/4373 738/877/654 737/876/653
f 4369/5493/4373 4368/5492/4372 4370/5494/4374 4371/5495/4375
f 4369/5493/4373 4371/5495/4375 947/1208/898 738/877/654
f 4371/5495/4375 4370/5494/4374 4372/5496/4376 4373/5497/4377
f 4371/5495/4375 4373/5497/4377 948/1209/899 947/1208/898
f 4373/5497/4377 4372/5496/4376 4374/5498/4378 4375/5499/4379
f 4373/5497/4377 4375/5499/4379 4376/5500/4380 948/1209/899
f 4376/5500/4380 4375/5499/4379 4377/5501/4381 4378/5502/4382
f 4376/5500/4380 4378/5502/4382 4379/5503/4383 4380/5504/4384
f 4376/5500/4380 4380/5504/4384 945/1205/896 948/1209/899
f 4380/5504/4384 4379/5503/4383 4381/5505/4385 4382/5506/4386
f 4380/5504/4384 4382/5506/4386 301/183/122 945/1205/896
f 4382/5506/4386 4381/5505/4385 4383/5507/4387 4384/5508/4388
f 4382/5506/4386 4384/5508/4388 302/184/123 301/183/122
f 4384/5508/4388 4383/5507/4387 939/1198/889 943/1202/893
f 4384/5508/4388 943/1202/893 4385/5509/4389 302/184/123
f 4385/5509/4389 303/5510/124 20/181/90 302/184/123
f 4385/5509/4389 943/1202/893 942/1201/892 4386/5511/4390
f 4385/5509/4389 4386/5511/4390 4387/5512/4391 303/5510/124
f 4387/5512/4391 4388/5513/4392 304/5514/125 303/5510/124
f 4387/5512/4391 4386/5511/4390 4389/5515/4393 4390/5516/4394
f 4387/5512/4391 4390/5516/4394 4391/5517/4395 4388/5513/4392
f 4391/5517/4395 4392/5518/4396 4393/5519/4397 4388/5513/4392
f 4391/5520/4395 4390/5521/4394 4394/5522/4398 4395/5523/4399
f 4391/5517/4395 4395/5524/4399 4396/5525/4400 4392/5518/4396
f 4396/5526/4400 4397/5527/4401 4398/5528/4402 4392/5529/4396
f 4396/5526/4400 4395/5523/4399 293/169/113 4399/5530/4403
f 4396/5526/4400 4399/5530/4403 4400/5531/4404 4397/5527/4401
f 4400/5531/4404 4399/5530/4403 4401/5532/4405 4402/5533/4406
f 4400/5531/4404 4402/5533/4406 950/5534/902 4403/5535/4407
f 4400/5531/4404 4403/5535/4407 4404/5536/4408 4397/5527/4401
f 4404/5536/4408 4405/5537/4409 4406/5538/4410 4407/5539/4411
f 4404/5536/4408 4407/5539/4411 4398/5528/4402 4397/5527/4401
f 4404/5536/4408 4403/5535/4407 4408/5540/4412 4405/5537/4409
f 4408/5540/4412 4403/5535/4407 950/5534/902 949/1219/901
f 4408/5540/4412 949/1219/901 954/1218/906 4409/5541/4413
f 4408/5540/4412 4409/5541/4413 4410/5542/4414 4405/5537/4409
f 4410/5542/4414 4411/5543/4415 4412/5544/4416 4413/5545/4417
f 4410/5542/4414 4413/5545/4417 4406/5538/4410 4405/5537/4409
f 4410/5542/4414 4409/5541/4413 4414/5546/4418 4411/5543/4415
f 4414/5546/4418 4409/5541/4413 954/1218/906 1049/1366/1021
f 4414/5546/4418 1049/1366/1021 913/1148/859 912/1147/858
f 4414/5546/4418 912/1147/858 4415/5547/4419 4411/5543/4415
f 4415/5547/4419 912/1147/858 911/1146/857 4416/5548/4420
f 4415/5547/4419 4416/5548/4420 4417/5549/4421 4418/5550/4422
f 4415/5547/4419 4418/5550/4422 4412/5544/4416 4411/5543/4415
f 4418/5551/4422 4417/5552/4421 4419/5553/4423 4420/5554/4424
f 4418/5551/4422 4420/5554/4424 4421/5555/4425 4412/5556/4416
f 4421/5555/4425 4420/5554/4424 4422/5557/4426 4423/5558/4427
f 4421/5555/4425 4423/5558/4427 4424/5559/4428 4425/5560/4429
f 4421/5555/4425 4425/5560/4429 4413/5561/4417 4412/5556/4416
f 4425/5560/4429 4424/5559/4428 4426/5562/4430 4427/5563/4431
f 4425/5560/4429 4427/5563/4431 4406/5564/4410 4413/5561/4417
f 4427/5563/4431 4426/5562/4430 4428/5565/4432 4429/5566/4433
f 4427/5563/4431 4429/5566/4433 4407/5567/4411 4406/5564/4410
f 4429/5566/4433 4428/5565/4432 4430/5568/4434 4431/5569/4435
f 4429/5566/4433 4431/5569/4435 4398/5570/4402 4407/5567/4411
f 4431/5569/4435 4430/5568/4434 4432/5571/4436 4393/5519/4397
f 4431/5569/4435 4393/5519/4397 4392/5518/4396 4398/5570/4402
f 4432/5572/4436 4430/5573/4434 739/883/655 743/889/659
f 4432/5572/4436 743/889/659 276/141/93 304/186/125
f 4432/5571/4436 304/5514/125 4388/5513/4392 4393/5519/4397
f 4430/5568/4434 4428/5565/4432 740/5574/656 739/5575/655
f 4428/5565/4432 4426/5562/4430 4433/5576/4437 740/5574/656
f 4433/5577/4437 4434/5578/4438 664/762/566 663/761/565
f 4433/5576/4437 663/5579/565 733/5580/647 740/5574/656
f 4433/5576/4437 4426/5562/4430 4424/5559/4428 4434/5581/4438
f 4434/5581/4438 4435/5582/4439 665/764/567 664/763/566
f 4434/5581/4438 4424/5559/4428 4423/5558/4427 4435/5582/4439
f 4435/5582/4439 550/560/422 64/559/409 665/764/567
f 4435/5582/4439 4423/5558/4427 4422/5557/4426 550/560/422
f 4422/5557/4426 4436/5583/4440 551/561/423 550/560/422
f 4422/5557/4426 4420/5554/4424 4419/5553/4423 4436/5583/4440
f 4436/5583/4440 4437/5584/4441 4438/5585/4442 551/561/423
f 4436/5583/4440 4419/5553/4423 4439/5586/4443 4437/5584/4441
f 4439/5586/4443 4440/5587/4444 4441/5588/4445 4437/5584/4441
f 4439/5586/4443 4419/5553/4423 4417/5552/4421 4442/5589/4446
f 4439/5590/4443 4442/5591/4446 4443/5592/4447 4440/5593/4444
f 4443/5592/4447 4444/5594/4448 4445/5595/4449 4440/5593/4444
f 4443/5592/4447 4442/5591/4446 4446/5596/4450 4447/5597/4451
f 4443/5592/4447 4447/5597/4451 4448/5598/4452 4444/5594/4448
f 4448/5598/4452 4447/5597/4451 936/1189/885 935/1188/884
f 4448/5598/4452 935/1188/884 4449/5599/4453 4450/5600/4454
f 4448/5598/4452 4450/5600/4454 4451/5601/4455 4444/5594/4448
f 4451/5602/4455 4452/5603/4456 4453/5604/4457 4454/5605/4458
f 4451/5601/4455 4454/5606/4458 4445/5595/4449 4444/5594/4448
f 4451/5601/4455 4450/5600/4454 4455/5607/4459 4452/5608/4456
f 4455/5607/4459 4450/5600/4454 4449/5599/4453 4456/5609/4460
f 4455/5607/4459 4456/5609/4460 432/375/286 4457/5610/4461
f 4455/5607/4459 4457/5610/4461 4458/5611/4462 4452/5608/4456
f 4458/5612/4462 4459/5613/4463 4460/5614/4464 4461/5615/4465
f 4458/5612/4462 4461/5615/4465 4453/5604/4457 4452/5603/4456
f 4458/5611/4462 4457/5610/4461 4462/5616/4466 4459/5617/4463
f 4462/5616/4466 4457/5610/4461 432/375/286 430/372/284
f 4462/5616/4466 430/372/284 429/371/283 4463/5618/4467
f 4462/5616/4466 4463/5618/4467 4464/5619/4468 4459/5617/4463
f 4464/5619/4468 4463/5618/4467 637/710/529 636/709/528
f 4464/5619/4468 636/709/528 1092/5620/1073 4465/5621/4469
f 4464/5619/4468 4465/5621/4469 4460/5622/4464 4459/5617/4463
f 4465/5623/4469 1092/1443/1073 1091/1442/1072 4466/5624/4470
f 4465/5623/4469 4466/5624/4470 4467/5625/4471 4460/5614/4464
f 4467/5625/4471 4466/5624/4470 1038/1345/1008 1041/5626/1011
f 4467/5625/4471 1041/5626/1011 4468/5627/4472 4469/5628/4473
f 4467/5625/4471 4469/5628/4473 4461/5615/4465 4460/5614/4464
f 4469/5628/4473 4468/5627/4472 4470/5629/4474 4471/5630/4475
f 4469/5628/4473 4471/5630/4475 4453/5604/4457 4461/5615/4465
f 4471/5630/4475 4470/5629/4474 4472/5631/4476 4473/5632/4477
f 4471/5630/4475 4473/5632/4477 4454/5605/4458 4453/5604/4457
f 4473/5632/4477 4472/5631/4476 4474/5633/4478 4475/5634/4479
f 4473/5632/4477 4475/5634/4479 4445/5635/4449 4454/5605/4458
f 4475/5634/4479 4474/5633/4478 4476/5636/4480 4441/5588/4445
f 4475/5634/4479 4441/5588/4445 4440/5587/4444 4445/5635/4449
f 4476/5637/4480 4474/5638/4478 4477/5639/4481 4478/5640/4482
f 4476/5637/4480 4478/5640/4482 541/542/411 4438/5641/4442
f 4476/5636/4480 4438/5585/4442 4437/5584/4441 4441/5588/4445
f 4478/5640/4482 4477/5639/4481 555/567/427 548/554/420
f 4478/5640/4482 548/554/420 542/543/412 541/542/411
f 4477/5639/4481 4479/5642/4483 4480/5643/4484 555/567/427
f 4477/5639/4481 4474/5638/4478 4472/5644/4476 4479/5642/4483
f 4480/5643/4484 4481/5645/4485 4482/5646/4486 4483/5647/4487
f 4480/5643/4484 4483/5647/4487 552/568/424 555/567/427
f 4480/5643/4484 4479/5642/4483 4484/5648/4488 4481/5645/4485
f 4484/5648/4488 4485/5649/4489 423/361/275 4481/5645/4485
f 4484/5648/4488 4479/5642/4483 4472/5644/4476 4470/5650/4474
f 4484/5648/4488 4470/5650/4474 4468/5651/4472 4485/5649/4489
f 4485/5649/4489 1040/1350/1010 424/362/276 423/361/275
f 4485/5649/4489 4468/5651/4472 1041/1351/1011 1040/1350/1010
f 4483/5652/4487 4482/5653/4486 434/379/288 4486/5654/4490
f 4483/5652/4487 4486/5654/4490 553/565/425 552/564/424
f 4486/5654/4490 434/379/288 433/378/287 4487/5655/4491
f 4486/5654/4490 4487/5655/4491 4488/5656/4492 553/565/425
f 4488/5656/4492 934/1192/883 554/566/426 553/565/425
f 4488/5657/4492 4487/5658/4491 4456/5609/4460 4449/5599/4453
f 4488/5657/4492 4449/5599/4453 935/1188/884 934/1187/883
f 4487/5658/4491 433/376/287 432/375/286 4456/5609/4460
f 4482/5653/4486 420/5659/272 419/380/271 434/379/288
f 4482/5646/4486 4481/5645/4485 423/361/275 420/360/272
f 4466/5624/4470 1091/1442/1072 1039/1346/1009 1038/1345/1008
f 4463/5618/4467 429/371/283 632/698/522 637/710/529
f 4447/5597/4451 4446/5596/4450 910/1145/856 936/1189/885
f 4446/5596/4450 4416/5548/4420 911/1146/857 910/1145/856
f 4446/5596/4450 4442/5591/4446 4417/5549/4421 4416/5548/4420
f 4438/5641/4442 541/542/411 540/541/410 551/5660/423
f 4402/5661/4406 4401/5662/4405 4489/5663/4493 4490/5664/4494
f 4402/5661/4406 4490/5664/4494 951/1213/903 950/1212/902
f 4490/5664/4494 4489/5663/4493 741/5665/657 736/873/652
f 4490/5664/4494 736/873/652 103/872/651 951/1213/903
f 4489/5663/4493 290/162/110 280/147/97 741/5665/657
f 4489/5663/4493 4401/5662/4405 291/163/111 290/162/110
f 4401/5532/4405 4399/5530/4403 293/169/113 291/168/111
f 4395/5523/4399 4394/5522/4398 286/157/106 293/169/113
f 4394/5522/4398 4491/5666/4495 287/158/107 286/157/106
f 4394/5522/4398 4390/5521/4394 4389/5667/4393 4491/5666/4495
f 4491/5666/4495 4492/5668/4496 288/159/108 287/158/107
f 4491/5666/4495 4389/5667/4393 944/5669/894 4492/5668/4496
f 4492/5668/4496 4493/5670/4497 294/170/114 288/159/108
f 4492/5668/4496 944/5669/894 941/5671/891 4493/5670/4497
f 4493/5672/4497 941/5673/891 940/5674/890 4494/5675/4498
f 4493/5672/4497 4494/5675/4498 296/5676/117 294/5677/114
f 4494/5675/4498 940/5674/890 4495/5678/4499 4496/5679/4500
f 4494/5675/4498 4496/5679/4500 297/178/118 296/5676/117
f 4496/5679/4500 4495/5678/4499 4497/5680/4501 4498/5681/4502
f 4496/5679/4500 4498/5681/4502 300/179/121 297/178/118
f 4498/5681/4502 4497/5680/4501 4499/5682/4503 466/429/323
f 4498/5681/4502 466/429/323 465/428/322 300/179/121
f 4499/5683/4503 4379/5503/4383 4378/5502/4382 4500/5684/4504
f 4499/5682/4503 4500/5685/4504 467/430/324 466/429/323
f 4499/5683/4503 4497/5686/4501 4381/5505/4385 4379/5503/4383
f 4500/5684/4504 4378/5502/4382 4377/5501/4381 4501/5687/4505
f 4500/5684/4504 4501/5687/4505 469/5688/326 467/5689/324
f 4501/5687/4505 4377/5501/4381 4502/5690/4506 4503/5691/4507
f 4501/5687/4505 4503/5691/4507 1605/5692/1605 469/5688/326
f 4503/5691/4507 4502/5690/4506 4504/5693/4508 1608/2086/1608
f 4503/5691/4507 1608/2086/1608 1606/2085/1606 1605/5692/1605
f 4504/5693/4508 4502/5690/4506 4374/5498/4378 4505/5694/4509
f 4504/5693/4508 4505/5694/4509 4506/5695/4510 4507/5696/4511
f 4504/5693/4508 4507/5696/4511 1609/2087/1609 1608/2086/1608
f 4507/5696/4511 4506/5695/4510 4508/5697/4512 4509/5698/4513
f 4507/5696/4511 4509/5698/4513 1610/2088/1610 1609/2087/1609
f 4509/5698/4513 4508/5697/4512 4510/5699/4514 3725/4706/3727
f 4509/5698/4513 3725/4706/3727 1612/2091/1612 1610/2088/1610
f 4510/5699/4514 4508/5697/4512 4511/5700/4515 4512/5701/4516
f 4510/5699/4514 4512/5701/4516 4513/5702/4517 3728/4709/3730
f 4510/5699/4514 3728/4709/3730 3726/4707/3728 3725/4706/3727
f 4513/5702/4517 4512/5701/4516 4514/5703/4518 4332/5451/4336
f 4513/5702/4517 4332/5451/4336 4330/5449/4334 4329/5448/4333
f 4513/5702/4517 4329/5448/4333 3729/4710/3731 3728/4709/3730
f 4514/5703/4518 4512/5701/4516 4511/5700/4515 4515/5704/4519
f 4514/5703/4518 4515/5704/4519 4516/5705/4520 4335/5454/4339
f 4514/5703/4518 4335/5454/4339 4333/5452/4337 4332/5451/4336
f 4516/5705/4520 4515/5704/4519 4517/5706/4521 4518/5707/4522
f 4516/5705/4520 4518/5707/4522 4519/5708/4523 4338/5457/4342
f 4516/5705/4520 4338/5457/4342 4336/5455/4340 4335/5454/4339
f 4519/5708/4523 4518/5707/4522 4520/5709/4524 4521/5710/4525
f 4519/5708/4523 4521/5710/4525 4362/5486/4366 4341/5460/4345
f 4519/5708/4523 4341/5460/4345 4339/5458/4343 4338/5457/4342
f 4521/5710/4525 4520/5709/4524 4368/5492/4372 4365/5489/4369
f 4521/5710/4525 4365/5489/4369 4363/5487/4367 4362/5486/4366
f 4520/5709/4524 4522/5711/4526 4370/5494/4374 4368/5492/4372
f 4520/5709/4524 4518/5707/4522 4517/5706/4521 4522/5711/4526
f 4522/5711/4526 4523/5712/4527 4372/5496/4376 4370/5494/4374
f 4522/5711/4526 4517/5706/4521 4524/5713/4528 4523/5712/4527
f 4524/5713/4528 4506/5695/4510 4505/5694/4509 4523/5712/4527
f 4524/5713/4528 4517/5706/4521 4515/5704/4519 4511/5700/4515
f 4524/5713/4528 4511/5700/4515 4508/5697/4512 4506/5695/4510
f 4523/5712/4527 4505/5694/4509 4374/5498/4378 4372/5496/4376
f 4502/5690/4506 4377/5501/4381 4375/5499/4379 4374/5498/4378
f 4497/5686/4501 4495/5714/4499 4383/5507/4387 4381/5505/4385
f 4495/5714/4499 940/1199/890 939/1198/889 4383/5507/4387
f 4389/5515/4393 4386/5511/4390 942/1201/892 944/1203/894
f 4362/5486/4366 4344/5463/4348 4342/5461/4346 4341/5460/4345
f 4329/5448/4333 4327/5446/4331 3730/4711/3732 3729/4710/3731
f 4312/5421/4316 4308/5417/4312 4307/5416/4311 4189/5288/4193
f 4312/5421/4316 4189/5288/4193 4187/5286/4191 4186/5285/4190
f 4307/5416/4311 4303/5412/4307 4302/5411/4306 4192/5291/4196
f 4307/5416/4311 4192/5291/4196 4190/5289/4194 4189/5288/4193
f 4302/5411/4306 4298/5407/4302 4297/5406/4301 4195/5294/4199
f 4302/5411/4306 4195/5294/4199 4193/5292/4197 4192/5291/4196
f 4297/5406/4301 4293/5402/4297 4292/5401/4296 4198/5297/4202
f 4297/5406/4301 4198/5297/4202 4196/5295/4200 4195/5294/4199
f 4292/5401/4296 4288/5397/4292 4287/5396/4291 4201/5300/4205
f 4292/5401/4296 4201/5300/4205 4199/5298/4203 4198/5297/4202
f 4287/5396/4291 4283/5392/4287 4282/5391/4286 4204/5303/4208
f 4287/5396/4291 4204/5303/4208 4202/5301/4206 4201/5300/4205
f 4282/5391/4286 4278/5387/4282 4277/5386/4281 4207/5306/4211
f 4282/5391/4286 4207/5306/4211 4205/5304/4209 4204/5303/4208
f 4277/5386/4281 4273/5382/4277 4272/5381/4276 4210/5309/4214
f 4277/5386/4281 4210/5309/4214 4208/5307/4212 4207/5306/4211
f 4272/5381/4276 4268/5377/4272 4267/5376/4271 4213/5312/4217
f 4272/5381/4276 4213/5312/4217 4211/5310/4215 4210/5309/4214
f 4267/5376/4271 4263/5372/4267 4262/5371/4266 4216/5315/4220
f 4267/5376/4271 4216/5315/4220 4214/5313/4218 4213/5312/4217
f 4262/5371/4266 4258/5367/4262 4257/5366/4261 4219/5318/4223
f 4262/5371/4266 4219/5318/4223 4217/5316/4221 4216/5315/4220
f 4257/5366/4261 4253/5362/4257 4252/5361/4256 4222/5321/4226
f 4257/5366/4261 4222/5321/4226 4220/5319/4224 4219/5318/4223
f 4252/5361/4256 4248/5357/4252 4247/5356/4251 4225/5324/4229
f 4252/5361/4256 4225/5324/4229 4223/5322/4227 4222/5321/4226
f 4247/5356/4251 4243/5352/4247 4232/5334/4236 4228/5327/4232
f 4247/5356/4251 4228/5327/4232 4226/5325/4230 4225/5324/4229
f 4246/5355/4250 519/508/383 521/512/386 4242/5351/4246
f 4180/5278/4184 966/5281/921 145/1236/920 965/1235/919
f 4057/5123/4061 964/5127/918 957/5715/911 966/5281/921
f 3973/5036/3977 1075/1415/1055 1074/1414/1054 3968/5031/3972
f 3965/5028/3969 3963/5024/3967 896/1125/839 901/1124/844
f 3962/5023/3966 1085/5716/1065 1124/5717/1111 4525/5718/4529
f 3962/5023/3966 4525/5718/4529 1131/1501/1119 3959/5019/3963
f 3962/5023/3966 3961/5022/3965 1086/5027/1066 1085/5716/1065
f 4525/5719/4529 1124/5720/1111 1126/5721/1113 4526/5722/4530
f 4525/5718/4529 4526/5723/4530 1127/1502/1115 1131/1501/1119
f 4526/5722/4530 1126/5721/1113 1098/1456/1080 1097/1455/1079
f 4526/5722/4530 1097/1455/1079 1128/1497/1116 1127/1496/1115
f 3955/5012/3959 1129/1498/1117 1128/1497/1116 1102/1462/1084
f 3953/5009/3957 1100/1460/1082 1099/1459/1081 4527/5724/4531
f 3953/5009/3957 4527/5724/4531 4528/5725/4532 3948/5010/3952
f 4528/5725/4532 4527/5724/4531 4529/5726/4533 4530/5727/4534
f 4528/5728/4532 4530/5729/4534 422/358/274 3944/4994/3948
f 4528/5728/4532 3944/4994/3948 3943/4993/3947 3948/4999/3952
f 4530/5727/4534 4529/5726/4533 431/374/285 427/373/281
f 4530/5729/4534 427/368/281 418/354/270 422/358/274
f 4529/5726/4533 4531/5730/4535 630/697/521 431/374/285
f 4529/5726/4533 4527/5724/4531 1099/1459/1081 4531/5730/4535
f 4531/5731/4535 4532/5732/4536 4533/5733/4537 630/5734/521
f 4531/5731/4535 1099/5735/1081 1096/1453/1078 4532/5732/4536
f 4533/5736/4537 1077/1418/1057 631/701/523 630/700/521
f 4533/5733/4537 4532/5732/4536 1071/1408/1049 4534/5737/4538
f 4533/5736/4537 4534/5738/4538 1078/1419/1058 1077/1418/1057
f 4534/5737/4538 1071/1408/1049 1070/1407/1048 1095/5739/1076
f 4534/5740/4538 1095/5741/1076 1079/1422/1059 1078/1421/1058
f 4532/5732/4536 1096/1453/1078 1072/1409/1050 1071/1408/1049
f 3949/5000/3953 516/501/380 511/495/373 512/494/376
f 3945/4995/3949 3944/4994/3948 422/358/274 421/357/273
f 3945/4995/3949 421/357/273 426/364/278 3938/4996/3942
f 3930/4978/3934 3906/4942/3910 3904/4940/3908 3903/4939/3907
f 3920/4963/3924 728/855/640 546/854/417 545/4964/416
f 3895/4928/3899 3893/4926/3897 313/197/135 312/196/134
f 3889/4922/3893 3888/4921/3892 318/203/141 317/202/140
f 3778/4778/3780 3776/4776/3778 3767/4759/3769 3766/4758/3768
f 3756/5137/3758 3754/5742/3756 961/1229/915 960/1228/914
f 3752/5743/3754 3751/5744/3753 958/5745/912 961/5746/915
f 3747/5747/3749 3744/4728/3746 3742/4726/3744 3741/4725/3743
f 3720/4698/3722 3719/4697/3721 1617/2097/1617 1616/2096/1616
f 3719/4697/3721 3715/4693/3717 3714/4692/3716 1622/2102/1622
f 3719/4697/3721 1622/2102/1622 1619/2099/1619 1617/2097/1617
f 3714/4692/3716 3710/4688/3712 3709/4687/3711 1625/5748/1625
f 3714/4692/3716 1625/5748/1625 1623/2103/1623 1622/2102/1622
f 3709/5749/3711 3705/4682/3707 3704/4681/3706 1628/5750/1628
f 3709/5749/3711 1628/5750/1628 1626/2108/1626 1625/2107/1625
f 3704/5751/3706 3700/4673/3702 3699/4672/3701 1631/2114/1631
f 3704/5751/3706 1631/2114/1631 1629/2112/1629 1628/2111/1628
f 3703/4680/3705 864/1065/802 863/1064/801 3698/4671/3700
f 3699/4672/3701 3696/4667/3698 3695/4666/3697 1634/2117/1634
f 3699/4672/3701 1634/2117/1634 1632/2115/1632 1631/2114/1631
f 3695/4666/3697 3693/4662/3695 4535/5752/4539 1637/2121/1637
f 3695/4666/3697 1637/2121/1637 1635/2118/1635 1634/2117/1634
f 4535/5752/4539 3693/4662/3695 3691/4656/3693 3690/4655/3692
f 4535/5752/4539 3690/4655/3692 4536/5753/4540 1640/2126/1640
f 4535/5752/4539 1640/2126/1640 1638/2122/1638 1637/2121/1637
f 4536/5753/4540 3690/4655/3692 3686/4649/3688 3685/4648/3687
f 4536/5753/4540 3685/4648/3687 1645/2133/1645 1643/2131/1643
f 4536/5753/4540 1643/2131/1643 1641/2127/1641 1640/2126/1640
f 3689/4653/3691 869/5754/808 130/1077/807 746/893/663
f 3689/4653/3691 746/893/663 745/892/662 3684/4654/3686
f 3689/4653/3691 3688/4652/3690 859/4660/795 869/5754/808
f 3685/4648/3687 3682/4645/3684 1647/2135/1647 1645/2133/1645
f 3664/4612/3666 3663/4611/3665 1674/5755/1674 1672/5756/1672
f 3663/4611/3665 3659/4606/3661 3658/5757/3660 4537/5758/4541
f 3663/4611/3665 4537/5758/4541 4538/5759/4542 1674/5755/1674
f 4538/5759/4542 4537/5758/4541 4539/5760/4543 4540/5761/4544
f 4538/5762/4542 4540/5763/4544 4541/5764/4545 1677/2181/1677
f 4538/5762/4542 1677/2181/1677 1675/2179/1675 1674/2178/1674
f 4541/5764/4545 4540/5763/4544 3608/4526/3610 3606/4522/3608
f 4541/5764/4545 3606/4522/3608 3603/4521/3605 389/5765/234
f 4541/5764/4545 389/5765/234 388/2182/233 1677/2181/1677
f 4540/5761/4544 4539/5760/4543 4542/5766/4546 3608/5767/3610
f 4542/5766/4546 4539/5760/4543 4543/5768/4547 4544/5769/4548
f 4542/5766/4546 4544/5769/4548 3614/4537/3616 3611/4536/3613
f 4542/5766/4546 3611/4536/3613 3609/5770/3611 3608/5767/3610
f 4544/5771/4548 4543/5772/4547 3653/4597/3655 4545/5773/4549
f 4544/5769/4548 4545/5774/4549 3616/4539/3618 3614/4537/3616
f 4545/5773/4549 3653/4597/3655 3649/4596/3651 3648/5775/3650
f 4545/5773/4549 3648/5775/3650 3618/4543/3620 3616/4542/3618
f 4543/5772/4547 3658/4603/3660 3654/4598/3656 3653/4597/3655
f 4543/5768/4547 4539/5760/4543 4537/5758/4541 3658/5757/3660
f 3648/4590/3650 3644/4586/3646 3643/4585/3645 3618/5776/3620
f 3643/4585/3645 3639/4580/3641 3627/4562/3629 3621/4549/3623
f 3643/4585/3645 3621/4549/3623 3619/4548/3621 3618/5776/3620
f 3603/4517/3605 3602/4516/3604 390/314/235 389/313/234
f 3596/4508/3598 3594/4506/3596 219/30/22 227/1267/31
f 3594/4506/3596 3592/4503/3594 220/31/23 219/30/22
f 3592/4503/3594 3591/4502/3593 4546/5777/4550 220/31/23
f 4546/5777/4550 1686/2195/1686 221/32/24 220/31/23
f 4546/5777/4550 3591/4502/3593 1692/4505/1692 1690/5778/1690
f 4546/5777/4550 1690/5778/1690 1687/2196/1687 1686/2195/1686
f 3589/4501/3591 1695/2206/1695 1693/2204/1693 1692/2203/1692
f 3529/4421/3530 3527/4418/3528 3526/4417/3527 535/533/403
f 3529/4421/3530 535/533/403 61/532/402 538/537/406
f 3526/4417/3527 3523/4416/3524 523/515/389 522/514/388
f 3526/4417/3527 522/514/388 526/534/392 535/533/403
f 3525/4414/3526 353/4534/183 767/922/687 766/921/686
f 3522/4408/3523 3521/4407/3522 766/921/686 764/920/683
f 3519/4404/3520 3510/4392/3511 524/4488/390 523/4410/389
f 3518/4403/3519 529/5779/396 534/5780/401 3513/4401/3514
f 3515/4398/3516 4547/5781/4551 831/1562/760 1163/1561/1157
f 3515/5782/3516 1163/5783/1157 1168/1570/1162 3509/4391/3510
f 3515/4398/3516 3514/4397/3515 1136/1512/1125 4547/5781/4551
f 4547/5781/4551 4548/5784/4552 824/5785/755 831/1562/760
f 4547/5781/4551 1136/1512/1125 183/1507/1121 4548/5784/4552
f 4548/5786/4552 823/996/752 822/995/751 824/5787/755
f 4548/5784/4552 183/1507/1121 832/1510/762 823/5788/752
f 3514/4397/3515 534/531/401 533/530/400 1136/1512/1125
f 3510/4392/3511 3507/4389/3508 3506/4388/3507 524/4488/390
f 3436/4318/3437 3433/4314/3434 2340/2958/2340 2339/2957/2339
f 3431/4309/3432 3430/4308/3431 4549/5789/4553 2344/5790/2344
f 4549/5789/4553 3430/4308/3431 4550/5791/4554 4551/5792/4555
f 4549/5789/4553 4551/5792/4555 4552/5793/4556 2347/2968/2347
f 4549/5789/4553 2347/2968/2347 2345/2965/2345 2344/5790/2344
f 4552/5793/4556 4551/5792/4555 4553/5794/4557 2593/3304/2593
f 4552/5793/4556 2593/3304/2593 2591/3302/2591 2590/3301/2590
f 4552/5793/4556 2590/3301/2590 2348/2969/2348 2347/2968/2347
f 4553/5794/4557 4551/5792/4555 4550/5791/4554 4554/5795/4558
f 4553/5794/4557 4554/5795/4558 4555/5796/4559 4556/5797/4560
f 4553/5794/4557 4556/5797/4560 2594/3305/2594 2593/3304/2593
f 4556/5797/4560 4555/5796/4559 4557/5798/4561 4558/5799/4562
f 4556/5797/4560 4558/5799/4562 2595/3306/2595 2594/3305/2594
f 4558/5799/4562 4557/5798/4561 4559/5800/4563 4560/5801/4564
f 4558/5799/4562 4560/5801/4564 2597/3308/2597 2595/3306/2595
f 4560/5801/4564 4559/5800/4563 4561/5802/4565 4562/5803/4566
f 4560/5801/4564 4562/5803/4566 2599/3310/2599 2597/3308/2597
f 4562/5803/4566 4561/5802/4565 4563/5804/4567 2604/3315/2604
f 4562/5803/4566 2604/3315/2604 2601/3312/2601 2599/3310/2599
f 4563/5804/4567 4561/5802/4565 4564/5805/4568 4565/5806/4569
f 4563/5804/4567 4565/5806/4569 4566/5807/4570 2607/3318/2607
f 4563/5804/4567 2607/3318/2607 2605/3316/2605 2604/3315/2604
f 4566/5807/4570 4565/5806/4569 4567/5808/4571 4568/5809/4572
f 4566/5807/4570 4568/5809/4572 4569/5810/4573 2610/3321/2610
f 4566/5807/4570 2610/3321/2610 2608/3319/2608 2607/3318/2607
f 4569/5810/4573 4568/5809/4572 4570/5811/4574 4571/5812/4575
f 4569/5810/4573 4571/5812/4575 4572/5813/4576 2613/3324/2613
f 4569/5810/4573 2613/3324/2613 2611/3322/2611 2610/3321/2610
f 4572/5813/4576 4571/5812/4575 4573/5814/4577 4574/5815/4578
f 4572/5813/4576 4574/5815/4578 4575/5816/4579 2616/3328/2616
f 4572/5813/4576 2616/3328/2616 2614/3325/2614 2613/3324/2613
f 4575/5816/4579 4574/5815/4578 4576/5817/4580 4577/5818/4581
f 4575/5816/4579 4577/5818/4581 4578/5819/4582 2619/3333/2619
f 4575/5816/4579 2619/3333/2619 2617/3329/2617 2616/3328/2616
f 4578/5819/4582 4577/5818/4581 4579/5820/4583 4580/5821/4584
f 4578/5819/4582 4580/5821/4584 4581/5822/4585 2622/5823/2622
f 4578/5819/4582 2622/5823/2622 2620/3334/2620 2619/3333/2619
f 4581/5822/4585 4580/5821/4584 4582/5824/4586 4583/5825/4587
f 4581/5826/4585 4583/5827/4587 4584/5828/4588 4585/5829/4589
f 4581/5826/4585 4585/5829/4589 2623/3339/2623 2622/3338/2622
f 4585/5829/4589 4584/5828/4588 4586/5830/4590 4587/5831/4591
f 4585/5829/4589 4587/5831/4591 2624/3340/2624 2623/3339/2623
f 4587/5831/4591 4586/5830/4590 4588/5832/4592 4589/5833/4593
f 4587/5831/4591 4589/5833/4593 2626/3342/2626 2624/3340/2624
f 4589/5833/4593 4588/5832/4592 3323/4163/3324 4590/5834/4594
f 4589/5833/4593 4590/5834/4594 2628/3344/2628 2626/3342/2626
f 4590/5834/4594 3323/4163/3324 3319/4159/3320 3318/4158/3319
f 4590/5834/4594 3318/4158/3319 4591/5835/4595 2628/3344/2628
f 4591/5835/4595 3318/4158/3319 3314/4154/3315 3313/4153/3314
f 4591/5835/4595 3313/4153/3314 4592/5836/4596 2631/3347/2631
f 4591/5835/4595 2631/3347/2631 2629/3345/2629 2628/3344/2628
f 4592/5836/4596 3313/4153/3314 3309/4149/3310 3308/4148/3309
f 4592/5836/4596 3308/4148/3309 4593/5837/4597 2634/3350/2634
f 4592/5836/4596 2634/3350/2634 2632/3348/2632 2631/3347/2631
f 4593/5837/4597 3308/4148/3309 3304/4144/3305 3303/4143/3304
f 4593/5837/4597 3303/4143/3304 4594/5838/4598 2637/3353/2637
f 4593/5837/4597 2637/3353/2637 2635/3351/2635 2634/3350/2634
f 4594/5838/4598 3303/4143/3304 3299/4139/3300 3298/4138/3299
f 4594/5838/4598 3298/4138/3299 4595/5839/4599 4596/5840/4600
f 4594/5838/4598 4596/5840/4600 2638/3354/2638 2637/3353/2637
f 4596/5840/4600 4595/5839/4599 4597/5841/4601 2642/3358/2642
f 4596/5840/4600 2642/3358/2642 2639/3355/2639 2638/3354/2638
f 4597/5841/4601 4595/5839/4599 3293/4133/3294 4598/5842/4602
f 4597/5841/4601 4598/5842/4602 4599/5843/4603 4600/5844/4604
f 4597/5841/4601 4600/5844/4604 2643/3359/2643 2642/3358/2642
f 4600/5844/4604 4599/5843/4603 4601/5845/4605 4602/5846/4606
f 4600/5844/4604 4602/5846/4606 2644/3360/2644 2643/3359/2643
f 4602/5846/4606 4601/5845/4605 4603/5847/4607 4604/5848/4608
f 4602/5846/4606 4604/5848/4608 2646/3362/2646 2644/3360/2644
f 4604/5848/4608 4603/5847/4607 3158/3990/3159 3157/3989/3158
f 4604/5848/4608 3157/3989/3158 2648/3364/2648 2646/3362/2646
f 4603/5847/4607 4601/5845/4605 4605/5849/4609 4606/5850/4610
f 4603/5847/4607 4606/5850/4610 3160/3992/3161 3158/3990/3159
f 4606/5850/4610 4605/5849/4609 4607/5851/4611 4608/5852/4612
f 4606/5850/4610 4608/5852/4612 4609/5853/4613 3160/3992/3161
f 4609/5853/4613 4608/5852/4612 4610/5854/4614 4611/5855/4615
f 4609/5853/4613 4611/5855/4615 4612/5856/4616 3163/3995/3164
f 4609/5853/4613 3163/3995/3164 3161/3993/3162 3160/3992/3161
f 4612/5856/4616 4611/5855/4615 4613/5857/4617 4614/5858/4618
f 4612/5856/4616 4614/5858/4618 4615/5859/4619 3166/3998/3167
f 4612/5856/4616 3166/3998/3167 3164/3996/3165 3163/3995/3164
f 4615/5859/4619 4614/5858/4618 4616/5860/4620 4617/5861/4621
f 4615/5859/4619 4617/5861/4621 4618/5862/4622 3169/4001/3170
f 4615/5859/4619 3169/4001/3170 3167/3999/3168 3166/3998/3167
f 4618/5862/4622 4617/5861/4621 4619/5863/4623 4620/5864/4624
f 4618/5862/4622 4620/5864/4624 4621/5865/4625 3172/4004/3173
f 4618/5862/4622 3172/4004/3173 3170/4002/3171 3169/4001/3170
f 4621/5865/4625 4620/5864/4624 4622/5866/4626 4623/5867/4627
f 4621/5865/4625 4623/5867/4627 4624/5868/4628 3175/4007/3176
f 4621/5865/4625 3175/4007/3176 3173/4005/3174 3172/4004/3173
f 4624/5869/4628 4623/5870/4627 4625/5871/4629 4626/5872/4630
f 4624/5869/4628 4626/5872/4630 4627/5873/4631 3178/5874/3179
f 4624/5868/4628 3178/4010/3179 3176/4008/3177 3175/4007/3176
f 4627/5873/4631 4626/5872/4630 4628/5875/4632 4629/5876/4633
f 4627/5873/4631 4629/5876/4633 4630/5877/4634 3181/4015/3182
f 4627/5873/4631 3181/4015/3182 3179/4014/3180 3178/5874/3179
f 4630/5877/4634 4629/5876/4633 4631/5878/4635 4632/5879/4636
f 4630/5877/4634 4632/5879/4636 4633/5880/4637 3184/4019/3185
f 4630/5877/4634 3184/4019/3185 3182/4016/3183 3181/4015/3182
f 4633/5880/4637 4632/5879/4636 4634/5881/4638 4635/5882/4639
f 4633/5880/4637 4635/5882/4639 4636/5883/4640 3187/4022/3188
f 4633/5880/4637 3187/4022/3188 3185/4020/3186 3184/4019/3185
f 4636/5883/4640 4635/5882/4639 4637/5884/4641 4638/5885/4642
f 4636/5883/4640 4638/5885/4642 4639/5886/4643 4640/5887/4644
f 4636/5883/4640 4640/5887/4644 3188/4023/3189 3187/4022/3188
f 4640/5887/4644 4639/5886/4643 3195/4030/3196 3193/4028/3194
f 4640/5887/4644 3193/4028/3194 3189/4024/3190 3188/4023/3189
f 4639/5886/4643 4638/5885/4642 4641/5888/4645 4642/5889/4646
f 4639/5886/4643 4642/5889/4646 3197/4032/3198 3195/4030/3196
f 4642/5889/4646 4641/5888/4645 3223/4060/3224 4643/5890/4647
f 4642/5889/4646 4643/5890/4647 3199/4034/3200 3197/4032/3198
f 4643/5890/4647 3223/4060/3224 3219/4056/3220 3218/4055/3219
f 4643/5890/4647 3218/4055/3219 3201/4036/3202 3199/4034/3200
f 4641/5888/4645 3228/4065/3229 3224/4061/3225 3223/4060/3224
f 4641/5888/4645 4638/5885/4642 4637/5884/4641 3228/4065/3229
f 4637/5884/4641 3233/4070/3234 3229/4066/3230 3228/4065/3229
f 4637/5884/4641 4635/5882/4639 4634/5881/4638 3233/4070/3234
f 4634/5881/4638 3238/4075/3239 3234/4071/3235 3233/4070/3234
f 4634/5881/4638 4632/5879/4636 4631/5878/4635 3238/4075/3239
f 4631/5878/4635 3243/4080/3244 3239/4076/3240 3238/4075/3239
f 4631/5878/4635 4629/5876/4633 4628/5875/4632 3243/4080/3244
f 4628/5875/4632 3248/4085/3249 3244/4081/3245 3243/4080/3244
f 4628/5875/4632 4626/5872/4630 4625/5871/4629 3248/4085/3249
f 4625/5871/4629 3253/4090/3254 3249/4086/3250 3248/4085/3249
f 4625/5871/4629 4623/5870/4627 4622/5891/4626 3253/4090/3254
f 4622/5891/4626 3258/4095/3259 3254/4091/3255 3253/4090/3254
f 4622/5866/4626 4620/5864/4624 4619/5863/4623 3258/5892/3259
f 4619/5863/4623 3263/4102/3264 3259/4101/3260 3258/5892/3259
f 4619/5863/4623 4617/5861/4621 4616/5860/4620 3263/4102/3264
f 4616/5860/4620 3268/4108/3269 3264/4103/3265 3263/4102/3264
f 4616/5860/4620 4614/5858/4618 4613/5857/4617 3268/4108/3269
f 4613/5857/4617 3273/4113/3274 3269/4109/3270 3268/4108/3269
f 4613/5857/4617 4611/5855/4615 4610/5854/4614 3273/4113/3274
f 4610/5854/4614 3278/4118/3279 3274/4114/3275 3273/4113/3274
f 4610/5854/4614 4608/5852/4612 4607/5851/4611 3278/4118/3279
f 4607/5851/4611 3283/4123/3284 3279/4119/3280 3278/4118/3279
f 4607/5851/4611 4605/5849/4609 4644/5893/4648 3283/4123/3284
f 4644/5893/4648 3288/4128/3289 3284/4124/3285 3283/4123/3284
f 4644/5893/4648 4605/5849/4609 4601/5845/4605 4599/5843/4603
f 4644/5893/4648 4599/5843/4603 4598/5842/4602 3288/4128/3289
f 4598/5842/4602 3293/4133/3294 3289/4129/3290 3288/4128/3289
f 4595/5839/4599 3298/4138/3299 3294/4134/3295 3293/4133/3294
f 4588/5832/4592 3328/4168/3329 3324/4164/3325 3323/4163/3324
f 4588/5832/4592 4586/5830/4590 4645/5894/4649 3328/4168/3329
f 4645/5894/4649 3333/4173/3334 3329/4169/3330 3328/4168/3329
f 4645/5894/4649 4586/5830/4590 4584/5828/4588 4646/5895/4650
f 4645/5894/4649 4646/5895/4650 3357/4212/3358 3333/4173/3334
f 4646/5895/4650 4584/5828/4588 4583/5827/4587 3360/5896/3361
f 4646/5895/4650 3360/5896/3361 3358/4213/3359 3357/4212/3358
f 4583/5825/4587 4582/5824/4586 3361/4217/3362 3360/4216/3361
f 4582/5824/4586 4580/5821/4584 4579/5820/4583 4647/5897/4651
f 4582/5824/4586 4647/5897/4651 3362/4218/3363 3361/4217/3362
f 4647/5897/4651 4579/5820/4583 4648/5898/4652 4649/5899/4653
f 4647/5897/4651 4649/5899/4653 3364/4220/3365 3362/4218/3363
f 4649/5899/4653 4648/5898/4652 4650/5900/4654 4651/5901/4655
f 4649/5899/4653 4651/5901/4655 3366/4222/3367 3364/4220/3365
f 4651/5901/4655 4650/5900/4654 4652/5902/4656 4653/5903/4657
f 4651/5901/4655 4653/5903/4657 4654/5904/4658 3366/4222/3367
f 4653/5903/4657 4652/5902/4656 4655/5905/4659 3396/4274/3397
f 4653/5903/4657 3396/4274/3397 3394/4272/3395 4654/5904/4658
f 4655/5905/4659 3400/4278/3401 3397/4275/3398 3396/4274/3397
f 4655/5905/4659 4652/5902/4656 4656/5906/4660 4657/5907/4661
f 4655/5905/4659 4657/5907/4661 4658/5908/4662 3400/4278/3401
f 4658/5908/4662 3405/4283/3406 3401/4279/3402 3400/4278/3401
f 4658/5908/4662 4657/5907/4661 4659/5909/4663 4660/5910/4664
f 4658/5908/4662 4660/5910/4664 4661/5911/4665 3405/4283/3406
f 4661/5911/4665 3410/4288/3411 3406/4284/3407 3405/4283/3406
f 4661/5911/4665 4660/5910/4664 4662/5912/4666 4663/5913/4667
f 4661/5911/4665 4663/5913/4667 4664/5914/4668 3410/4288/3411
f 4664/5914/4668 3415/4293/3416 3411/4289/3412 3410/4288/3411
f 4664/5914/4668 4663/5913/4667 4665/5915/4669 4666/5916/4670
f 4664/5914/4668 4666/5916/4670 4667/5917/4671 3415/4293/3416
f 4667/5917/4671 3420/4298/3421 3416/4294/3417 3415/4293/3416
f 4667/5917/4671 4666/5916/4670 4668/5918/4672 4669/5919/4673
f 4667/5917/4671 4669/5919/4673 4670/5920/4674 3420/4298/3421
f 4670/5920/4674 3425/4303/3426 3421/4299/3422 3420/4298/3421
f 4670/5920/4674 4669/5919/4673 4555/5796/4559 4554/5795/4558
f 4670/5920/4674 4554/5795/4558 4550/5791/4554 3425/4303/3426
f 4669/5919/4673 4668/5918/4672 4557/5798/4561 4555/5796/4559
f 4668/5918/4672 4666/5916/4670 4665/5915/4669 4671/5921/4675
f 4668/5918/4672 4671/5921/4675 4559/5800/4563 4557/5798/4561
f 4671/5921/4675 4665/5915/4669 4672/5922/4676 4564/5805/4568
f 4671/5921/4675 4564/5805/4568 4561/5802/4565 4559/5800/4563
f 4672/5922/4676 4665/5915/4669 4663/5913/4667 4662/5912/4666
f 4672/5922/4676 4662/5912/4666 4673/5923/4677 4567/5808/4571
f 4672/5922/4676 4567/5808/4571 4565/5806/4569 4564/5805/4568
f 4673/5923/4677 4662/5912/4666 4660/5910/4664 4659/5909/4663
f 4673/5923/4677 4659/5909/4663 4674/5924/4678 4570/5811/4574
f 4673/5923/4677 4570/5811/4574 4568/5809/4572 4567/5808/4571
f 4674/5924/4678 4659/5909/4663 4657/5907/4661 4656/5906/4660
f 4674/5924/4678 4656/5906/4660 4675/5925/4679 4573/5814/4577
f 4674/5924/4678 4573/5814/4577 4571/5812/4575 4570/5811/4574
f 4675/5925/4679 4656/5906/4660 4652/5902/4656 4650/5900/4654
f 4675/5925/4679 4650/5900/4654 4648/5898/4652 4576/5817/4580
f 4675/5925/4679 4576/5817/4580 4574/5815/4578 4573/5814/4577
f 4648/5898/4652 4579/5820/4583 4577/5818/4581 4576/5817/4580
f 4550/5791/4554 3430/4308/3431 3426/4304/3427 3425/4303/3426
f 3404/4282/3405 1183/1589/1179 194/1585/1175 3399/4277/3400
f 3382/4253/3383 3381/5926/3382 4676/5927/4680 3393/4271/3394
f 3381/4243/3382 3375/4242/3376 4677/5928/4681 4676/5929/4680
f 3379/5930/3380 4678/5931/4682 3374/4230/3375 3373/4229/3374
f 3379/5930/3380 3378/5932/3379 4679/5933/4683 4680/5934/4684
f 3379/5935/3380 4680/5936/4684 4681/5937/4685 4678/5938/4682
f 4681/5939/4685 4682/5940/4686 4683/5941/4687 4678/5931/4682
f 4681/5939/4685 4680/5934/4684 4684/5942/4688 4685/5943/4689
f 4681/5939/4685 4685/5943/4689 4686/5944/4690 4682/5940/4686
f 4686/5945/4690 4687/5946/4691 4688/5947/4692 4682/5948/4686
f 4686/5944/4690 4685/5943/4689 4689/5949/4693 4690/5950/4694
f 4686/5944/4690 4690/5950/4694 4691/5951/4695 4687/5952/4691
f 4691/5951/4695 4690/5950/4694 4692/5953/4696 4693/5954/4697
f 4691/5951/4695 4693/5954/4697 4694/5955/4698 4695/5956/4699
f 4691/5951/4695 4695/5956/4699 4696/5957/4700 4687/5952/4691
f 4696/5958/4700 4695/5959/4699 4697/5960/4701 4698/5961/4702
f 4696/5958/4700 4698/5961/4702 4699/5962/4703 4700/5963/4704
f 4696/5964/4700 4700/5965/4704 4688/5947/4692 4687/5946/4691
f 4700/5963/4704 4699/5962/4703 881/1095/823 4701/5966/4705
f 4700/5967/4704 4701/5968/4705 4702/5969/4706 4688/5970/4692
f 4702/5969/4706 4701/5968/4705 890/1107/832 889/1106/831
f 4702/5969/4706 889/1106/831 892/1110/834 4683/5941/4687
f 4702/5969/4706 4683/5941/4687 4682/5940/4686 4688/5970/4692
f 4701/5966/4705 881/1095/823 880/1094/822 890/5971/832
f 4699/5962/4703 4698/5961/4702 4703/5972/4707 4704/5973/4708
f 4699/5962/4703 4704/5973/4708 882/1096/824 881/1095/823
f 4704/5973/4708 4703/5972/4707 4705/5974/4709 4706/5975/4710
f 4704/5973/4708 4706/5975/4710 884/1098/826 882/1096/824
f 4706/5975/4710 4705/5974/4709 4707/5976/4711 480/5977/338
f 4706/5975/4710 480/5977/338 479/5978/337 884/1098/826
f 4707/5979/4711 4705/5980/4709 4708/5981/4712 4709/5982/4713
f 4707/5979/4711 4709/5982/4713 454/411/310 456/414/312
f 4707/5979/4711 456/414/312 477/5983/335 480/5984/338
f 4709/5982/4713 4708/5981/4712 4710/5985/4714 4711/5986/4715
f 4709/5982/4713 4711/5986/4715 455/412/311 454/411/310
f 4711/5986/4715 4710/5985/4714 292/5987/112 282/151/100
f 4711/5986/4715 282/151/100 281/150/99 455/412/311
f 4710/5988/4714 4712/5989/4716 279/144/96 292/166/112
f 4710/5988/4714 4708/5990/4712 4713/5991/4717 4712/5989/4716
f 4713/5991/4717 4697/5960/4701 4714/5992/4718 4712/5989/4716
f 4713/5991/4717 4708/5990/4712 4705/5974/4709 4703/5972/4707
f 4713/5991/4717 4703/5972/4707 4698/5961/4702 4697/5960/4701
f 4714/5992/4718 4694/5993/4698 275/138/92 274/137/91
f 4714/5992/4718 274/137/91 279/144/96 4712/5989/4716
f 4714/5992/4718 4697/5960/4701 4695/5959/4699 4694/5993/4698
f 4694/5955/4698 4693/5954/4697 4715/5994/4719 275/5995/92
f 4715/5994/4719 4716/5996/4720 735/870/650 946/5997/897
f 4715/5994/4719 946/5997/897 272/5998/88 275/5995/92
f 4715/5994/4719 4693/5954/4697 4692/5953/4696 4716/5996/4720
f 4716/5996/4720 744/5999/660 100/867/645 735/870/650
f 4716/5996/4720 4692/5953/4696 4717/6000/4721 744/5999/660
f 4717/6000/4721 4692/5953/4696 4690/5950/4694 4689/5949/4693
f 4717/6000/4721 4689/5949/4693 668/771/570 667/770/569
f 4717/6000/4721 667/770/569 666/6001/568 744/5999/660
f 4689/5949/4693 4685/5943/4689 4684/5942/4688 668/771/570
f 4684/5942/4688 4680/5934/4684 4679/5933/4683 4718/6002/4722
f 4684/5942/4688 4718/6002/4722 657/772/556 668/771/570
f 4718/6003/4722 4679/6004/4683 4719/6005/4723 4720/6006/4724
f 4718/6003/4722 4720/6006/4724 658/751/557 657/750/556
f 4720/6006/4724 4719/6005/4723 4721/6007/4725 4722/6008/4726
f 4720/6006/4724 4722/6008/4726 678/783/581 658/751/557
f 4722/6009/4726 4721/6010/4725 1065/1398/1041 1064/1397/1040
f 4722/6008/4726 1064/6011/1040 952/1215/904 678/783/581
f 4721/6007/4725 4719/6005/4723 569/4241/446 568/6012/445
f 4721/6010/4725 568/6013/445 572/6014/449 1065/1398/1041
f 4719/6005/4723 4679/6004/4683 3378/4235/3379 569/4241/446
f 4683/5941/4687 892/1110/834 3374/4230/3375 4678/5931/4682
f 3375/4231/3376 3371/4227/3372 3370/4226/3371 4677/6015/4681
f 3374/4230/3375 892/1110/834 891/1109/833 3369/4225/3370
f 3367/4223/3368 3366/4222/3367 4654/5904/4658 3370/4226/3371
f 3357/4212/3358 3338/4178/3339 3334/4174/3335 3333/4173/3334
f 3342/4182/3343 1365/4206/1365 1361/1787/1361 1360/1786/1360
f 3342/4182/3343 1360/1786/1360 3337/4177/3338 3336/4176/3337
f 3337/4177/3338 1360/1786/1360 1356/1780/1356 1355/1779/1355
f 3337/4177/3338 1355/1779/1355 3332/4172/3333 3331/4171/3332
f 3332/4172/3333 1355/1779/1355 1351/1775/1351 1350/1774/1350
f 3332/4172/3333 1350/1774/1350 3327/4167/3328 3326/4166/3327
f 3327/4167/3328 1350/1774/1350 1346/1770/1346 1345/1769/1345
f 3327/4167/3328 1345/1769/1345 3322/4162/3323 3321/4161/3322
f 3322/4162/3323 1345/1769/1345 1341/1765/1341 1340/1764/1340
f 3322/4162/3323 1340/1764/1340 3317/4157/3318 3316/4156/3317
f 3317/4157/3318 1340/1764/1340 1336/1760/1336 1335/1759/1335
f 3317/4157/3318 1335/1759/1335 3312/4152/3313 3311/4151/3312
f 3312/4152/3313 1335/1759/1335 1331/1755/1331 1330/1754/1330
f 3312/4152/3313 1330/1754/1330 3307/4147/3308 3306/4146/3307
f 3307/4147/3308 1330/1754/1330 1326/1750/1326 1325/1749/1325
f 3307/4147/3308 1325/1749/1325 3302/4142/3303 3301/4141/3302
f 3302/4142/3303 1325/1749/1325 1321/1745/1321 1320/1744/1320
f 3302/4142/3303 1320/1744/1320 3297/4137/3298 3296/4136/3297
f 3297/4137/3298 1320/1744/1320 1316/1740/1316 1315/1739/1315
f 3297/4137/3298 1315/1739/1315 3292/4132/3293 3291/4131/3292
f 3292/4132/3293 1315/1739/1315 1311/1735/1311 1310/1734/1310
f 3292/4132/3293 1310/1734/1310 3287/4127/3288 3286/4126/3287
f 3287/4127/3288 1310/1734/1310 1306/1730/1306 1305/1729/1305
f 3287/4127/3288 1305/1729/1305 3282/4122/3283 3281/4121/3282
f 3282/4122/3283 1305/1729/1305 1301/1725/1301 1300/1724/1300
f 3282/4122/3283 1300/1724/1300 3277/4117/3278 3276/4116/3277
f 3277/4117/3278 1300/1724/1300 1296/1719/1296 1295/1718/1295
f 3277/4117/3278 1295/1718/1295 3272/4112/3273 3271/4111/3272
f 3272/4112/3273 1295/1718/1295 1291/1717/1291 1290/6016/1290
f 3272/4112/3273 1290/6016/1290 3267/4107/3268 3266/4106/3267
f 3267/6017/3268 1290/1711/1290 1286/1707/1286 1285/1706/1285
f 3267/6017/3268 1285/1706/1285 3262/4099/3263 3261/4098/3262
f 3262/4099/3263 1285/1706/1285 1281/1702/1281 1280/1701/1280
f 3262/4099/3263 1280/1701/1280 3257/4094/3258 3256/4093/3257
f 3257/4094/3258 1280/1701/1280 1276/1697/1276 1275/1696/1275
f 3257/4094/3258 1275/1696/1275 3252/4089/3253 3251/4088/3252
f 3252/4089/3253 1275/1696/1275 1271/1692/1271 1270/1691/1270
f 3252/4089/3253 1270/1691/1270 3247/4084/3248 3246/4083/3247
f 3247/4084/3248 1270/1691/1270 1266/1687/1266 1265/1686/1265
f 3247/4084/3248 1265/1686/1265 3242/4079/3243 3241/4078/3242
f 3242/4079/3243 1265/1686/1265 1261/1682/1261 1260/1681/1260
f 3242/4079/3243 1260/1681/1260 3237/4074/3238 3236/4073/3237
f 3237/4074/3238 1260/1681/1260 1256/1677/1256 1255/1676/1255
f 3237/4074/3238 1255/1676/1255 3232/4069/3233 3231/4068/3232
f 3232/4069/3233 1255/1676/1255 1251/1672/1251 1250/1671/1250
f 3232/4069/3233 1250/1671/1250 3227/4064/3228 3226/4063/3227
f 3227/4064/3228 1250/1671/1250 1246/1667/1246 1245/1666/1245
f 3227/4064/3228 1245/1666/1245 3222/4059/3223 3221/4058/3222
f 3222/4059/3223 1245/1666/1245 1241/1662/1241 1240/1661/1240
f 3222/4059/3223 1240/1661/1240 3217/4054/3218 3216/4053/3217
f 3218/4055/3219 3214/4051/3215 3203/4038/3204 3201/4036/3202
f 3217/4054/3218 1240/1661/1240 1236/1657/1236 1235/1656/1235
f 3217/4054/3218 1235/1656/1235 3213/4050/3214 3212/4049/3213
f 3213/4050/3214 1235/1656/1235 1231/1651/1231 1230/1650/1230
f 3213/4050/3214 1230/1650/1230 3210/4047/3211 3209/4046/3210
f 3210/4047/3211 1230/1650/1230 1226/1649/1226 1212/6018/1213
f 3210/4047/3211 1212/6018/1213 200/6019/1209 1211/4044/1212
f 3136/3968/3137 2651/3367/2651 2649/3365/2649 2648/3364/2648
f 3098/3930/3099 3089/3918/3090 3082/3903/3083 3080/3901/3081
f 3052/3873/3053 3041/3862/3042 3037/3858/3038 3035/3856/3036
f 3020/3841/3021 3018/3839/3019 2655/3371/2655 2653/3369/2653
f 3016/3837/3017 2658/3374/2658 2656/3372/2656 2655/3371/2655
f 3014/3834/3015 2661/3377/2661 2659/3375/2659 2658/3374/2658
f 2978/3784/2979 2974/3777/2975 2973/3776/2974 2956/3755/2957
f 2978/3784/2979 2956/3755/2957 2954/3754/2955 2953/3831/2954
f 2973/3776/2974 2963/3763/2964 2961/3761/2962 2959/3759/2960
f 2973/3776/2974 2959/3759/2960 2957/3756/2958 2956/3755/2957
f 2923/3719/2924 2922/3718/2923 589/634/472 588/633/471
f 2903/3695/2904 2901/3692/2902 2879/3660/2880 2878/3659/2879
f 2901/3692/2902 2899/3686/2900 2880/3661/2881 2879/3660/2880
f 2899/3686/2900 2898/3685/2899 2882/3665/2883 2880/3661/2881
f 2898/3691/2899 2887/3673/2888 2884/3670/2885 2882/3669/2883
f 2894/3680/2895 2890/3676/2891 2888/3674/2889 2887/3673/2888
f 2875/3654/2876 2873/3652/2874 4723/6020/4727 2694/3419/2694
f 4723/6020/4727 4724/6021/4728 4725/6022/4729 2697/3422/2697
f 4723/6020/4727 2697/3422/2697 2695/3420/2695 2694/3419/2694
f 4723/6020/4727 2873/3652/2874 2871/3650/2872 4724/6021/4728
f 4725/6022/4729 4724/6021/4728 4726/6023/4730 4727/6024/4731
f 4725/6022/4729 4727/6024/4731 4728/6025/4732 4729/6026/4733
f 4725/6022/4729 4729/6026/4733 2698/3423/2698 2697/3422/2697
f 4729/6026/4733 4728/6025/4732 4730/6027/4734 4731/6028/4735
f 4729/6026/4733 4731/6028/4735 2699/3424/2699 2698/3423/2698
f 4731/6029/4735 4730/6030/4734 2848/3611/2849 4732/6031/4736
f 4731/6029/4735 4732/6031/4736 2701/3428/2701 2699/3427/2699
f 4732/6031/4736 2848/3611/2849 2847/3610/2848 2713/3441/2713
f 4732/6031/4736 2713/3441/2713 2709/3437/2709 2701/3428/2701
f 4730/6027/4734 4728/6025/4732 4733/6032/4737 2851/6033/2852
f 4730/6030/4734 2851/6034/2852 2849/3612/2850 2848/3611/2849
f 4733/6032/4737 4728/6025/4732 4727/6024/4731 4734/6035/4738
f 4733/6032/4737 4734/6035/4738 2861/3639/2862 2860/3638/2861
f 4733/6036/4737 2860/3641/2861 2852/3620/2853 2851/3619/2852
f 4734/6035/4738 4727/6024/4731 4726/6023/4730 2866/3645/2867
f 4734/6035/4738 2866/3645/2867 2863/3642/2864 2861/3639/2862
f 4726/6023/4730 4724/6021/4728 2871/3650/2872 2869/3648/2870
f 4726/6023/4730 2869/3648/2870 2867/3646/2868 2866/3645/2867
f 2847/3610/2848 2718/3618/2718 2714/3442/2714 2713/3441/2713
f 2845/3607/2846 2723/3454/2723 2719/3450/2719 2718/3449/2718
f 2844/3606/2845 348/247/177 346/244/174 2840/3602/2841
f 2841/3603/2842 2728/3459/2728 2724/3455/2724 2723/3454/2723
f 2838/3600/2839 2731/3462/2731 2729/3460/2729 2728/3459/2728
f 2836/3598/2837 2829/3591/2830 2828/3590/2829 629/695/519
f 2836/3598/2837 629/695/519 628/694/518 2731/3462/2731
f 2828/3590/2829 2827/6037/4739 4776/673/504 629/695/519
f 2827/6037/4739 2826/3589/2828 616/674/505 4776/673/504
f 2826/3589/2828 625/688/515 4735/6038/4740 616/674/505
f 4735/6039/4740 625/6040/515 624/693/514 4736/6041/4741
f 4735/6039/4740 4736/6041/4741 4737/6042/4742 4738/6043/4743
f 4735/6038/4740 4738/6044/4743 617/675/506 616/674/505
f 4738/6043/4743 4737/6042/4742 720/6045/630 719/6046/629
f 4738/6044/4743 719/6047/629 618/3467/507 617/675/506
f 4737/6042/4742 4736/6041/4741 1105/1466/1088 1104/1465/1087
f 4737/6042/4742 1104/1465/1087 976/6048/934 720/6045/630
f 4736/6041/4741 624/693/514 627/692/517 1105/1466/1088
f 2767/3521/2767 2764/3506/2764 2763/3505/2763 600/651/483
f 2753/3493/2753 2750/3492/2750 2748/3481/2748 2747/3480/2747
f 2705/3433/2705 2678/3487/2678 2677/3407/2677 2683/3406/2683
f 2590/3301/2590 2588/3299/2588 2349/2970/2349 2348/2969/2348
f 2588/3299/2588 2354/2980/2354 2351/2974/2351 2349/2970/2349
f 2586/3297/2586 2360/2992/2360 2356/2982/2356 2355/2981/2355
f 2569/3280/2569 2568/3279/2568 2508/3206/2508 2507/3205/2507
f 2568/3279/2568 2564/3275/2564 2516/3217/2516 2514/3214/2514
f 2568/3279/2568 2514/3214/2514 2510/3208/2510 2508/3206/2508
f 2560/3271/2560 2519/3224/2519 2517/3218/2517 2516/3217/2516
f 2556/6049/2556 2523/3230/2523 2520/3227/2520 2519/6050/2519
f 2552/3259/2552 2526/3233/2526 2524/3231/2524 2523/3230/2523
f 2548/3255/2548 2530/3237/2530 2527/3234/2527 2526/3233/2526
f 2503/3201/2503 2372/3008/2372 2370/3006/2370 2369/3005/2369
f 2481/3149/2481 976/6048/934 1104/1465/1087 1103/1464/1086
f 2475/3142/2475 2474/3141/2474 259/6051/72 258/110/71
f 2474/3141/2474 4739/6052/4744 2390/3039/2390 259/6051/72
f 2474/3141/2474 2472/3139/2472 2471/3138/2471 4739/6052/4744
f 4739/6052/4744 2393/3043/2393 2391/3040/2391 2390/3039/2390
f 4739/6052/4744 2471/3138/2471 2395/3045/2395 2393/3043/2393
f 2471/3138/2471 2469/3136/2469 4740/6053/4745 2395/3045/2395
f 4740/6053/4745 2399/3049/2399 2396/3046/2396 2395/3045/2395
f 4740/6053/4745 2469/3136/2469 2467/3134/2467 4741/6054/4746
f 4740/6053/4745 4741/6054/4746 4742/6055/4747 2399/3049/2399
f 4742/6055/4747 2404/3054/2404 2400/3050/2400 2399/3049/2399
f 4742/6055/4747 4741/6054/4746 2458/3120/2458 2456/3118/2456
f 4742/6055/4747 2456/3118/2456 2454/3116/2454 2404/3054/2404
f 4741/6054/4746 2467/3134/2467 2460/3122/2460 2458/3120/2458
f 2454/3116/2454 2407/3057/2407 2405/3055/2405 2404/3054/2404
f 2449/6056/2449 2447/6057/2447 2418/3068/2418 2413/3063/2413
f 2449/6056/2449 2413/3063/2413 2410/3060/2410 2409/3059/2409
f 2447/6057/2447 2445/6058/2445 2419/3069/2419 2418/3068/2418
f 2445/6058/2445 2443/6059/2443 4743/6060/4748 2419/3069/2419
f 4743/6060/4748 2423/3073/2423 2420/3070/2420 2419/3069/2419
f 4743/6060/4748 2443/6059/2443 2435/3085/2435 2433/3083/2433
f 4743/6060/4748 2433/3083/2433 2431/3081/2431 2423/3073/2423
f 2431/3081/2431 2428/3078/2428 2424/3074/2424 2423/3073/2423
f 2427/6061/2427 805/976/734 792/975/720 791/6062/719
f 2427/3077/2427 791/954/719 790/953/718 2422/3072/2422
f 2427/6061/2427 2426/6063/2426 784/946/711 805/976/734
f 2426/6063/2426 1160/6064/1152 785/947/712 784/946/711
f 2412/3062/2412 794/957/722 4744/6065/4749 2403/3053/2403
f 4744/6065/4749 794/957/722 793/956/721 801/970/730
f 4744/6065/4749 801/970/730 31/132/84 355/255/185
f 4744/6065/4749 355/255/185 2398/3048/2398 2403/3053/2403
f 2390/3039/2390 2388/3038/2388 255/6066/68 259/6051/72
f 2388/3038/2388 2387/6067/2387 256/6068/69 255/6066/68
f 2387/3032/2387 249/90/61 254/6069/66 256/6070/69
f 2383/3022/2383 4745/6071/4750 247/80/57 246/79/56
f 2383/3026/2383 268/124/82 270/128/85 4745/6072/4750
f 4745/6071/4750 804/6073/733 807/978/736 247/80/57
f 4745/6072/4750 270/128/85 115/971/729 804/974/733
f 2379/3017/2379 2378/3016/2378 253/6074/65 252/3019/64
f 2290/4455/2290 1905/6075/1905 1903/2428/1903 1902/2427/1902
f 2288/2904/2288 2286/2902/2286 2276/2892/2276 4746/6076/4751
f 2288/2904/2288 4746/6076/4751 4747/6077/4752 1914/2444/1914
f 2288/2904/2288 1914/2444/1914 1912/2442/1912 1911/2441/1911
f 4747/6077/4752 4746/6076/4751 2271/2887/2271 4748/6078/4753
f 4747/6077/4752 4748/6078/4753 4749/6079/4754 1917/2447/1917
f 4747/6077/4752 1917/2447/1917 1915/2445/1915 1914/2444/1914
f 4749/6079/4754 4748/6078/4753 2266/2882/2266 4750/6080/4755
f 4749/6079/4754 4750/6080/4755 4751/6081/4756 1920/2450/1920
f 4749/6079/4754 1920/2450/1920 1918/2448/1918 1917/2447/1917
f 4751/6081/4756 4750/6080/4755 2261/2877/2261 4752/6082/4757
f 4751/6081/4756 4752/6082/4757 4753/6083/4758 1923/2453/1923
f 4751/6081/4756 1923/2453/1923 1921/2451/1921 1920/2450/1920
f 4753/6083/4758 4752/6082/4757 2256/2872/2256 4754/6084/4759
f 4753/6083/4758 4754/6084/4759 4755/6085/4760 1926/2456/1926
f 4753/6083/4758 1926/2456/1926 1924/2454/1924 1923/2453/1923
f 4755/6085/4760 4754/6084/4759 2251/2867/2251 4756/6086/4761
f 4755/6085/4760 4756/6086/4761 1931/2461/1931 1929/2459/1929
f 4755/6085/4760 1929/2459/1929 1927/2457/1927 1926/2456/1926
f 4756/6086/4761 2251/2867/2251 2247/2863/2247 2246/2862/2246
f 4756/6086/4761 2246/2862/2246 1933/2463/1933 1931/2461/1931
f 4754/6084/4759 2256/2872/2256 2252/2868/2252 2251/2867/2251
f 4752/6082/4757 2261/2877/2261 2257/2873/2257 2256/2872/2256
f 4750/6080/4755 2266/2882/2266 2262/2878/2262 2261/2877/2261
f 4748/6078/4753 2271/2887/2271 2267/2883/2267 2266/2882/2266
f 4746/6076/4751 2276/2892/2276 2272/2888/2272 2271/2887/2271
f 2246/2862/2246 2242/2858/2242 1935/2465/1935 1933/2463/1933
f 2238/2854/2238 1938/2468/1938 1936/2466/1936 1935/2465/1935
f 2228/2844/2228 2227/2843/2227 1031/2956/1001 1030/6087/1000
f 2228/2844/2228 1030/6087/1000 1043/6088/1014 1042/1360/1013
f 2053/2605/2053 1947/2477/1947 1945/2475/1945 1944/2474/1944
f 2022/2565/2022 2018/2561/2018 397/322/243 396/321/242
f 2014/2557/2014 2013/2556/2013 1113/1476/1098 1112/1475/1097
f 2014/2557/2014 1112/1475/1097 1117/1480/1102 2007/2550/2007
f 1986/2516/1986 1983/2513/1983 1979/2509/1979 1978/2508/1978
f 1964/2494/1964 1957/2487/1957 1955/2485/1955 1954/2484/1954
f 1894/2419/1894 1893/2418/1893 237/62/44 236/61/43
f 1893/2418/1893 1704/2215/1704 1702/2213/1702 237/62/44
f 1883/2408/1883 1879/2404/1879 1878/2403/1878 1734/2250/1734
f 1883/2408/1883 1734/2250/1734 1732/2248/1732 1731/2247/1731
f 1878/2403/1878 1874/2399/1874 1873/2398/1873 1737/2253/1737
f 1878/2403/1878 1737/2253/1737 1735/2251/1735 1734/2250/1734
f 1873/2398/1873 1869/2394/1869 1868/2393/1868 1740/2256/1740
f 1873/2398/1873 1740/2256/1740 1738/2254/1738 1737/2253/1737
f 1868/2393/1868 1864/2389/1864 1863/2388/1863 1743/2259/1743
f 1868/2393/1868 1743/2259/1743 1741/2257/1741 1740/2256/1740
f 1863/2388/1863 1859/2383/1859 1858/2382/1858 1746/2262/1746
f 1863/2388/1863 1746/2262/1746 1744/2260/1744 1743/2259/1743
f 1858/2382/1858 1854/2381/1854 1853/6089/1853 1749/2265/1749
f 1858/2382/1858 1749/2265/1749 1747/2263/1747 1746/2262/1746
f 1853/2375/1853 1849/2371/1849 1848/2370/1848 1752/2270/1752
f 1853/6089/1853 1752/6090/1752 1750/2266/1750 1749/2265/1749
f 1848/2370/1848 1844/2366/1844 1843/2365/1843 1755/2274/1755
f 1848/2370/1848 1755/2274/1755 1753/2271/1753 1752/2270/1752
f 1843/2365/1843 1839/2361/1839 1838/2360/1838 1758/2277/1758
f 1843/2365/1843 1758/2277/1758 1756/2275/1756 1755/2274/1755
f 1838/2360/1838 1834/2356/1834 1833/2355/1833 1761/2280/1761
f 1838/2360/1838 1761/2280/1761 1759/2278/1759 1758/2277/1758
f 1833/2355/1833 1829/2351/1829 1828/2350/1828 1764/2283/1764
f 1833/2355/1833 1764/2283/1764 1762/2281/1762 1761/2280/1761
f 1828/2350/1828 1824/2346/1824 1823/2345/1823 1767/2286/1767
f 1828/2350/1828 1767/2286/1767 1765/2284/1765 1764/2283/1764
f 1827/2349/1827 696/808/602 695/807/601 1822/2344/1822
f 1823/2345/1823 1820/2342/1820 1819/2341/1819 1770/2289/1770
f 1823/2345/1823 1770/2289/1770 1768/2287/1768 1767/2286/1767
f 1819/2341/1819 1817/2339/1817 4757/6091/4762 1773/2292/1773
f 1819/2341/1819 1773/2292/1773 1771/2290/1771 1770/2289/1770
f 4757/6091/4762 1817/2339/1817 1815/2337/1815 1814/2336/1814
f 4757/6091/4762 1814/2336/1814 1778/2297/1778 1776/2295/1776
f 4757/6091/4762 1776/2295/1776 1774/2293/1774 1773/2292/1773
f 1814/2336/1814 1810/2332/1810 1780/2299/1780 1778/2297/1778
f 1725/2241/1725 1723/2239/1723 1712/2223/1712 1711/2222/1711
f 1697/2208/1697 205/4438/3544 4/25/17 218/28/20
f 1686/2195/1686 1683/2190/1683 226/40/30 221/32/24
f 1663/2161/1663 1659/2153/1659 1656/2146/1656 1654/2145/1654
f 1605/2081/1605 1604/2080/1604 470/434/327 469/433/326
f 1604/2080/1604 1597/2073/1597 471/435/328 470/434/327
f 1597/2073/1597 1392/2072/1392 1389/6092/1389 471/435/328
f 1568/2029/1568 754/905/672 753/904/671 1565/2026/1565
f 1562/2023/1562 1561/2022/1561 751/902/669 759/910/677
f 1389/6092/1389 1388/6093/1388 462/436/319 471/435/328
f 1381/1812/1381 1380/1811/1380 447/402/302 446/401/301
f 1200/3145/1199 263/109/76 262/108/75 1198/1607/1197
f 1172/1575/1166 1106/1467/1089 627/692/517 626/691/516
f 1161/1551/1153 1148/1534/1139 1140/1533/1129 1139/1552/1128
f 1158/1545/1150 1034/1547/1004 1023/1332/992 1026/1331/996
f 1157/2991/1149 781/939/704 780/938/703 1154/6094/1146
f 1155/6095/1147 788/950/715 4758/6096/4763 1152/6097/1144
f 1155/6098/1147 1154/6094/1146 780/938/703 779/937/702
f 1155/6098/1147 779/937/702 786/6099/713 788/6100/715
f 4758/6096/4763 1138/1514/1127 1142/1523/1132 1141/1522/1131
f 4758/6096/4763 1141/1522/1131 1145/6101/1135 1152/6097/1144
f 4758/6096/4763 788/950/715 783/944/709 1138/1514/1127
f 1128/1497/1116 1097/1455/1079 176/1454/1077 1102/1462/1084
f 1126/1494/1113 1125/1493/1112 1093/1445/1074 1098/6102/1080
f 1125/1493/1112 181/1491/1110 1084/1431/1064 1083/1430/1063
f 1125/1493/1112 1083/1430/1063 1094/1446/1075 1093/1445/1074
f 1120/1485/1106 1119/1484/1105 402/328/249 401/327/248
f 1119/6103/1105 488/461/348 416/460/267 415/6104/266
f 1119/6105/1105 415/348/266 405/333/252 402/332/249
f 1098/6102/1080 1093/1445/1074 1069/1403/1046 1073/1411/1051
f 1095/6106/1076 1094/1446/1075 1083/1430/1063 1079/1429/1059
f 1092/5620/1073 636/709/528 635/708/527 1088/6107/1069
f 1089/1438/1070 1088/1437/1069 635/706/527 634/705/526
f 1068/1401/1044 1066/1399/1042 4759/6108/4764 4760/6109/4765
f 1068/6110/1044 4760/6111/4765 4761/6112/4766 4762/6113/4767
f 1068/1401/1044 4762/6114/4767 926/1169/873 925/1168/872
f 4762/6113/4767 4761/6112/4766 558/1133/432 904/1132/849
f 4762/6114/4767 904/1141/849 907/1140/852 926/1169/873
f 4761/6112/4766 4760/6111/4765 4763/6115/4768 560/589/435
f 4761/6112/4766 560/589/435 559/588/433 558/1133/432
f 4763/6115/4768 4760/6111/4765 4759/6116/4764 566/597/442
f 4763/6115/4768 566/597/442 69/593/438 565/596/441
f 4763/6115/4768 565/596/441 561/590/436 560/589/435
f 4759/6108/4764 1066/1399/1042 1065/1398/1041 572/6014/449
f 4759/6116/4764 572/604/449 567/598/443 566/597/442
f 1067/6117/1043 4764/6118/4769 1053/1374/1025 1052/1373/1024
f 1067/6119/1043 924/1173/871 927/1172/874 4764/6120/4769
f 4764/6118/4769 1060/1385/1034 1059/1384/1033 1053/1374/1025
f 4764/6120/4769 927/1172/874 4765/6121/4770 1060/6122/1034
f 4765/6121/4770 1058/6123/1032 1055/6124/1029 1060/6122/1034
f 4765/6121/4770 927/1172/874 921/1171/868 933/1184/881
f 4765/6121/4770 933/1184/881 932/1183/880 1058/6123/1032
f 1064/1397/1040 170/1396/1039 955/1221/907 952/1220/904
f 1063/1392/1038 1061/6125/1035 1054/6126/1027 1057/1393/1031
f 1063/1392/1038 1062/1391/1037 4766/6127/4771 1051/1370/1023
f 1063/1392/1038 1051/1370/1023 1050/1369/1022 1061/6125/1035
f 4766/6127/4771 1062/1391/1037 930/1395/878 929/6128/877
f 4766/6129/4771 929/1176/877 915/1151/861 914/1150/860
f 4766/6127/4771 914/1156/860 917/1155/863 1051/1370/1023
f 1061/1388/1035 1050/1375/1022 1053/1374/1025 1059/1384/1033
f 1058/1382/1032 932/1181/880 931/1180/879 1056/1380/1030
f 1134/1509/1123 3800/6130/3802 833/6131/763 832/1510/762
f 1006/1301/971 819/990/748 119/989/747 838/1024/769
f 153/1276/950 991/1278/952 1982/2512/1982 2181/2777/2181
f 2183/2779/2183 153/1276/950 2181/2777/2181 2180/2776/2180
f 2181/2777/2181 1982/2512/1982 410/341/259 409/340/258
f 990/1277/951 4767/6132/4772 988/1274/948 987/1273/947
f 982/6133/941 981/6134/940 374/285/213 223/35/26
f 982/6133/941 223/35/26 222/34/25 151/6135/232
f 979/1258/938 722/843/632 972/1248/929 971/1247/928
f 970/1244/927 856/1053/791 840/1027/772 967/1240/923
f 968/1241/924 967/1240/923 840/1027/772 839/1026/771
f 947/1208/898 141/1204/895 101/875/649 738/877/654
f 141/6136/895 946/5997/897 735/870/650 101/869/649
f 933/6137/881 921/1162/868 920/1161/867 928/1175/876
f 929/1176/877 928/1175/876 920/1161/867 915/1151/861
f 923/1165/870 918/1158/864 916/1157/862 919/1166/866
f 920/1161/867 919/1160/866 916/1152/862 915/1151/861
f 903/1130/848 337/1129/847 336/237/167 341/236/166
f 903/6138/848 341/6139/166 331/228/158 334/232/162
f 890/5971/832 880/1094/822 879/1087/818 878/1086/817
f 884/1098/826 479/5978/337 481/6140/339 883/1097/825
f 883/1097/825 481/6140/339 876/1088/819 879/1087/818
f 131/6141/815 876/6142/819 481/450/339 474/449/332
f 870/1075/809 869/1074/808 859/1057/795 858/1056/794
f 810/3555/2797 813/983/741 117/982/740 817/987/745
f 808/980/738 241/67/49 240/66/48 806/977/735
f 807/978/736 806/977/735 240/66/48 247/80/57
f 807/978/736 804/6073/733 803/6143/732 782/941/706
f 805/976/734 784/946/711 111/942/707 802/972/731
f 803/6143/732 787/6144/714 778/936/701 782/941/706
f 803/973/732 802/972/731 111/942/707 787/949/714
f 801/6145/730 115/971/729 270/128/85 31/127/84
f 800/968/728 406/334/253 405/333/252 414/347/265
f 787/6144/714 786/6099/713 779/937/702 778/936/701
f 770/927/692 769/926/691 487/458/347 484/454/343
f 769/926/691 768/925/690 499/476/359 487/458/347
f 760/2152/678 651/740/549 656/744/553 758/2237/676
f 743/889/659 742/888/658 277/142/94 276/141/93
f 742/888/658 741/887/657 280/6146/97 277/142/94
f 726/850/637 675/780/578 544/547/415 543/546/414
f 724/846/634 618/3467/507 719/6047/629 97/845/628
f 713/830/622 712/829/621 610/663/494 609/662/493
f 708/6147/616 4768/6148/4773 4769/6149/4774 706/6150/613
f 4769/6151/4774 707/821/614 706/820/613
f 675/780/578 673/778/576 549/6152/421 544/547/415
f 673/778/576 662/758/564 661/757/563 549/6152/421
f 665/764/567 64/559/409 549/6152/421 661/757/563
f 655/743/552 654/745/554 366/273/203 365/272/202
f 654/745/554 644/724/539 83/721/191 366/273/203
f 654/745/554 653/742/551 642/747/536 644/724/539
f 646/728/541 645/727/540 641/717/535 640/716/534
f 645/725/540 644/724/539 642/747/536 641/6153/535
f 565/596/441 564/595/440 562/591/437 561/590/436
f 512/494/376 508/493/375 507/6154/370 506/5006/369
f 504/483/366 501/480/363 43/349/262 417/352/268
f 501/480/363 188/479/362 412/6155/263 43/349/262
f 492/6156/352 491/471/351 483/2530/342 482/6157/341
f 478/4204/336 477/5983/335 456/414/312 450/406/306
f 468/6158/325 298/180/119 300/179/121 465/428/322
f 468/6158/325 464/6159/321 452/409/308 4770/6160/4775
f 468/6158/325 4770/6160/4775 299/6161/120 298/180/119
f 4770/6160/4775 452/409/308 451/408/307 284/6162/103
f 4770/6160/4775 284/6162/103 283/6163/102 299/6161/120
f 464/6159/321 463/6164/320 453/410/309 452/409/308
f 461/422/317 460/421/316 444/6165/299 443/4205/298
f 461/422/317 449/405/305 448/404/304 458/419/314
f 459/1823/315 458/6166/314 448/418/304 457/417/313
f 455/412/311 281/150/99 284/154/103 451/413/307
f 439/388/293 382/302/225 381/301/224 377/293/219
f 439/388/293 377/293/219 376/292/218 437/389/291
f 381/301/224 386/307/229 378/294/220 377/293/219
f 372/283/211 67/266/196 364/270/200 373/284/212
f 386/307/229 373/284/212 364/270/200 378/294/220
f 341/6139/166 340/6167/165 332/229/159 331/228/158
f 310/194/132 313/197/135 316/201/139 23/200/138
f 310/194/132 23/200/138 320/205/143 311/195/133
f 299/176/120 283/6168/102 285/6169/105 295/172/116
f 296/173/117 295/172/116 285/6169/105 294/6170/114
f 292/166/112 279/144/96 278/143/95 289/167/109
f 290/162/110 289/161/109 278/148/95 280/147/97
f 215/6171/15 209/6172/8 203/3/3 208/6/6
f 209/6172/8 206/6173/7 204/4/4 203/3/3
f 4773/6174/198 4774/6175/430 363/6176/199
f 56/484/367 507/487/370 508/6177/375
f 77/665/496 607/668/499 608/661/492 79/664/495
f 828/4826/3809 829/4825/3808 830/6178/766
f 27/230/160 332/229/159 340/6167/165 28/219/150
f 122/6179/761 121/998/754 826/1002/757
f 816/986/744 118/656/487 602/655/486
f 350/6180/179 199/6181/181 349/6182/178
f 2831/3593/2832 2830/3592/2831 2834/3596/2835
f 2827/6037/4739 2828/3590/2829 2831/3593/2832
f 2824/3588/2826 2826/3589/2828 2827/6037/4739
f 626/691/516 78/690/510 623/6183/513
f 4767/6132/4772 990/1277/951 153/1276/950 2183/2779/2183
f 983/1269/943 152/1268/942 988/1274/948
f 1222/1638/1222 1221/1637/1221 1493/1948/1493 1495/1950/1495
f 1214/6184/1215 1213/1639/1214 1219/1635/1219 1222/1638/1222
f 1209/1623/1210 200/1622/1209 1214/1628/1215
f 3200/6185/3201 3202/6186/3203 3204/6187/3205
f 3075/3896/3076 3074/3895/3075 3155/3987/3156 3076/3897/3077
f 1178/6188/1173 193/6189/1167 1177/6190/1172
f 623/6191/513 2964/3765/2965 2969/3770/2970
f 1215/6192/1217 201/6193/1216 1216/6194/1217
f 33/262/192 361/265/195 365/272/202 34/271/201
f 368/391/205 37/295/217 363/578/199 66/577/190
f 37/291/217 378/294/220 364/270/200 363/269/199
f 4774/6175/430 4773/6174/198 67/6195/196 33/6196/192
f 4774/6197/430 33/6198/192 32/256/186 358/259/189
f 34/6199/201 47/6200/206 368/6201/205
f 34/6199/201 368/6201/205 32/256/186
f 34/6199/201 32/256/186 33/6198/192
f 32/256/186 368/6201/205 66/260/190
f 386/307/229 375/306/214 374/6202/213 373/284/212
f 374/6202/213 981/6203/940 35/279/207 373/284/212
f 3795/6204/3797 3797/6205/3799 4780/6206/4776 4779/6207/4777
f 3800/6130/3802 1134/1509/1123 4780/6206/4776 3797/6205/3799
f 4779/6207/4777 4780/6206/4776 1134/1509/1123 3631/4569/3633
f 3635/4574/3637 3795/6204/3797 4779/6207/4777 3631/4569/3633
f 4654/5904/4658 3394/4272/3395 3393/4271/3394
f 4654/5904/4658 3393/4271/3394 4676/5927/4680
f 4654/5904/4658 4676/5927/4680 4677/6015/4681
f 4654/5904/4658 4677/6015/4681 3370/4226/3371
f 709/6208/618 95/6209/617 811/6210/4778
f 95/825/617 713/830/622 812/3556/2798 811/6211/4778
f 602/655/486 76/654/485 606/660/491 2815/6212/2817
f 606/660/491 605/659/490 2811/3571/2813 2815/6212/2817
f 2220/6213/2220 777/934/699 773/930/695
f 2220/6213/2220 2219/2828/2219 2218/2827/2218 777/934/699
f 1794/2315/1794 1793/2314/1793 94/819/609 1218/1634/1218
f 94/819/609 202/822/615 1218/1634/1218
f 3192/6214/3193 3194/6215/3195 3196/6216/3197 3198/6217/3199
f 3192/6214/3193 3191/6218/3192 3194/6215/3195
f 1/6219/1 204/6220/4 206/8/7 2/7/2
f 7/60/42 217/27/19 4772/26/18 8/59/41
f 336/237/167 337/1129/847 338/582/431 4771/581/169
f 810/3555/2797 817/987/745 811/6211/4778 812/3556/2798
f 4781/6221/4779 4782/6222/4780 4783/6223/4781 4784/6224/4782
f 4781/6221/4779 4785/6225/4783 4786/6226/4784 4782/6222/4780
f 4781/6221/4779 4784/6224/4782 4787/6227/4785 4785/6225/4783
f 4787/6227/4785 4788/6228/4786 4789/6229/4787 4790/6230/4788
f 4787/6227/4785 4790/6230/4788 4791/6231/4789 4785/6225/4783
f 4787/6227/4785 4784/6224/4782 4792/6232/4790 4788/6228/4786
f 4792/6232/4790 4793/6233/4791 4794/6234/4792 4788/6228/4786
f 4792/6232/4790 4784/6224/4782 4783/6223/4781 4795/6235/4793
f 4792/6232/4790 4795/6235/4793 4796/6236/4794 4793/6233/4791
f 4796/6236/4794 4797/6237/4795 4798/6238/4796 4793/6233/4791
f 4798/6238/4796 4799/6239/4797 4794/6234/4792 4793/6233/4791
f 4799/6239/4797 4800/6240/4798 4801/6241/4799 4794/6234/4792
f 4801/6241/4799 4789/6229/4787 4788/6228/4786 4794/6234/4792
f 4791/6231/4789 4802/6242/4800 4786/6226/4784 4785/6225/4783
f 4782/6222/4780 4786/6226/4784 4802/6242/4800
